text,label
keep thinking commute would be easier if i wasnt around. not planning anything. just tired of existing tonight. lol,self.SuicideWatch
"I need to put this somewhere before it only lives in my head. For days around money I have had waves of not wanting to be here. They are thoughts, not a plan, and that distinction matters to me. Still, the heaviness makes ordinary life feel unreachable. I have told a friend I am struggling and I am trying to stay with people tonight. I want support more than I want those thoughts to win. Please treat this as distress that needs care pathways, not as something to analyse clinically. I will reach out further if the wave gets worse. Lately, I replay awkward moments until they feel larger than they were I keep thinking I made everything harder for people around me. Some nights, I snap over tiny things and then feel worse. On top of that, I know what I should do next but my body will not start I feel parked between who I was and whoever comes next. Some nights, relief and dread take turns without asking I am grateful for small kindnesses and still tense underneath. Meanwhile, I am angry that I have to carry this alone. Honestly, one stretch I barely sleep and ideas pile up too fast friends notice I flip between wired and wiped. Honestly, I am grateful for small kindnesses and still tense underneath I can laugh at a meme and feel hollow five minutes later. Some nights, I feel parked between who I was and whoever comes next. Honestly, weekends stretch out and I pretend I planned to be alone rooms feel louder when nobody texts back. Honestly, I replay awkward moments until they feel larger than they were. Meanwhile, today was lighter than yesterday and that surprised me. Honestly, I am angry that I have to carry this alone.",self.SuicideWatch
if i vanished would the flat even notice that thought scares me a bit trying not to spiral alone idk,self.SuicideWatch
just need to vent about my room. annoying week nothing deep.,self.offmychest
heart racing before messages again. worst case playlist on loop.,self.Anxiety
"I need to put this somewhere before it only lives in my head. For days around the weekend I have had waves of not wanting to be here. They are thoughts, not a plan, and that distinction matters to me. Still, the heaviness makes ordinary life feel unreachable. I have told a friend I am struggling and I am trying to stay with people tonight. I want support more than I want those thoughts to win. Please treat this as distress that needs care pathways, not as something to analyse clinically. I will reach out further if the wave gets worse. Lately, shame shows up when I cancel plans again. In the mornings, plans sit in notes apps untouched for weeks I feel parked between who I was and whoever comes next. Meanwhile, I keep thinking I made everything harder for people around me. When I try to explain it, I keep replaying the last conversation like I can edit it. On top of that, emotions arrive late or not at all. On top of that, I miss having someone who just checks in without being asked. In the mornings, weekends stretch out and I pretend I planned to be alone. On top of that, I snap over tiny things and then feel worse. Meanwhile, today was lighter than yesterday and that surprised me I am not fixed but I can see a thinner path forward. On top of that, I scroll through chats and put my phone down again. Some nights, I keep thinking I made everything harder for people around me shame shows up when I cancel plans again. On top of that, friends notice I flip between wired and wiped. Meanwhile, some days I miss the person, some days I miss who I was with them I still flinch when their name shows up somewhere random.",self.SuicideWatch
"Tonight the hopelessness around home is loud. I am not making a plan and I do not want to describe anything graphic — I just keep having thoughts about not wanting to continue, then they ebb. I am staying somewhere safe and telling myself to get through the next hour. Writing this is me choosing help over silence. If it worsens I will contact a support line. Lately, I can laugh at a meme and feel hollow five minutes later. Honestly, I go through the motions and feel buffered from myself emotions arrive late or not at all. On top of that, music that used to hit does nothing I go through the motions and feel buffered from myself. On top of that, I keep thinking I made everything harder for people around me. In the mornings, some days I miss the person, some days I miss who I was with them I still flinch when their name shows up somewhere random.",self.SuicideWatch
i feel trapped by messages. Ideation comes in waves. Writing this so it is not only in my head. I want help more than I want to act on those thoughts. yeah,self.SuicideWatch
money has me drained. chest feels tight some nights then i feel nothing next morning. feels stupid writing this,self.depression
"My body treats this term like a threat even when nothing has gone wrong yet. Chest tight, jaw locked, brain running disaster scripts. I check messages repeatedly, then feel embarrassed about checking. Sleep is shallow because I rehearse conversations at 2am. I cancel social things to avoid the spiral, which makes next week worse. This is not a diagnosis request — I want a clear reflection that this is worry and bodily tension piling up, and some gentle next steps. Some nights, irritation sits under my skin like static I am angry that I have to carry this alone. When I try to explain it, irritation sits under my skin like static I snap over tiny things and then feel worse. On top of that, I feel parked between who I was and whoever comes next. Lately, I catch myself writing messages I never send some days I miss the person, some days I miss who I was with them.",self.Anxiety
I feel trapped by my mates. Ideation comes in waves. Writing this so it is not only in my head. I want help more than I want to act on those thoughts.,self.SuicideWatch
sleep returned with a crash while dealing with deadlines mood followed it down feels stupid writing this,self.depression
"This is a long vent about family and the pile of ordinary human feelings that came with it. Heartbreak from a friendship cooling off, loneliness on Sundays, stress about money, then a surprising afternoon where I felt genuinely happy walking home. I also feel stuck about next steps and a little ashamed that small things rattled me. Mixed feelings are the point: anger one hour, soft hope the next. I do not want clinical language — I want acknowledgement that dumping this out is allowed, plus gentle support options if I want them later. Tomorrow I will try again; tonight I just needed somewhere to put the words. Lately, I keep thinking I made everything harder for people around me I replay awkward moments until they feel larger than they were. Also, I know what I should do next but my body will not start. Meanwhile, shame shows up when I cancel plans again I replay awkward moments until they feel larger than they were. Honestly, I finished something small and felt a real spark of pride I am not fixed but I can see a thinner path forward. Also, I am grateful for small kindnesses and still tense underneath relief and dread take turns without asking. Meanwhile, I finished something small and felt a real spark of pride. Also, I replay awkward moments until they feel larger than they were I keep thinking I made everything harder for people around me. Lately, shame shows up when I cancel plans again I replay awkward moments until they feel larger than they were. When I try to explain it, relief and dread take turns without asking I am grateful for small kindnesses and still tense underneath. On top of that, weekends stretch out and I pretend I planned to be alone rooms feel louder when nobody texts back. Honestly, I am angry that I have to carry this alone. Honestly, friends notice I flip between wired and wiped. Lately, I can laugh at a meme and feel hollow five minutes later. Lately, hope shows up briefly then I talk myself out of it.",self.offmychest
group chat stressed me out and now i feel weirdly empty after venting to no one. probably fine. idk,self.offmychest
"This is a long vent about the flat and the pile of ordinary human feelings that came with it. Heartbreak from a friendship cooling off, loneliness on Sundays, stress about money, then a surprising afternoon where I felt genuinely happy walking home. I also feel stuck about next steps and a little ashamed that small things rattled me. Mixed feelings are the point: anger one hour, soft hope the next. I do not want clinical language — I want acknowledgement that dumping this out is allowed, plus gentle support options if I want them later. Tomorrow I will try again; tonight I just needed somewhere to put the words. Honestly, I catch myself writing messages I never send I keep replaying the last conversation like I can edit it. Some nights, weekends stretch out and I pretend I planned to be alone. In the mornings, I snap over tiny things and then feel worse. On top of that, I catch myself writing messages I never send I keep replaying the last conversation like I can edit it. Also, I replay awkward moments until they feel larger than they were. In the mornings, I know what I should do next but my body will not start forward motion feels fake even when I force a routine. When I try to explain it, rooms feel louder when nobody texts back weekends stretch out and I pretend I planned to be alone. Lately, I replay awkward moments until they feel larger than they were. In the mornings, I keep replaying the last conversation like I can edit it some days I miss the person, some days I miss who I was with them. Lately, I am angry that I have to carry this alone. In the mornings, I know what I should do next but my body will not start. Honestly, appetite focus and spending change with the swings. Some nights, talking to a friend helped more than I expected. On top of that, I miss having someone who just checks in without being asked I scroll through chats and put my phone down again.",self.offmychest
i keep typing then deleting started my course projects at 2am felt unstoppable wired. friends say i flip too quick ...,self.Anxiety
"Motivation for my course disappeared. I sleep odd hours, leave messages unread, and feel heavy without a clear reason.",self.depression
two days buzzing about sleep barely sleeping brain wont sit still,self.Anxiety
"hopelessness around money has been intense. ive thoughts about not wanting to continue, then they pass. im trying to stay safe and talk to someone.",self.SuicideWatch
not sure how to say this my room makes my stomach drop. i rehearse conversations then avoid them. sleep is broken cos my brain wont shut up ...,self.Anxiety
then nothing after work. sleep appetite focus all crashed. sitting there empty,self.depression
"This is a long vent about my mates and the pile of ordinary human feelings that came with it. Heartbreak from a friendship cooling off, loneliness on Sundays, stress about money, then a surprising afternoon where I felt genuinely happy walking home. I also feel stuck about next steps and a little ashamed that small things rattled me. Mixed feelings are the point: anger one hour, soft hope the next. I do not want clinical language — I want acknowledgement that dumping this out is allowed, plus gentle support options if I want them later. Tomorrow I will try again; tonight I just needed somewhere to put the words. On top of that, relief and dread take turns without asking. In the mornings, some days I miss the person, some days I miss who I was with them. Also, I am angry that I have to carry this alone irritation sits under my skin like static. Some nights, I scroll through chats and put my phone down again rooms feel louder when nobody texts back. Some nights, I snap over tiny things and then feel worse irritation sits under my skin like static. In the mornings, I miss having someone who just checks in without being asked rooms feel louder when nobody texts back. On top of that, I can laugh at a meme and feel hollow five minutes later. Also, I scroll through chats and put my phone down again. Meanwhile, I catch myself writing messages I never send. Lately, I replay awkward moments until they feel larger than they were. Also, hope shows up briefly then I talk myself out of it I am grateful for small kindnesses and still tense underneath. Also, I snap over tiny things and then feel worse. Honestly, I keep replaying the last conversation like I can edit it I still flinch when their name shows up somewhere random. When I try to explain it, talking to a friend helped more than I expected. Honestly, music that used to hit does nothing. Honestly, emotions arrive late or not at all. When I try to explain it, I catch myself writing messages I never send I keep replaying the last conversation like I can edit it.",self.offmychest
tired of the weekend and a bit low about it but mostly just annoyed and overthinking conversations. needed somewhere to dump it ...,self.offmychest
whatever dark thoughts about not continuing keep looping when commute hits. im staying with someone tonight and trying to get through the next hour,self.SuicideWatch
"Stress around my room has stopped being a one-day spike. For weeks I wake with dread, scan for mistakes, and catastrophise tiny delays. My heart races in lectures or on the bus for no neat reason. I ask friends if everything is okay then distrust the answer. Deadlines feel like cliffs. I leave early from gatherings because my hands shake. Afterward I feel drained and a bit numb, which confuses me — is it anxiety, burnout, or both? I am trying to track triggers: sleep debt, caffeine, unread emails. I do not want clinical certainty from software; I want acknowledgement that this worry loop is real and that support exists if it keeps growing. In the mornings, I snap over tiny things and then feel worse I am angry that I have to carry this alone. Lately, talking to a friend helped more than I expected. On top of that, then a crash hits and answering a text feels huge one stretch I barely sleep and ideas pile up too fast. Honestly, I still flinch when their name shows up somewhere random I keep replaying the last conversation like I can edit it. When I try to explain it, appetite focus and spending change with the swings. In the mornings, today was lighter than yesterday and that surprised me. When I try to explain it, one stretch I barely sleep and ideas pile up too fast. In the mornings, today was lighter than yesterday and that surprised me. Also, I miss having someone who just checks in without being asked. On top of that, I still flinch when their name shows up somewhere random some days I miss the person, some days I miss who I was with them. Also, I keep thinking I made everything harder for people around me shame shows up when I cancel plans again. Meanwhile, I can laugh at a meme and feel hollow five minutes later. On top of that, I go through the motions and feel buffered from myself. On top of that, appetite focus and spending change with the swings. Also, talking to a friend helped more than I expected today was lighter than yesterday and that surprised me.",self.Anxiety
unloading about the library. pride stopped me telling mates. tomorrow ill try again tonight im moaning,self.offmychest
my room stressed me out and now i feel weirdly empty after venting to no one probably fine i keep typing then deleting,self.offmychest
unloading about group chat. pride stopped me telling mates. tomorrow ill try again tonight im moaning yeah,self.offmychest
"motivation for my room disappeared. I sleep odd hours, leave messages unread, and feel heavy without a clear reason.",self.depression
unloading about my room. pride stopped me telling mates. tomorrow ill try again tonight im moaning ...,self.offmychest
ideas for group chat came then i cant move wiped out all week,self.depression
maybe its nothing started messages projects then i cant answer a text. friends notice im down and slow yeah,self.depression
"Tonight the hopelessness around home is loud. I am not making a plan and I do not want to describe anything graphic — I just keep having thoughts about not wanting to continue, then they ebb. I am staying somewhere safe and telling myself to get through the next hour. Writing this is me choosing help over silence. If it worsens I will contact a support line. Some nights, appetite focus and spending change with the swings. Meanwhile, I am not fixed but I can see a thinner path forward. On top of that, I snap over tiny things and then feel worse. On top of that, I still flinch when their name shows up somewhere random. Lately, I snap over tiny things and then feel worse. Also, I still flinch when their name shows up somewhere random. Honestly, I snap over tiny things and then feel worse.",self.SuicideWatch
"My energy around work dropped after a stretch of doing too much. Now the crash is here and I can barely reply to a message. Heavy limbs, flat mood, cancelled plans, and shame about what I started. I am not asking an app to diagnose anything medical — I want a careful theme read about low mood and energy-down days affecting daily life, sleep, and follow-through. In the mornings, irritation sits under my skin like static I snap over tiny things and then feel worse. When I try to explain it, rooms feel louder when nobody texts back I scroll through chats and put my phone down again. In the mornings, I keep replaying the last conversation like I can edit it. Honestly, I am not fixed but I can see a thinner path forward today was lighter than yesterday and that surprised me. Honestly, I snap over tiny things and then feel worse irritation sits under my skin like static.",self.depression
"hopelessness around my shifts has been intense. I have thoughts about not wanting to continue, then they pass. I am trying to stay safe and talk to someone.",self.SuicideWatch
everything with messages feels pointless and heavy. sometimes i wonder what the point of next week is. not saying im going to do anything. just exhausted of fighting lol,self.SuicideWatch
worried sick about messages and also weirdly flat after the panic fades am i anxious or just burnt out,self.Anxiety
everything with my room feels pointless and heavy. sometimes i wonder what the point of next week is. not saying im going to do anything. just exhausted of fighting,self.SuicideWatch
i feel guilty admitting how frustrated my mates made me. Writing it here releases the pressure without a big confrontation.,self.offmychest
messages stress sits in my chest. not crying just restless and snappy. tbh,self.Anxiety
"Mostly I need to unload about home. It is not a crisis and I am not asking for a diagnosis — just space to say I am frustrated, a bit lonely after a messy week, and weirdly relieved after writing this down. There were arguments, awkward silences, and a stretch where I felt happier than I have in months after a good conversation. Emotions are mixed: annoyance, guilt, hope, then back to annoyance. Advice optional; listening preferred. Lately, today was lighter than yesterday and that surprised me. When I try to explain it, emotions arrive late or not at all music that used to hit does nothing. Meanwhile, emotions arrive late or not at all music that used to hit does nothing. In the mornings, emotions arrive late or not at all music that used to hit does nothing. Meanwhile, I feel parked between who I was and whoever comes next plans sit in notes apps untouched for weeks.",self.offmychest
part of me wants the noise to stop. no plan. just work and this hollow feeling. might message a support line if it gets worse,self.SuicideWatch
Energy around money will not sit still. Elevated spells feel risky; I talk too fast and try to track the restlessness.,self.Anxiety
before money I spiral into what-ifs I leave early even when people are kind,self.Anxiety
"I need to put this somewhere before it only lives in my head. For days around the library I have had waves of not wanting to be here. They are thoughts, not a plan, and that distinction matters to me. Still, the heaviness makes ordinary life feel unreachable. I have told a friend I am struggling and I am trying to stay with people tonight. I want support more than I want those thoughts to win. Please treat this as distress that needs care pathways, not as something to analyse clinically. I will reach out further if the wave gets worse. Meanwhile, I am angry that I have to carry this alone irritation sits under my skin like static. When I try to explain it, I snap over tiny things and then feel worse irritation sits under my skin like static. Lately, rooms feel louder when nobody texts back. Some nights, music that used to hit does nothing. When I try to explain it, I feel parked between who I was and whoever comes next plans sit in notes apps untouched for weeks. When I try to explain it, then a crash hits and answering a text feels huge. Lately, then a crash hits and answering a text feels huge. On top of that, weekends stretch out and I pretend I planned to be alone. Lately, friends notice I flip between wired and wiped. On top of that, friends notice I flip between wired and wiped. On top of that, I keep replaying the last conversation like I can edit it. Also, then a crash hits and answering a text feels huge appetite focus and spending change with the swings. Honestly, shame shows up when I cancel plans again I replay awkward moments until they feel larger than they were.",self.SuicideWatch
deadlines has me drained. chest feels tight some nights then i feel nothing next morning. whatever,self.depression
irritable then suddenly on a high about uni. sleep appetite focus all over the place,self.Anxiety
this is more of a vent than anything else: commute went sideways and I keep replaying the awkward parts Advice optional ...,self.offmychest
"I need to put this somewhere before it only lives in my head. For days around group chat I have had waves of not wanting to be here. They are thoughts, not a plan, and that distinction matters to me. Still, the heaviness makes ordinary life feel unreachable. I have told a friend I am struggling and I am trying to stay with people tonight. I want support more than I want those thoughts to win. Please treat this as distress that needs care pathways, not as something to analyse clinically. I will reach out further if the wave gets worse. Some nights, I miss having someone who just checks in without being asked rooms feel louder when nobody texts back. On top of that, then a crash hits and answering a text feels huge. Honestly, hope shows up briefly then I talk myself out of it I can laugh at a meme and feel hollow five minutes later. On top of that, some days I miss the person, some days I miss who I was with them. Meanwhile, I know what I should do next but my body will not start forward motion feels fake even when I force a routine. On top of that, I replay awkward moments until they feel larger than they were. Meanwhile, I snap over tiny things and then feel worse I am angry that I have to carry this alone. Also, hope shows up briefly then I talk myself out of it. Also, rooms feel louder when nobody texts back I miss having someone who just checks in without being asked. Honestly, one stretch I barely sleep and ideas pile up too fast. Honestly, I replay awkward moments until they feel larger than they were shame shows up when I cancel plans again.",self.SuicideWatch
uncertainty around commute keeps me scanning for danger. I seek reassurance then doubt it five minutes later. Physical tension will not switch off.,self.Anxiety
ideas for commute come too fast racing and restless all week,self.Anxiety
"Mostly I need to unload about my course. It is not a crisis and I am not asking for a diagnosis — just space to say I am frustrated, a bit lonely after a messy week, and weirdly relieved after writing this down. There were arguments, awkward silences, and a stretch where I felt happier than I have in months after a good conversation. Emotions are mixed: annoyance, guilt, hope, then back to annoyance. Advice optional; listening preferred. When I try to explain it, then a crash hits and answering a text feels huge one stretch I barely sleep and ideas pile up too fast. Also, I know what I should do next but my body will not start. On top of that, I can laugh at a meme and feel hollow five minutes later relief and dread take turns without asking. Also, I feel parked between who I was and whoever comes next.",self.offmychest
"Tonight the hopelessness around my mates is loud. I am not making a plan and I do not want to describe anything graphic — I just keep having thoughts about not wanting to continue, then they ebb. I am staying somewhere safe and telling myself to get through the next hour. Writing this is me choosing help over silence. If it worsens I will contact a support line. Honestly, relief and dread take turns without asking I am grateful for small kindnesses and still tense underneath. In the mornings, I catch myself writing messages I never send. In the mornings, irritation sits under my skin like static I am angry that I have to carry this alone. Lately, friends notice I flip between wired and wiped. Honestly, hope shows up briefly then I talk myself out of it. When I try to explain it, talking to a friend helped more than I expected I finished something small and felt a real spark of pride.",self.SuicideWatch
I feel trapped by uni Ideation comes in waves Writing this so it is not only in my head I want help more than I want to act on those thoughts,self.SuicideWatch
sleep stressed me out and now i feel weirdly empty after venting to no one probably fine whatever,self.offmychest
Before messages I spiral into what-ifs. I leave early even when people are kind.,self.Anxiety
some days family im wired and sharp. could be stress could be more. idk lol,self.Anxiety
then nothing after money. sleep appetite focus all crashed. sitting there empty,self.depression
unloading about my course pride stopped me telling mates tomorrow ill try again tonight im moaning,self.offmychest
maybe its nothing started money projects at 2am felt unstoppable wired friends say i flip too quick,self.Anxiety
tired of sleep and a bit low about it but mostly just annoyed and overthinking conversations needed somewhere to dump it,self.offmychest
if i vanished would commute even notice that thought scares me a bit trying not to spiral alone lol,self.SuicideWatch
"My energy around the relationship runs too fast. For a stretch I sleep little, talk quickly, start too many plans, and feel oddly wired. Friends say I seem restless across the week. I am not asking an app to diagnose anything medical — I want a careful theme read about racing thoughts and restlessness affecting daily life, sleep, and spending. Also, I catch myself writing messages I never send some days I miss the person, some days I miss who I was with them. On top of that, I keep thinking I made everything harder for people around me shame shows up when I cancel plans again. On top of that, rooms feel louder when nobody texts back I scroll through chats and put my phone down again. Lately, I keep replaying the last conversation like I can edit it. Meanwhile, I am angry that I have to carry this alone I snap over tiny things and then feel worse.",self.Anxiety
everything with the flat feels pointless and heavy sometimes i wonder what the point of next week is not saying im going to do anything just exhausted of fighting yeah,self.SuicideWatch
"My body treats money like a threat even when nothing has gone wrong yet. Chest tight, jaw locked, brain running disaster scripts. I check messages repeatedly, then feel embarrassed about checking. Sleep is shallow because I rehearse conversations at 2am. I cancel social things to avoid the spiral, which makes next week worse. This is not a diagnosis request — I want a clear reflection that this is worry and bodily tension piling up, and some gentle next steps. Also, today was lighter than yesterday and that surprised me. Also, I keep thinking I made everything harder for people around me shame shows up when I cancel plans again. Some nights, forward motion feels fake even when I force a routine I know what I should do next but my body will not start. In the mornings, I am angry that I have to carry this alone. Meanwhile, I keep thinking I made everything harder for people around me.",self.Anxiety
the library stressed me out and now i feel weirdly empty after venting to no one. probably fine. not sure how to say this,self.offmychest
some days home im useless and flat. could be stress could be more. idk,self.depression
"I am trying to describe the wired stretch without claiming a clinical label. Around my course, racing ideas, irritability, and nights where sleep feels optional show up together. I spend more, promise more, and feel sharp in a way that later looks reckless. Tracking sleep helps a bit. Stress can trigger the restlessness. Mixed days confuse me — restless and tense at once. Please reflect the racing and worry pattern supportively and keep language non-diagnostic; I already know software cannot replace a clinician. Meanwhile, one stretch I barely sleep and ideas pile up too fast friends notice I flip between wired and wiped. Some nights, I go through the motions and feel buffered from myself. In the mornings, I scroll through chats and put my phone down again. In the mornings, some days I miss the person, some days I miss who I was with them I still flinch when their name shows up somewhere random. On top of that, I still flinch when their name shows up somewhere random I catch myself writing messages I never send. Some nights, forward motion feels fake even when I force a routine I feel parked between who I was and whoever comes next. On top of that, hope shows up briefly then I talk myself out of it. Some nights, I feel parked between who I was and whoever comes next. When I try to explain it, I know what I should do next but my body will not start. Some nights, I feel parked between who I was and whoever comes next forward motion feels fake even when I force a routine. Also, I keep thinking I made everything harder for people around me. Some nights, then a crash hits and answering a text feels huge. Some nights, I am not fixed but I can see a thinner path forward today was lighter than yesterday and that surprised me. Some nights, friends notice I flip between wired and wiped one stretch I barely sleep and ideas pile up too fast. Also, music that used to hit does nothing. Meanwhile, I am angry that I have to carry this alone irritation sits under my skin like static.",self.Anxiety
"This is a long vent about this term and the pile of ordinary human feelings that came with it. Heartbreak from a friendship cooling off, loneliness on Sundays, stress about money, then a surprising afternoon where I felt genuinely happy walking home. I also feel stuck about next steps and a little ashamed that small things rattled me. Mixed feelings are the point: anger one hour, soft hope the next. I do not want clinical language — I want acknowledgement that dumping this out is allowed, plus gentle support options if I want them later. Tomorrow I will try again; tonight I just needed somewhere to put the words. In the mornings, I scroll through chats and put my phone down again. Lately, appetite focus and spending change with the swings then a crash hits and answering a text feels huge. Lately, hope shows up briefly then I talk myself out of it relief and dread take turns without asking. When I try to explain it, rooms feel louder when nobody texts back. When I try to explain it, music that used to hit does nothing emotions arrive late or not at all. Honestly, some days I miss the person, some days I miss who I was with them I catch myself writing messages I never send. On top of that, I know what I should do next but my body will not start. In the mornings, I finished something small and felt a real spark of pride. Also, talking to a friend helped more than I expected today was lighter than yesterday and that surprised me. Also, I am angry that I have to carry this alone I snap over tiny things and then feel worse. When I try to explain it, appetite focus and spending change with the swings. Honestly, emotions arrive late or not at all. When I try to explain it, forward motion feels fake even when I force a routine I know what I should do next but my body will not start. Some nights, relief and dread take turns without asking. Also, I can laugh at a meme and feel hollow five minutes later.",self.offmychest
my mates has me drained. chest feels tight some nights then i feel nothing next morning. feels stupid writing this,self.depression
"Mostly I need to unload about the flat. It is not a crisis and I am not asking for a diagnosis — just space to say I am frustrated, a bit lonely after a messy week, and weirdly relieved after writing this down. There were arguments, awkward silences, and a stretch where I felt happier than I have in months after a good conversation. Emotions are mixed: annoyance, guilt, hope, then back to annoyance. Advice optional; listening preferred. Lately, I replay awkward moments until they feel larger than they were. Some nights, I scroll through chats and put my phone down again weekends stretch out and I pretend I planned to be alone. On top of that, one stretch I barely sleep and ideas pile up too fast. In the mornings, I feel parked between who I was and whoever comes next I know what I should do next but my body will not start.",self.offmychest
sleep returned with a crash while dealing with messages mood followed it down feels stupid writing this,self.depression
"Stress around deadlines has stopped being a one-day spike. For weeks I wake with dread, scan for mistakes, and catastrophise tiny delays. My heart races in lectures or on the bus for no neat reason. I ask friends if everything is okay then distrust the answer. Deadlines feel like cliffs. I leave early from gatherings because my hands shake. Afterward I feel drained and a bit numb, which confuses me — is it anxiety, burnout, or both? I am trying to track triggers: sleep debt, caffeine, unread emails. I do not want clinical certainty from software; I want acknowledgement that this worry loop is real and that support exists if it keeps growing. When I try to explain it, some days I miss the person, some days I miss who I was with them I catch myself writing messages I never send. When I try to explain it, I go through the motions and feel buffered from myself. Meanwhile, plans sit in notes apps untouched for weeks. Some nights, I scroll through chats and put my phone down again rooms feel louder when nobody texts back. Honestly, I go through the motions and feel buffered from myself. Some nights, I am not fixed but I can see a thinner path forward I finished something small and felt a real spark of pride. When I try to explain it, I am angry that I have to carry this alone I snap over tiny things and then feel worse. Lately, I snap over tiny things and then feel worse. Also, friends notice I flip between wired and wiped. Some nights, music that used to hit does nothing. On top of that, I snap over tiny things and then feel worse I am angry that I have to carry this alone. When I try to explain it, I scroll through chats and put my phone down again. Meanwhile, I know what I should do next but my body will not start. On top of that, emotions arrive late or not at all. Some nights, music that used to hit does nothing I go through the motions and feel buffered from myself.",self.Anxiety
keep thinking money would be easier if i wasnt around. not planning anything. just tired of existing tonight. lol,self.SuicideWatch
"Tonight the hopelessness around commute is loud. I am not making a plan and I do not want to describe anything graphic — I just keep having thoughts about not wanting to continue, then they ebb. I am staying somewhere safe and telling myself to get through the next hour. Writing this is me choosing help over silence. If it worsens I will contact a support line. Meanwhile, I go through the motions and feel buffered from myself. Some nights, I catch myself writing messages I never send some days I miss the person, some days I miss who I was with them. Lately, forward motion feels fake even when I force a routine. On top of that, I keep thinking I made everything harder for people around me shame shows up when I cancel plans again. Meanwhile, I am angry that I have to carry this alone irritation sits under my skin like static.",self.SuicideWatch
idk dark thoughts about not continuing keep looping when my mates hits im staying with someone tonight and trying to get through the next hour,self.SuicideWatch
"My body treats deadlines like a threat even when nothing has gone wrong yet. Chest tight, jaw locked, brain running disaster scripts. I check messages repeatedly, then feel embarrassed about checking. Sleep is shallow because I rehearse conversations at 2am. I cancel social things to avoid the spiral, which makes next week worse. This is not a diagnosis request — I want a clear reflection that this is worry and bodily tension piling up, and some gentle next steps. Some nights, I know what I should do next but my body will not start. Honestly, appetite focus and spending change with the swings friends notice I flip between wired and wiped. In the mornings, I am angry that I have to carry this alone. When I try to explain it, then a crash hits and answering a text feels huge one stretch I barely sleep and ideas pile up too fast.",self.Anxiety
had to say this somewhere: my room was messy and im annoyed. yeah,self.offmychest
"Tonight the hopelessness around family is loud. I am not making a plan and I do not want to describe anything graphic — I just keep having thoughts about not wanting to continue, then they ebb. I am staying somewhere safe and telling myself to get through the next hour. Writing this is me choosing help over silence. If it worsens I will contact a support line. Meanwhile, I keep thinking I made everything harder for people around me I replay awkward moments until they feel larger than they were. Also, relief and dread take turns without asking. When I try to explain it, I catch myself writing messages I never send I still flinch when their name shows up somewhere random. Honestly, appetite focus and spending change with the swings. Also, appetite focus and spending change with the swings.",self.SuicideWatch
my ex has me drained. chest feels tight some nights then i feel nothing next morning. whatever lol,self.depression
ideas for sleep come too fast. racing and restless all week.,self.Anxiety
"Stress around commute has stopped being a one-day spike. For weeks I wake with dread, scan for mistakes, and catastrophise tiny delays. My heart races in lectures or on the bus for no neat reason. I ask friends if everything is okay then distrust the answer. Deadlines feel like cliffs. I leave early from gatherings because my hands shake. Afterward I feel drained and a bit numb, which confuses me — is it anxiety, burnout, or both? I am trying to track triggers: sleep debt, caffeine, unread emails. I do not want clinical certainty from software; I want acknowledgement that this worry loop is real and that support exists if it keeps growing. Lately, I snap over tiny things and then feel worse. Honestly, then a crash hits and answering a text feels huge. On top of that, I am grateful for small kindnesses and still tense underneath. On top of that, music that used to hit does nothing I go through the motions and feel buffered from myself. Some nights, friends notice I flip between wired and wiped. Lately, today was lighter than yesterday and that surprised me talking to a friend helped more than I expected. When I try to explain it, I snap over tiny things and then feel worse. Some nights, I miss having someone who just checks in without being asked I scroll through chats and put my phone down again. Some nights, I scroll through chats and put my phone down again. In the mornings, friends notice I flip between wired and wiped then a crash hits and answering a text feels huge. Honestly, some days I miss the person, some days I miss who I was with them. Some nights, I know what I should do next but my body will not start plans sit in notes apps untouched for weeks. Meanwhile, hope shows up briefly then I talk myself out of it. Also, some days I miss the person, some days I miss who I was with them I catch myself writing messages I never send. Meanwhile, relief and dread take turns without asking I am grateful for small kindnesses and still tense underneath.",self.Anxiety
This is more of a vent than anything else: work went sideways and I keep replaying the awkward parts. Advice optional.,self.offmychest
"Mostly I need to unload about family. It is not a crisis and I am not asking for a diagnosis — just space to say I am frustrated, a bit lonely after a messy week, and weirdly relieved after writing this down. There were arguments, awkward silences, and a stretch where I felt happier than I have in months after a good conversation. Emotions are mixed: annoyance, guilt, hope, then back to annoyance. Advice optional; listening preferred. Meanwhile, shame shows up when I cancel plans again I keep thinking I made everything harder for people around me. Lately, I go through the motions and feel buffered from myself emotions arrive late or not at all. Meanwhile, talking to a friend helped more than I expected I finished something small and felt a real spark of pride. When I try to explain it, irritation sits under my skin like static I snap over tiny things and then feel worse.",self.offmychest
whatever home is fine on paper but i cancel everything and sit there. food is meh friends feel far. not dramatic just flat for days,self.depression
the relationship stressed me out and now i feel weirdly empty after venting to no one. probably fine. not sure how to say this,self.offmychest
"My energy around my ex dropped after a stretch of doing too much. Now the crash is here and I can barely reply to a message. Heavy limbs, flat mood, cancelled plans, and shame about what I started. I am not asking an app to diagnose anything medical — I want a careful theme read about low mood and energy-down days affecting daily life, sleep, and follow-through. Honestly, some days I miss the person, some days I miss who I was with them. Meanwhile, appetite focus and spending change with the swings. When I try to explain it, I am grateful for small kindnesses and still tense underneath I can laugh at a meme and feel hollow five minutes later. When I try to explain it, weekends stretch out and I pretend I planned to be alone rooms feel louder when nobody texts back. In the mornings, I keep replaying the last conversation like I can edit it I still flinch when their name shows up somewhere random.",self.depression
the library stress sits in my chest. not crying just restless and snappy. maybe its nothing,self.Anxiety
"I am trying to describe the crash without claiming a clinical label. Around deadlines, a drop hits: heavy limbs, flat mood, cancelled plans, and shame about what I started when I had more energy. Tracking sleep and appetite helps a bit. Stress can deepen the low. Mixed days confuse me — restless and empty at once, but the empty part is what I cannot shake. Please reflect the low-mood and energy-down pattern supportively and keep language non-diagnostic; I already know software cannot replace a clinician. Some nights, I keep thinking I made everything harder for people around me I replay awkward moments until they feel larger than they were. Lately, I still flinch when their name shows up somewhere random some days I miss the person, some days I miss who I was with them. Meanwhile, forward motion feels fake even when I force a routine I feel parked between who I was and whoever comes next. Lately, I finished something small and felt a real spark of pride today was lighter than yesterday and that surprised me. Also, I still flinch when their name shows up somewhere random I keep replaying the last conversation like I can edit it. Also, today was lighter than yesterday and that surprised me. Honestly, plans sit in notes apps untouched for weeks. On top of that, I snap over tiny things and then feel worse irritation sits under my skin like static. In the mornings, today was lighter than yesterday and that surprised me. Some nights, I replay awkward moments until they feel larger than they were I keep thinking I made everything harder for people around me. In the mornings, I catch myself writing messages I never send some days I miss the person, some days I miss who I was with them. On top of that, I scroll through chats and put my phone down again I miss having someone who just checks in without being asked. Lately, today was lighter than yesterday and that surprised me. Also, one stretch I barely sleep and ideas pile up too fast. In the mornings, hope shows up briefly then I talk myself out of it.",self.depression
sleep returned with a crash while dealing with the library mood followed it down feels stupid writing this,self.depression
"My energy around my ex runs too fast. For a stretch I sleep little, talk quickly, start too many plans, and feel oddly wired. Friends say I seem restless across the week. I am not asking an app to diagnose anything medical — I want a careful theme read about racing thoughts and restlessness affecting daily life, sleep, and spending. Lately, today was lighter than yesterday and that surprised me. When I try to explain it, shame shows up when I cancel plans again. Some nights, I am grateful for small kindnesses and still tense underneath. Some nights, I still flinch when their name shows up somewhere random I keep replaying the last conversation like I can edit it. In the mornings, shame shows up when I cancel plans again. When I try to explain it, I finished something small and felt a real spark of pride. On top of that, I am grateful for small kindnesses and still tense underneath hope shows up briefly then I talk myself out of it.",self.Anxiety
"My energy around this term dropped after a stretch of doing too much. Now the crash is here and I can barely reply to a message. Heavy limbs, flat mood, cancelled plans, and shame about what I started. I am not asking an app to diagnose anything medical — I want a careful theme read about low mood and energy-down days affecting daily life, sleep, and follow-through. In the mornings, irritation sits under my skin like static. Lately, I replay awkward moments until they feel larger than they were. When I try to explain it, I feel parked between who I was and whoever comes next. In the mornings, I finished something small and felt a real spark of pride. In the mornings, relief and dread take turns without asking hope shows up briefly then I talk myself out of it. On top of that, I am not fixed but I can see a thinner path forward I finished something small and felt a real spark of pride.",self.depression
then nothing after family sleep appetite focus all crashed sitting there empty,self.depression
everything with family feels muted. not sad exactly just empty.,self.depression
"Motivation for work disappeared. I sleep odd hours, leave messages unread, and feel heavy without a clear reason.",self.depression
sleep vanished while dealing with family. mood followed the restlessness. tbh,self.Anxiety
deadlines stress sits in my chest. not crying just restless and snappy. idk,self.Anxiety
some days the flat im wired and sharp could be stress could be more idk,self.Anxiety
"Mostly I need to unload about home. It is not a crisis and I am not asking for a diagnosis — just space to say I am frustrated, a bit lonely after a messy week, and weirdly relieved after writing this down. There were arguments, awkward silences, and a stretch where I felt happier than I have in months after a good conversation. Emotions are mixed: annoyance, guilt, hope, then back to annoyance. Advice optional; listening preferred. Also, I am grateful for small kindnesses and still tense underneath relief and dread take turns without asking. When I try to explain it, I am grateful for small kindnesses and still tense underneath. When I try to explain it, appetite focus and spending change with the swings one stretch I barely sleep and ideas pile up too fast. When I try to explain it, I replay awkward moments until they feel larger than they were.",self.offmychest
anyway not a crisis just sick of pretending uni is fine small stuff kept piling up and i snapped at someone whatever,self.offmychest
ideas for money come too fast. racing and restless all week.,self.Anxiety
"My energy around home dropped after a stretch of doing too much. Now the crash is here and I can barely reply to a message. Heavy limbs, flat mood, cancelled plans, and shame about what I started. I am not asking an app to diagnose anything medical — I want a careful theme read about low mood and energy-down days affecting daily life, sleep, and follow-through. When I try to explain it, I am angry that I have to carry this alone I snap over tiny things and then feel worse. Also, I catch myself writing messages I never send I keep replaying the last conversation like I can edit it. Honestly, irritation sits under my skin like static. In the mornings, I can laugh at a meme and feel hollow five minutes later I am grateful for small kindnesses and still tense underneath. Some nights, one stretch I barely sleep and ideas pile up too fast then a crash hits and answering a text feels huge.",self.depression
"I need to put this somewhere before it only lives in my head. For days around messages I have had waves of not wanting to be here. They are thoughts, not a plan, and that distinction matters to me. Still, the heaviness makes ordinary life feel unreachable. I have told a friend I am struggling and I am trying to stay with people tonight. I want support more than I want those thoughts to win. Please treat this as distress that needs care pathways, not as something to analyse clinically. I will reach out further if the wave gets worse. In the mornings, music that used to hit does nothing emotions arrive late or not at all. On top of that, relief and dread take turns without asking I can laugh at a meme and feel hollow five minutes later. In the mornings, I finished something small and felt a real spark of pride. Lately, emotions arrive late or not at all music that used to hit does nothing. Meanwhile, I can laugh at a meme and feel hollow five minutes later relief and dread take turns without asking. Meanwhile, irritation sits under my skin like static. Some nights, I scroll through chats and put my phone down again rooms feel louder when nobody texts back. Honestly, plans sit in notes apps untouched for weeks. Some nights, I feel parked between who I was and whoever comes next. On top of that, I still flinch when their name shows up somewhere random. Lately, one stretch I barely sleep and ideas pile up too fast appetite focus and spending change with the swings. Also, hope shows up briefly then I talk myself out of it I can laugh at a meme and feel hollow five minutes later. Honestly, I snap over tiny things and then feel worse.",self.SuicideWatch
tired of home and a bit low about it but mostly just annoyed and overthinking conversations needed somewhere to dump it,self.offmychest
"My energy around home dropped after a stretch of doing too much. Now the crash is here and I can barely reply to a message. Heavy limbs, flat mood, cancelled plans, and shame about what I started. I am not asking an app to diagnose anything medical — I want a careful theme read about low mood and energy-down days affecting daily life, sleep, and follow-through. Meanwhile, I catch myself writing messages I never send some days I miss the person, some days I miss who I was with them. On top of that, irritation sits under my skin like static I snap over tiny things and then feel worse. On top of that, I replay awkward moments until they feel larger than they were shame shows up when I cancel plans again. On top of that, then a crash hits and answering a text feels huge friends notice I flip between wired and wiped.",self.depression
the library stressed me out and now i feel weirdly empty after venting to no one probably fine anyway lol,self.offmychest
unloading about my shifts pride stopped me telling mates tomorrow ill try again tonight im moaning,self.offmychest
just need to vent about deadlines. annoying week nothing deep.,self.offmychest
my course stressed me out and now i feel weirdly empty after venting to no one probably fine not sure how to say this lol,self.offmychest
irritable then suddenly on a high about the library. sleep appetite focus all over the place,self.Anxiety
sleep vanished while dealing with the library. mood followed the restlessness. idk,self.Anxiety
Motivation for the weekend disappeared I sleep odd hours leave messages unread and feel heavy without a clear reason ...,self.depression
if i vanished would home even notice that thought scares me a bit trying not to spiral alone,self.SuicideWatch
"This is a long vent about my mates and the pile of ordinary human feelings that came with it. Heartbreak from a friendship cooling off, loneliness on Sundays, stress about money, then a surprising afternoon where I felt genuinely happy walking home. I also feel stuck about next steps and a little ashamed that small things rattled me. Mixed feelings are the point: anger one hour, soft hope the next. I do not want clinical language — I want acknowledgement that dumping this out is allowed, plus gentle support options if I want them later. Tomorrow I will try again; tonight I just needed somewhere to put the words. When I try to explain it, I am angry that I have to carry this alone. Also, then a crash hits and answering a text feels huge friends notice I flip between wired and wiped. In the mornings, I replay awkward moments until they feel larger than they were. Also, I scroll through chats and put my phone down again. On top of that, friends notice I flip between wired and wiped then a crash hits and answering a text feels huge. Lately, talking to a friend helped more than I expected. In the mornings, I am angry that I have to carry this alone irritation sits under my skin like static. Meanwhile, plans sit in notes apps untouched for weeks. Honestly, I snap over tiny things and then feel worse I am angry that I have to carry this alone. Lately, I still flinch when their name shows up somewhere random. When I try to explain it, irritation sits under my skin like static I am angry that I have to carry this alone. Also, shame shows up when I cancel plans again. Honestly, hope shows up briefly then I talk myself out of it relief and dread take turns without asking. Meanwhile, I am not fixed but I can see a thinner path forward talking to a friend helped more than I expected. On top of that, I still flinch when their name shows up somewhere random I catch myself writing messages I never send.",self.offmychest
I feel guilty admitting how frustrated work made me. Writing it here releases the pressure without a big confrontation.,self.offmychest
idk the flat is fine on paper but i cancel everything and sit there. food is meh friends feel far. not dramatic just flat for days lol,self.depression
two days buzzing about commute barely sleeping brain wont sit still,self.Anxiety
feels stupid writing this started uni projects at 2am felt unstoppable wired. friends say i flip too quick,self.Anxiety
keep thinking my mates would be easier if i wasnt around. not planning anything. just tired of existing tonight.,self.SuicideWatch
"Mostly I need to unload about my room. It is not a crisis and I am not asking for a diagnosis — just space to say I am frustrated, a bit lonely after a messy week, and weirdly relieved after writing this down. There were arguments, awkward silences, and a stretch where I felt happier than I have in months after a good conversation. Emotions are mixed: annoyance, guilt, hope, then back to annoyance. Advice optional; listening preferred. Meanwhile, I feel parked between who I was and whoever comes next plans sit in notes apps untouched for weeks. Lately, I am angry that I have to carry this alone irritation sits under my skin like static. Also, then a crash hits and answering a text feels huge. Some nights, I can laugh at a meme and feel hollow five minutes later I am grateful for small kindnesses and still tense underneath.",self.offmychest
"Mostly I need to unload about the relationship. It is not a crisis and I am not asking for a diagnosis — just space to say I am frustrated, a bit lonely after a messy week, and weirdly relieved after writing this down. There were arguments, awkward silences, and a stretch where I felt happier than I have in months after a good conversation. Emotions are mixed: annoyance, guilt, hope, then back to annoyance. Advice optional; listening preferred. On top of that, I still flinch when their name shows up somewhere random. Meanwhile, I am not fixed but I can see a thinner path forward today was lighter than yesterday and that surprised me. Meanwhile, irritation sits under my skin like static. When I try to explain it, I finished something small and felt a real spark of pride. In the mornings, irritation sits under my skin like static. When I try to explain it, I keep replaying the last conversation like I can edit it.",self.offmychest
this term stress sits in my chest. not crying just restless and snappy. anyway,self.Anxiety
"hopelessness around my ex has been intense. I have thoughts about not wanting to continue, then they pass. I am trying to stay safe and talk to someone.",self.SuicideWatch
whatever not a crisis just sick of pretending this term is fine. small stuff kept piling up and i snapped at someone. whatever yeah,self.offmychest
"My energy around my course runs too fast. For a stretch I sleep little, talk quickly, start too many plans, and feel oddly wired. Friends say I seem restless across the week. I am not asking an app to diagnose anything medical — I want a careful theme read about racing thoughts and restlessness affecting daily life, sleep, and spending. Lately, I am angry that I have to carry this alone. Meanwhile, I keep replaying the last conversation like I can edit it. Also, I snap over tiny things and then feel worse I am angry that I have to carry this alone. Lately, irritation sits under my skin like static I snap over tiny things and then feel worse. Meanwhile, I replay awkward moments until they feel larger than they were. When I try to explain it, talking to a friend helped more than I expected I am not fixed but I can see a thinner path forward.",self.Anxiety
"Mostly I need to unload about my ex. It is not a crisis and I am not asking for a diagnosis — just space to say I am frustrated, a bit lonely after a messy week, and weirdly relieved after writing this down. There were arguments, awkward silences, and a stretch where I felt happier than I have in months after a good conversation. Emotions are mixed: annoyance, guilt, hope, then back to annoyance. Advice optional; listening preferred. Meanwhile, I replay awkward moments until they feel larger than they were. Lately, I feel parked between who I was and whoever comes next forward motion feels fake even when I force a routine. In the mornings, I feel parked between who I was and whoever comes next. On top of that, some days I miss the person, some days I miss who I was with them I still flinch when their name shows up somewhere random.",self.offmychest
some days the relationship im useless and flat. could be stress could be more. idk ...,self.depression
my ex stressed me out and now i feel weirdly empty after venting to no one. probably fine. anyway,self.offmychest
"Mostly I need to unload about this term. It is not a crisis and I am not asking for a diagnosis — just space to say I am frustrated, a bit lonely after a messy week, and weirdly relieved after writing this down. There were arguments, awkward silences, and a stretch where I felt happier than I have in months after a good conversation. Emotions are mixed: annoyance, guilt, hope, then back to annoyance. Advice optional; listening preferred. Lately, emotions arrive late or not at all. Lately, shame shows up when I cancel plans again. Honestly, emotions arrive late or not at all music that used to hit does nothing. Honestly, I still flinch when their name shows up somewhere random. When I try to explain it, I can laugh at a meme and feel hollow five minutes later hope shows up briefly then I talk myself out of it.",self.offmychest
on edge all day about my ex. sweaty hands shallow breath then i feel silly after lol,self.Anxiety
Hopelessness around my room has been intense ive thoughts about not wanting to continue then they pass im trying to stay safe and talk to someone,self.SuicideWatch
unloading about group chat. pride stopped me telling mates. tomorrow ill try again tonight im moaning,self.offmychest
ideas for my ex came then i cant move wiped out all week,self.depression
everything with the library feels pointless and heavy. sometimes i wonder what the point of next week is. not saying im going to do anything. just exhausted of fighting,self.SuicideWatch
"I keep writing and deleting this because talking about low mood around the relationship still feels dramatic even when it has lasted months. Mornings are the worst: I wake already tired, scroll without absorbing anything, and bargain with myself to shower. Showers help for twenty minutes. Then the flatness returns. I cancel plans, leave laundry in bags, and tell people I am busy when I am actually staring at a wall. Concentration for coursework or shifts is thin; I reread the same paragraph. There is guilt about being distant, then numbness that makes the guilt feel far away. Some evenings I cry without a clear story; other evenings I feel nothing and that scares me more. I am not looking for a clinical label from an app — I want a careful read of how heavy this has been and whether support options might help while I try to rebuild a bit of routine. Lately, I still flinch when their name shows up somewhere random I keep replaying the last conversation like I can edit it. In the mornings, rooms feel louder when nobody texts back. Also, I am not fixed but I can see a thinner path forward I finished something small and felt a real spark of pride. In the mornings, I am grateful for small kindnesses and still tense underneath I can laugh at a meme and feel hollow five minutes later. When I try to explain it, talking to a friend helped more than I expected. On top of that, shame shows up when I cancel plans again I replay awkward moments until they feel larger than they were. Meanwhile, I go through the motions and feel buffered from myself emotions arrive late or not at all. On top of that, shame shows up when I cancel plans again. Meanwhile, friends notice I flip between wired and wiped one stretch I barely sleep and ideas pile up too fast. When I try to explain it, irritation sits under my skin like static I am angry that I have to carry this alone. Also, I feel parked between who I was and whoever comes next plans sit in notes apps untouched for weeks.",self.depression
unloading about work. pride stopped me telling mates. tomorrow ill try again tonight im moaning,self.offmychest
"Around the relationship I have been low for a while. I still show up but interest is gone and I replay mistakes until I shut down. Not looking for a label, just stuck.",self.depression
just need to vent about the flat annoying week nothing deep,self.offmychest
unloading about the relationship pride stopped me telling mates tomorrow ill try again tonight im moaning ...,self.offmychest
worried sick about the relationship and also weirdly flat after the panic fades am i anxious or just burnt out yeah,self.Anxiety
part of me wants the noise to stop. no plan. just commute and this hollow feeling. might message a support line if it gets worse idk,self.SuicideWatch
"I keep writing and deleting this because talking about low mood around work still feels dramatic even when it has lasted months. Mornings are the worst: I wake already tired, scroll without absorbing anything, and bargain with myself to shower. Showers help for twenty minutes. Then the flatness returns. I cancel plans, leave laundry in bags, and tell people I am busy when I am actually staring at a wall. Concentration for coursework or shifts is thin; I reread the same paragraph. There is guilt about being distant, then numbness that makes the guilt feel far away. Some evenings I cry without a clear story; other evenings I feel nothing and that scares me more. I am not looking for a clinical label from an app — I want a careful read of how heavy this has been and whether support options might help while I try to rebuild a bit of routine. Honestly, I keep replaying the last conversation like I can edit it. On top of that, rooms feel louder when nobody texts back I miss having someone who just checks in without being asked. Some nights, rooms feel louder when nobody texts back. Meanwhile, I keep replaying the last conversation like I can edit it some days I miss the person, some days I miss who I was with them. Lately, I catch myself writing messages I never send. In the mornings, I catch myself writing messages I never send. In the mornings, I keep thinking I made everything harder for people around me I replay awkward moments until they feel larger than they were. In the mornings, relief and dread take turns without asking. On top of that, some days I miss the person, some days I miss who I was with them. In the mornings, I replay awkward moments until they feel larger than they were. Lately, appetite focus and spending change with the swings. When I try to explain it, rooms feel louder when nobody texts back. Meanwhile, forward motion feels fake even when I force a routine. Meanwhile, I scroll through chats and put my phone down again.",self.depression
"My energy around group chat dropped after a stretch of doing too much. Now the crash is here and I can barely reply to a message. Heavy limbs, flat mood, cancelled plans, and shame about what I started. I am not asking an app to diagnose anything medical — I want a careful theme read about low mood and energy-down days affecting daily life, sleep, and follow-through. Some nights, weekends stretch out and I pretend I planned to be alone. Some nights, I catch myself writing messages I never send some days I miss the person, some days I miss who I was with them. When I try to explain it, I still flinch when their name shows up somewhere random. On top of that, I am angry that I have to carry this alone irritation sits under my skin like static. Also, I can laugh at a meme and feel hollow five minutes later hope shows up briefly then I talk myself out of it.",self.depression
the relationship has me drained. chest feels tight some nights then i feel nothing next morning. tbh yeah,self.depression
"I need to put this somewhere before it only lives in my head. For days around money I have had waves of not wanting to be here. They are thoughts, not a plan, and that distinction matters to me. Still, the heaviness makes ordinary life feel unreachable. I have told a friend I am struggling and I am trying to stay with people tonight. I want support more than I want those thoughts to win. Please treat this as distress that needs care pathways, not as something to analyse clinically. I will reach out further if the wave gets worse. Some nights, I miss having someone who just checks in without being asked. Honestly, I know what I should do next but my body will not start. Lately, I am not fixed but I can see a thinner path forward I finished something small and felt a real spark of pride. Meanwhile, one stretch I barely sleep and ideas pile up too fast appetite focus and spending change with the swings. Meanwhile, I am not fixed but I can see a thinner path forward. In the mornings, forward motion feels fake even when I force a routine I know what I should do next but my body will not start. Some nights, I am angry that I have to carry this alone irritation sits under my skin like static. Honestly, I am grateful for small kindnesses and still tense underneath I can laugh at a meme and feel hollow five minutes later. On top of that, I am angry that I have to carry this alone. On top of that, rooms feel louder when nobody texts back I miss having someone who just checks in without being asked. Meanwhile, shame shows up when I cancel plans again I keep thinking I made everything harder for people around me.",self.SuicideWatch
i feel trapped by money. Ideation comes in waves. Writing this so it is not only in my head. I want help more than I want to act on those thoughts. ...,self.SuicideWatch
stressed about family but also just... numb? worry comes then fades into nothing. hard to tell if im overthinking or just done,self.depression
"I keep writing and deleting this because talking about low mood around uni still feels dramatic even when it has lasted months. Mornings are the worst: I wake already tired, scroll without absorbing anything, and bargain with myself to shower. Showers help for twenty minutes. Then the flatness returns. I cancel plans, leave laundry in bags, and tell people I am busy when I am actually staring at a wall. Concentration for coursework or shifts is thin; I reread the same paragraph. There is guilt about being distant, then numbness that makes the guilt feel far away. Some evenings I cry without a clear story; other evenings I feel nothing and that scares me more. I am not looking for a clinical label from an app — I want a careful read of how heavy this has been and whether support options might help while I try to rebuild a bit of routine. Some nights, today was lighter than yesterday and that surprised me. Also, I can laugh at a meme and feel hollow five minutes later relief and dread take turns without asking. In the mornings, some days I miss the person, some days I miss who I was with them I catch myself writing messages I never send. When I try to explain it, some days I miss the person, some days I miss who I was with them. Honestly, I can laugh at a meme and feel hollow five minutes later relief and dread take turns without asking. Lately, then a crash hits and answering a text feels huge. Lately, one stretch I barely sleep and ideas pile up too fast appetite focus and spending change with the swings. When I try to explain it, friends notice I flip between wired and wiped then a crash hits and answering a text feels huge. In the mornings, I feel parked between who I was and whoever comes next. Also, I snap over tiny things and then feel worse irritation sits under my skin like static. Some nights, today was lighter than yesterday and that surprised me talking to a friend helped more than I expected.",self.depression
tired of deadlines and a bit low about it but mostly just annoyed and overthinking conversations. needed somewhere to dump it,self.offmychest
This is more of a vent than anything else: deadlines went sideways and I keep replaying the awkward parts. Advice optional.,self.offmychest
my ex stress sits in my chest. not crying just restless and snappy. whatever,self.Anxiety
Hopelessness around deadlines has been intense ive thoughts about not wanting to continue then they pass im trying to stay safe and talk to someone,self.SuicideWatch
I feel guilty admitting how frustrated work made me Writing it here releases the pressure without a big confrontation,self.offmychest
irritable then suddenly on a high about money. sleep appetite focus all over the place,self.Anxiety
everything with commute feels pointless and heavy sometimes i wonder what the point of next week is not saying im going to do anything just exhausted of fighting ...,self.SuicideWatch
"Mostly I need to unload about commute. It is not a crisis and I am not asking for a diagnosis — just space to say I am frustrated, a bit lonely after a messy week, and weirdly relieved after writing this down. There were arguments, awkward silences, and a stretch where I felt happier than I have in months after a good conversation. Emotions are mixed: annoyance, guilt, hope, then back to annoyance. Advice optional; listening preferred. On top of that, I keep thinking I made everything harder for people around me. On top of that, I go through the motions and feel buffered from myself emotions arrive late or not at all. Some nights, shame shows up when I cancel plans again. Meanwhile, shame shows up when I cancel plans again. When I try to explain it, I still flinch when their name shows up somewhere random. Meanwhile, one stretch I barely sleep and ideas pile up too fast.",self.offmychest
whatever started work projects at 2am felt unstoppable wired friends say i flip too quick,self.Anxiety
"Tonight the hopelessness around my mates is loud. I am not making a plan and I do not want to describe anything graphic — I just keep having thoughts about not wanting to continue, then they ebb. I am staying somewhere safe and telling myself to get through the next hour. Writing this is me choosing help over silence. If it worsens I will contact a support line. Honestly, I keep thinking I made everything harder for people around me shame shows up when I cancel plans again. Also, I am grateful for small kindnesses and still tense underneath. In the mornings, irritation sits under my skin like static I snap over tiny things and then feel worse. Also, I go through the motions and feel buffered from myself. Lately, I keep replaying the last conversation like I can edit it.",self.SuicideWatch
"My body treats the flat like a threat even when nothing has gone wrong yet. Chest tight, jaw locked, brain running disaster scripts. I check messages repeatedly, then feel embarrassed about checking. Sleep is shallow because I rehearse conversations at 2am. I cancel social things to avoid the spiral, which makes next week worse. This is not a diagnosis request — I want a clear reflection that this is worry and bodily tension piling up, and some gentle next steps. Some nights, appetite focus and spending change with the swings. Lately, I feel parked between who I was and whoever comes next I know what I should do next but my body will not start. Also, I replay awkward moments until they feel larger than they were. Meanwhile, one stretch I barely sleep and ideas pile up too fast friends notice I flip between wired and wiped. On top of that, weekends stretch out and I pretend I planned to be alone rooms feel louder when nobody texts back.",self.Anxiety
"For the last few weeks around group chat I have felt hollow more than tearful. I get up, do the minimum, and then sit with that heavy quiet that makes ordinary tasks feel pointless. Friends still invite me; I say maybe and then do not go. Food tastes like cardboard some days. I am not trying to diagnose myself — I just want language for this flatness and the way interest keeps slipping away. Sleep is weird: either too much or broken. I keep hoping tomorrow will feel different and it mostly does not. Also, then a crash hits and answering a text feels huge friends notice I flip between wired and wiped. Also, one stretch I barely sleep and ideas pile up too fast. Lately, I scroll through chats and put my phone down again weekends stretch out and I pretend I planned to be alone. Lately, I still flinch when their name shows up somewhere random.",self.depression
heart racing before this term again. worst case playlist on loop. idk,self.Anxiety
"Energy around my mates dropped hard. The crash wipes out what I started. I feel heavy and shut down, not looking for a label. idk",self.depression
uni stressed me out and now i feel weirdly empty after venting to no one probably fine anyway,self.offmychest
Uncertainty around my room keeps me scanning for danger I seek reassurance then doubt it five minutes later Physical tension will not switch off,self.Anxiety
"I am trying to describe the crash without claiming a clinical label. Around my course, a drop hits: heavy limbs, flat mood, cancelled plans, and shame about what I started when I had more energy. Tracking sleep and appetite helps a bit. Stress can deepen the low. Mixed days confuse me — restless and empty at once, but the empty part is what I cannot shake. Please reflect the low-mood and energy-down pattern supportively and keep language non-diagnostic; I already know software cannot replace a clinician. Lately, I am angry that I have to carry this alone. In the mornings, plans sit in notes apps untouched for weeks I know what I should do next but my body will not start. Lately, one stretch I barely sleep and ideas pile up too fast then a crash hits and answering a text feels huge. Some nights, I replay awkward moments until they feel larger than they were. Some nights, weekends stretch out and I pretend I planned to be alone. On top of that, I snap over tiny things and then feel worse I am angry that I have to carry this alone. Also, I keep thinking I made everything harder for people around me. When I try to explain it, I catch myself writing messages I never send. Some nights, music that used to hit does nothing I go through the motions and feel buffered from myself. On top of that, I snap over tiny things and then feel worse. Some nights, I know what I should do next but my body will not start. When I try to explain it, I go through the motions and feel buffered from myself emotions arrive late or not at all. In the mornings, today was lighter than yesterday and that surprised me. Honestly, shame shows up when I cancel plans again. When I try to explain it, one stretch I barely sleep and ideas pile up too fast appetite focus and spending change with the swings. Some nights, I scroll through chats and put my phone down again. Some nights, I am grateful for small kindnesses and still tense underneath.",self.depression
"I need to put this somewhere before it only lives in my head. For days around this term I have had waves of not wanting to be here. They are thoughts, not a plan, and that distinction matters to me. Still, the heaviness makes ordinary life feel unreachable. I have told a friend I am struggling and I am trying to stay with people tonight. I want support more than I want those thoughts to win. Please treat this as distress that needs care pathways, not as something to analyse clinically. I will reach out further if the wave gets worse. Some nights, I go through the motions and feel buffered from myself. Honestly, I replay awkward moments until they feel larger than they were I keep thinking I made everything harder for people around me. When I try to explain it, irritation sits under my skin like static I snap over tiny things and then feel worse. Also, friends notice I flip between wired and wiped appetite focus and spending change with the swings. On top of that, rooms feel louder when nobody texts back. When I try to explain it, I catch myself writing messages I never send I still flinch when their name shows up somewhere random. Honestly, I catch myself writing messages I never send. Honestly, I catch myself writing messages I never send I keep replaying the last conversation like I can edit it. Meanwhile, I keep replaying the last conversation like I can edit it. In the mornings, I keep thinking I made everything harder for people around me shame shows up when I cancel plans again. Honestly, some days I miss the person, some days I miss who I was with them I catch myself writing messages I never send. Honestly, I can laugh at a meme and feel hollow five minutes later relief and dread take turns without asking.",self.SuicideWatch
I feel guilty admitting how frustrated the flat made me Writing it here releases the pressure without a big confrontation,self.offmychest
just need to vent about my course. annoying week nothing deep. ...,self.offmychest
if i vanished would the weekend even notice. that thought scares me a bit. trying not to spiral alone,self.SuicideWatch
Before the weekend I spiral into what-ifs. I leave early even when people are kind.,self.Anxiety
unloading about the library pride stopped me telling mates tomorrow ill try again tonight im moaning,self.offmychest
i feel guilty admitting how frustrated the flat made me Writing it here releases the pressure without a big confrontation,self.offmychest
worried sick about sleep and also weirdly flat after the panic fades. am i anxious or just burnt out idk,self.Anxiety
people ask about the relationship and i say im ok then do nothing all evening like moving through glue small stuff takes forever,self.depression
anyway started messages projects at 2am felt unstoppable wired friends say i flip too quick,self.Anxiety
"I need to put this somewhere before it only lives in my head. For days around commute I have had waves of not wanting to be here. They are thoughts, not a plan, and that distinction matters to me. Still, the heaviness makes ordinary life feel unreachable. I have told a friend I am struggling and I am trying to stay with people tonight. I want support more than I want those thoughts to win. Please treat this as distress that needs care pathways, not as something to analyse clinically. I will reach out further if the wave gets worse. Some nights, I am grateful for small kindnesses and still tense underneath. Honestly, I still flinch when their name shows up somewhere random. In the mornings, I replay awkward moments until they feel larger than they were. Honestly, today was lighter than yesterday and that surprised me. Lately, I can laugh at a meme and feel hollow five minutes later relief and dread take turns without asking. Honestly, I still flinch when their name shows up somewhere random some days I miss the person, some days I miss who I was with them. Also, I still flinch when their name shows up somewhere random. On top of that, I replay awkward moments until they feel larger than they were I keep thinking I made everything harder for people around me. When I try to explain it, rooms feel louder when nobody texts back I scroll through chats and put my phone down again. Also, I still flinch when their name shows up somewhere random. When I try to explain it, I am not fixed but I can see a thinner path forward today was lighter than yesterday and that surprised me. When I try to explain it, hope shows up briefly then I talk myself out of it.",self.SuicideWatch
family stress sits in my chest. not crying just restless and snappy. tbh,self.Anxiety
"Mostly I need to unload about home. It is not a crisis and I am not asking for a diagnosis — just space to say I am frustrated, a bit lonely after a messy week, and weirdly relieved after writing this down. There were arguments, awkward silences, and a stretch where I felt happier than I have in months after a good conversation. Emotions are mixed: annoyance, guilt, hope, then back to annoyance. Advice optional; listening preferred. When I try to explain it, I keep replaying the last conversation like I can edit it. Lately, I still flinch when their name shows up somewhere random. On top of that, irritation sits under my skin like static I am angry that I have to carry this alone. Lately, plans sit in notes apps untouched for weeks. When I try to explain it, emotions arrive late or not at all I go through the motions and feel buffered from myself.",self.offmychest
then nothing after my room sleep appetite focus all crashed sitting there empty,self.depression
part of me wants the noise to stop no plan just the flat and this hollow feeling might message a support line if it gets worse,self.SuicideWatch
sleep returned with a crash while dealing with group chat mood followed it down i keep typing then deleting,self.depression
ideas for my shifts come too fast. racing and restless all week.,self.Anxiety
deadlines stressed me out and now i feel weirdly empty after venting to no one probably fine not sure how to say this,self.offmychest
"For the last few weeks around work I have felt hollow more than tearful. I get up, do the minimum, and then sit with that heavy quiet that makes ordinary tasks feel pointless. Friends still invite me; I say maybe and then do not go. Food tastes like cardboard some days. I am not trying to diagnose myself — I just want language for this flatness and the way interest keeps slipping away. Sleep is weird: either too much or broken. I keep hoping tomorrow will feel different and it mostly does not. When I try to explain it, music that used to hit does nothing emotions arrive late or not at all. In the mornings, I snap over tiny things and then feel worse I am angry that I have to carry this alone. Meanwhile, I catch myself writing messages I never send. Also, I am angry that I have to carry this alone irritation sits under my skin like static.",self.depression
"Tonight the hopelessness around group chat is loud. I am not making a plan and I do not want to describe anything graphic — I just keep having thoughts about not wanting to continue, then they ebb. I am staying somewhere safe and telling myself to get through the next hour. Writing this is me choosing help over silence. If it worsens I will contact a support line. Also, weekends stretch out and I pretend I planned to be alone. Meanwhile, today was lighter than yesterday and that surprised me. When I try to explain it, I am grateful for small kindnesses and still tense underneath I can laugh at a meme and feel hollow five minutes later. Meanwhile, I miss having someone who just checks in without being asked. Meanwhile, I catch myself writing messages I never send. Honestly, appetite focus and spending change with the swings.",self.SuicideWatch
tired of my shifts and a bit low about it but mostly just annoyed and overthinking conversations needed somewhere to dump it,self.offmychest
sleep vanished while dealing with sleep. mood followed the restlessness. not sure how to say this ...,self.Anxiety
if i vanished would family even notice. that thought scares me a bit. trying not to spiral alone,self.SuicideWatch
tbh started the relationship projects then i cant answer a text. friends notice im down and slow ...,self.depression
"Tonight the hopelessness around messages is loud. I am not making a plan and I do not want to describe anything graphic — I just keep having thoughts about not wanting to continue, then they ebb. I am staying somewhere safe and telling myself to get through the next hour. Writing this is me choosing help over silence. If it worsens I will contact a support line. In the mornings, music that used to hit does nothing I go through the motions and feel buffered from myself. On top of that, I am angry that I have to carry this alone irritation sits under my skin like static. Lately, I scroll through chats and put my phone down again weekends stretch out and I pretend I planned to be alone. Lately, I replay awkward moments until they feel larger than they were shame shows up when I cancel plans again.",self.SuicideWatch
worried sick about my room and also weirdly flat after the panic fades. am i anxious or just burnt out idk,self.Anxiety
money stressed me out and now i feel weirdly empty after venting to no one. probably fine. anyway,self.offmychest
maybe its nothing dark thoughts about not continuing keep looping when messages hits. im staying with someone tonight and trying to get through the next hour ...,self.SuicideWatch
"This is a long vent about this term and the pile of ordinary human feelings that came with it. Heartbreak from a friendship cooling off, loneliness on Sundays, stress about money, then a surprising afternoon where I felt genuinely happy walking home. I also feel stuck about next steps and a little ashamed that small things rattled me. Mixed feelings are the point: anger one hour, soft hope the next. I do not want clinical language — I want acknowledgement that dumping this out is allowed, plus gentle support options if I want them later. Tomorrow I will try again; tonight I just needed somewhere to put the words. Meanwhile, I catch myself writing messages I never send. Some nights, I still flinch when their name shows up somewhere random I catch myself writing messages I never send. Meanwhile, shame shows up when I cancel plans again I replay awkward moments until they feel larger than they were. Honestly, I still flinch when their name shows up somewhere random. Honestly, I snap over tiny things and then feel worse irritation sits under my skin like static. Honestly, relief and dread take turns without asking I can laugh at a meme and feel hollow five minutes later. Honestly, emotions arrive late or not at all I go through the motions and feel buffered from myself. Meanwhile, I miss having someone who just checks in without being asked. In the mornings, plans sit in notes apps untouched for weeks I know what I should do next but my body will not start. Also, I still flinch when their name shows up somewhere random. When I try to explain it, then a crash hits and answering a text feels huge. When I try to explain it, emotions arrive late or not at all. On top of that, I replay awkward moments until they feel larger than they were I keep thinking I made everything harder for people around me. Lately, friends notice I flip between wired and wiped appetite focus and spending change with the swings. Honestly, friends notice I flip between wired and wiped.",self.offmychest
"Tonight the hopelessness around this term is loud. I am not making a plan and I do not want to describe anything graphic — I just keep having thoughts about not wanting to continue, then they ebb. I am staying somewhere safe and telling myself to get through the next hour. Writing this is me choosing help over silence. If it worsens I will contact a support line. On top of that, I am grateful for small kindnesses and still tense underneath relief and dread take turns without asking. When I try to explain it, some days I miss the person, some days I miss who I was with them I catch myself writing messages I never send. When I try to explain it, I snap over tiny things and then feel worse. When I try to explain it, hope shows up briefly then I talk myself out of it.",self.SuicideWatch
family has me drained chest feels tight some nights then i feel nothing next morning anyway,self.depression
home has me drained. chest feels tight some nights then i feel nothing next morning. not sure how to say this,self.depression
"This is a long vent about the flat and the pile of ordinary human feelings that came with it. Heartbreak from a friendship cooling off, loneliness on Sundays, stress about money, then a surprising afternoon where I felt genuinely happy walking home. I also feel stuck about next steps and a little ashamed that small things rattled me. Mixed feelings are the point: anger one hour, soft hope the next. I do not want clinical language — I want acknowledgement that dumping this out is allowed, plus gentle support options if I want them later. Tomorrow I will try again; tonight I just needed somewhere to put the words. Honestly, irritation sits under my skin like static I am angry that I have to carry this alone. On top of that, I catch myself writing messages I never send I still flinch when their name shows up somewhere random. When I try to explain it, friends notice I flip between wired and wiped. Meanwhile, hope shows up briefly then I talk myself out of it. In the mornings, I keep thinking I made everything harder for people around me. On top of that, shame shows up when I cancel plans again. When I try to explain it, I miss having someone who just checks in without being asked. On top of that, I still flinch when their name shows up somewhere random I keep replaying the last conversation like I can edit it. In the mornings, I miss having someone who just checks in without being asked weekends stretch out and I pretend I planned to be alone. Some nights, shame shows up when I cancel plans again I keep thinking I made everything harder for people around me. Also, hope shows up briefly then I talk myself out of it. Meanwhile, one stretch I barely sleep and ideas pile up too fast. When I try to explain it, weekends stretch out and I pretend I planned to be alone. On top of that, I keep replaying the last conversation like I can edit it. Lately, emotions arrive late or not at all.",self.offmychest
people ask about commute and i say im ok then do nothing all evening like moving through glue small stuff takes forever,self.depression
cant get myself to care about the weekend today just blank idk,self.depression
on edge all day about the flat. sweaty hands shallow breath then i feel silly after,self.Anxiety
"Mostly I need to unload about my course. It is not a crisis and I am not asking for a diagnosis — just space to say I am frustrated, a bit lonely after a messy week, and weirdly relieved after writing this down. There were arguments, awkward silences, and a stretch where I felt happier than I have in months after a good conversation. Emotions are mixed: annoyance, guilt, hope, then back to annoyance. Advice optional; listening preferred. In the mornings, I feel parked between who I was and whoever comes next forward motion feels fake even when I force a routine. In the mornings, I keep replaying the last conversation like I can edit it some days I miss the person, some days I miss who I was with them. In the mornings, I am not fixed but I can see a thinner path forward I finished something small and felt a real spark of pride.",self.offmychest
"Tonight the hopelessness around deadlines is loud. I am not making a plan and I do not want to describe anything graphic — I just keep having thoughts about not wanting to continue, then they ebb. I am staying somewhere safe and telling myself to get through the next hour. Writing this is me choosing help over silence. If it worsens I will contact a support line. Honestly, some days I miss the person, some days I miss who I was with them. In the mornings, relief and dread take turns without asking. On top of that, today was lighter than yesterday and that surprised me I am not fixed but I can see a thinner path forward. Lately, friends notice I flip between wired and wiped appetite focus and spending change with the swings. On top of that, I know what I should do next but my body will not start forward motion feels fake even when I force a routine.",self.SuicideWatch
some days my shifts im wired and sharp. could be stress could be more. idk,self.Anxiety
uncertainty around family keeps me scanning for danger. I seek reassurance then doubt it five minutes later. Physical tension will not switch off.,self.Anxiety
if i vanished would deadlines even notice. that thought scares me a bit. trying not to spiral alone,self.SuicideWatch
I feel trapped by work. Ideation comes in waves. Writing this so it is not only in my head. I want help more than I want to act on those thoughts. yeah,self.SuicideWatch
wish i could disappear quietly. deadlines piled up and i feel like a burden. yeah,self.SuicideWatch
"My energy around this term dropped after a stretch of doing too much. Now the crash is here and I can barely reply to a message. Heavy limbs, flat mood, cancelled plans, and shame about what I started. I am not asking an app to diagnose anything medical — I want a careful theme read about low mood and energy-down days affecting daily life, sleep, and follow-through. Some nights, I scroll through chats and put my phone down again rooms feel louder when nobody texts back. Also, shame shows up when I cancel plans again. Some nights, I catch myself writing messages I never send I keep replaying the last conversation like I can edit it. Honestly, I miss having someone who just checks in without being asked I scroll through chats and put my phone down again. When I try to explain it, I can laugh at a meme and feel hollow five minutes later.",self.depression
ideas for commute came then i cant move. wiped out all week.,self.depression
"My energy around group chat dropped after a stretch of doing too much. Now the crash is here and I can barely reply to a message. Heavy limbs, flat mood, cancelled plans, and shame about what I started. I am not asking an app to diagnose anything medical — I want a careful theme read about low mood and energy-down days affecting daily life, sleep, and follow-through. On top of that, irritation sits under my skin like static I am angry that I have to carry this alone. Some nights, I scroll through chats and put my phone down again rooms feel louder when nobody texts back. Lately, weekends stretch out and I pretend I planned to be alone I miss having someone who just checks in without being asked. Lately, plans sit in notes apps untouched for weeks. When I try to explain it, I finished something small and felt a real spark of pride.",self.depression
i keep typing then deleting not a crisis just sick of pretending sleep is fine. small stuff kept piling up and i snapped at someone. whatever,self.offmychest
"Stress around my shifts has stopped being a one-day spike. For weeks I wake with dread, scan for mistakes, and catastrophise tiny delays. My heart races in lectures or on the bus for no neat reason. I ask friends if everything is okay then distrust the answer. Deadlines feel like cliffs. I leave early from gatherings because my hands shake. Afterward I feel drained and a bit numb, which confuses me — is it anxiety, burnout, or both? I am trying to track triggers: sleep debt, caffeine, unread emails. I do not want clinical certainty from software; I want acknowledgement that this worry loop is real and that support exists if it keeps growing. In the mornings, I scroll through chats and put my phone down again weekends stretch out and I pretend I planned to be alone. When I try to explain it, some days I miss the person, some days I miss who I was with them I catch myself writing messages I never send. In the mornings, one stretch I barely sleep and ideas pile up too fast. Also, forward motion feels fake even when I force a routine. Also, relief and dread take turns without asking. Some nights, I know what I should do next but my body will not start forward motion feels fake even when I force a routine. Meanwhile, I feel parked between who I was and whoever comes next plans sit in notes apps untouched for weeks. Honestly, rooms feel louder when nobody texts back I miss having someone who just checks in without being asked. Meanwhile, music that used to hit does nothing. Also, shame shows up when I cancel plans again. Some nights, I snap over tiny things and then feel worse. When I try to explain it, relief and dread take turns without asking. Some nights, I go through the motions and feel buffered from myself. Honestly, I keep thinking I made everything harder for people around me. Lately, forward motion feels fake even when I force a routine plans sit in notes apps untouched for weeks. Also, then a crash hits and answering a text feels huge.",self.Anxiety
"This is a long vent about the weekend and the pile of ordinary human feelings that came with it. Heartbreak from a friendship cooling off, loneliness on Sundays, stress about money, then a surprising afternoon where I felt genuinely happy walking home. I also feel stuck about next steps and a little ashamed that small things rattled me. Mixed feelings are the point: anger one hour, soft hope the next. I do not want clinical language — I want acknowledgement that dumping this out is allowed, plus gentle support options if I want them later. Tomorrow I will try again; tonight I just needed somewhere to put the words. In the mornings, today was lighter than yesterday and that surprised me talking to a friend helped more than I expected. Honestly, I replay awkward moments until they feel larger than they were I keep thinking I made everything harder for people around me. Some nights, I snap over tiny things and then feel worse I am angry that I have to carry this alone. On top of that, I know what I should do next but my body will not start plans sit in notes apps untouched for weeks. Also, I snap over tiny things and then feel worse irritation sits under my skin like static. Lately, I know what I should do next but my body will not start I feel parked between who I was and whoever comes next. On top of that, appetite focus and spending change with the swings then a crash hits and answering a text feels huge. When I try to explain it, I replay awkward moments until they feel larger than they were I keep thinking I made everything harder for people around me. When I try to explain it, relief and dread take turns without asking I am grateful for small kindnesses and still tense underneath. Lately, appetite focus and spending change with the swings. Meanwhile, I snap over tiny things and then feel worse I am angry that I have to carry this alone. Honestly, I scroll through chats and put my phone down again.",self.offmychest
everything with this term feels muted. not sad exactly just empty. yeah,self.depression
"Hopelessness around family has been intense. I have thoughts about not wanting to continue, then they pass. I am trying to stay safe and talk to someone.",self.SuicideWatch
"Mostly I need to unload about the library. It is not a crisis and I am not asking for a diagnosis — just space to say I am frustrated, a bit lonely after a messy week, and weirdly relieved after writing this down. There were arguments, awkward silences, and a stretch where I felt happier than I have in months after a good conversation. Emotions are mixed: annoyance, guilt, hope, then back to annoyance. Advice optional; listening preferred. Meanwhile, I am grateful for small kindnesses and still tense underneath hope shows up briefly then I talk myself out of it. On top of that, irritation sits under my skin like static I am angry that I have to carry this alone. Lately, then a crash hits and answering a text feels huge appetite focus and spending change with the swings. On top of that, I am grateful for small kindnesses and still tense underneath.",self.offmychest
"I am trying to describe the crash without claiming a clinical label. Around my course, a drop hits: heavy limbs, flat mood, cancelled plans, and shame about what I started when I had more energy. Tracking sleep and appetite helps a bit. Stress can deepen the low. Mixed days confuse me — restless and empty at once, but the empty part is what I cannot shake. Please reflect the low-mood and energy-down pattern supportively and keep language non-diagnostic; I already know software cannot replace a clinician. On top of that, I feel parked between who I was and whoever comes next. Some nights, music that used to hit does nothing emotions arrive late or not at all. When I try to explain it, irritation sits under my skin like static I snap over tiny things and then feel worse. Honestly, friends notice I flip between wired and wiped. In the mornings, I feel parked between who I was and whoever comes next. Lately, then a crash hits and answering a text feels huge friends notice I flip between wired and wiped. Honestly, rooms feel louder when nobody texts back. In the mornings, talking to a friend helped more than I expected I finished something small and felt a real spark of pride. On top of that, forward motion feels fake even when I force a routine plans sit in notes apps untouched for weeks. Meanwhile, relief and dread take turns without asking I can laugh at a meme and feel hollow five minutes later. Lately, rooms feel louder when nobody texts back weekends stretch out and I pretend I planned to be alone. In the mornings, I keep thinking I made everything harder for people around me shame shows up when I cancel plans again. Lately, one stretch I barely sleep and ideas pile up too fast. Some nights, today was lighter than yesterday and that surprised me I finished something small and felt a real spark of pride. In the mornings, one stretch I barely sleep and ideas pile up too fast appetite focus and spending change with the swings.",self.depression
"I keep writing and deleting this because talking about low mood around the relationship still feels dramatic even when it has lasted months. Mornings are the worst: I wake already tired, scroll without absorbing anything, and bargain with myself to shower. Showers help for twenty minutes. Then the flatness returns. I cancel plans, leave laundry in bags, and tell people I am busy when I am actually staring at a wall. Concentration for coursework or shifts is thin; I reread the same paragraph. There is guilt about being distant, then numbness that makes the guilt feel far away. Some evenings I cry without a clear story; other evenings I feel nothing and that scares me more. I am not looking for a clinical label from an app — I want a careful read of how heavy this has been and whether support options might help while I try to rebuild a bit of routine. Also, talking to a friend helped more than I expected I am not fixed but I can see a thinner path forward. On top of that, I still flinch when their name shows up somewhere random. When I try to explain it, I keep thinking I made everything harder for people around me. Some nights, emotions arrive late or not at all. Meanwhile, weekends stretch out and I pretend I planned to be alone. On top of that, irritation sits under my skin like static I am angry that I have to carry this alone. Meanwhile, friends notice I flip between wired and wiped one stretch I barely sleep and ideas pile up too fast. Honestly, I am angry that I have to carry this alone. In the mornings, today was lighter than yesterday and that surprised me. When I try to explain it, I finished something small and felt a real spark of pride. Meanwhile, I keep thinking I made everything harder for people around me shame shows up when I cancel plans again. In the mornings, forward motion feels fake even when I force a routine. When I try to explain it, I am grateful for small kindnesses and still tense underneath.",self.depression
i talked about messages then shut down the next stretch. Planning and spending feel pointless now. Trying to track the low.,self.depression
"I need to put this somewhere before it only lives in my head. For days around uni I have had waves of not wanting to be here. They are thoughts, not a plan, and that distinction matters to me. Still, the heaviness makes ordinary life feel unreachable. I have told a friend I am struggling and I am trying to stay with people tonight. I want support more than I want those thoughts to win. Please treat this as distress that needs care pathways, not as something to analyse clinically. I will reach out further if the wave gets worse. Honestly, I keep replaying the last conversation like I can edit it. In the mornings, I know what I should do next but my body will not start plans sit in notes apps untouched for weeks. When I try to explain it, relief and dread take turns without asking I am grateful for small kindnesses and still tense underneath. Meanwhile, emotions arrive late or not at all. In the mornings, I keep replaying the last conversation like I can edit it I catch myself writing messages I never send. Some nights, I am grateful for small kindnesses and still tense underneath relief and dread take turns without asking. Meanwhile, I am grateful for small kindnesses and still tense underneath hope shows up briefly then I talk myself out of it. Honestly, I miss having someone who just checks in without being asked weekends stretch out and I pretend I planned to be alone. On top of that, I finished something small and felt a real spark of pride. Lately, friends notice I flip between wired and wiped. Lately, I keep replaying the last conversation like I can edit it I still flinch when their name shows up somewhere random. Honestly, music that used to hit does nothing emotions arrive late or not at all.",self.SuicideWatch
if i vanished would family even notice. that thought scares me a bit. trying not to spiral alone idk,self.SuicideWatch
"My energy around work dropped after a stretch of doing too much. Now the crash is here and I can barely reply to a message. Heavy limbs, flat mood, cancelled plans, and shame about what I started. I am not asking an app to diagnose anything medical — I want a careful theme read about low mood and energy-down days affecting daily life, sleep, and follow-through. Honestly, I snap over tiny things and then feel worse. On top of that, I catch myself writing messages I never send. On top of that, today was lighter than yesterday and that surprised me. Honestly, I finished something small and felt a real spark of pride. Some nights, I know what I should do next but my body will not start. In the mornings, shame shows up when I cancel plans again. Some nights, I replay awkward moments until they feel larger than they were I keep thinking I made everything harder for people around me.",self.depression
worried sick about my mates and also weirdly flat after the panic fades am i anxious or just burnt out,self.Anxiety
i keep typing then deleting not a crisis just sick of pretending this term is fine. small stuff kept piling up and i snapped at someone. whatever idk,self.offmychest
Before work I spiral into what-ifs. I leave early even when people are kind.,self.Anxiety
This is more of a vent than anything else: family went sideways and I keep replaying the awkward parts. Advice optional.,self.offmychest
"Mostly I need to unload about the library. It is not a crisis and I am not asking for a diagnosis — just space to say I am frustrated, a bit lonely after a messy week, and weirdly relieved after writing this down. There were arguments, awkward silences, and a stretch where I felt happier than I have in months after a good conversation. Emotions are mixed: annoyance, guilt, hope, then back to annoyance. Advice optional; listening preferred. Also, music that used to hit does nothing emotions arrive late or not at all. On top of that, I keep thinking I made everything harder for people around me. On top of that, one stretch I barely sleep and ideas pile up too fast. Some nights, shame shows up when I cancel plans again. On top of that, shame shows up when I cancel plans again I replay awkward moments until they feel larger than they were.",self.offmychest
"For the last few weeks around home I have felt hollow more than tearful. I get up, do the minimum, and then sit with that heavy quiet that makes ordinary tasks feel pointless. Friends still invite me; I say maybe and then do not go. Food tastes like cardboard some days. I am not trying to diagnose myself — I just want language for this flatness and the way interest keeps slipping away. Sleep is weird: either too much or broken. I keep hoping tomorrow will feel different and it mostly does not. Lately, I feel parked between who I was and whoever comes next forward motion feels fake even when I force a routine. Meanwhile, forward motion feels fake even when I force a routine I know what I should do next but my body will not start. When I try to explain it, I still flinch when their name shows up somewhere random.",self.depression
unloading about family pride stopped me telling mates tomorrow ill try again tonight im moaning,self.offmychest
I talked about my course then shut down the next stretch. Planning and spending feel pointless now. Trying to track the low. idk,self.depression
"For the last few weeks around my course I have felt hollow more than tearful. I get up, do the minimum, and then sit with that heavy quiet that makes ordinary tasks feel pointless. Friends still invite me; I say maybe and then do not go. Food tastes like cardboard some days. I am not trying to diagnose myself — I just want language for this flatness and the way interest keeps slipping away. Sleep is weird: either too much or broken. I keep hoping tomorrow will feel different and it mostly does not. Also, I am angry that I have to carry this alone I snap over tiny things and then feel worse. Meanwhile, I go through the motions and feel buffered from myself. Lately, one stretch I barely sleep and ideas pile up too fast. In the mornings, emotions arrive late or not at all music that used to hit does nothing.",self.depression
"Mostly I need to unload about uni. It is not a crisis and I am not asking for a diagnosis — just space to say I am frustrated, a bit lonely after a messy week, and weirdly relieved after writing this down. There were arguments, awkward silences, and a stretch where I felt happier than I have in months after a good conversation. Emotions are mixed: annoyance, guilt, hope, then back to annoyance. Advice optional; listening preferred. On top of that, weekends stretch out and I pretend I planned to be alone. Honestly, I keep thinking I made everything harder for people around me shame shows up when I cancel plans again. Some nights, irritation sits under my skin like static. Meanwhile, I miss having someone who just checks in without being asked weekends stretch out and I pretend I planned to be alone. In the mornings, I am not fixed but I can see a thinner path forward talking to a friend helped more than I expected.",self.offmychest
anyway dark thoughts about not continuing keep looping when commute hits. im staying with someone tonight and trying to get through the next hour,self.SuicideWatch
tired of group chat and a bit low about it but mostly just annoyed and overthinking conversations needed somewhere to dump it,self.offmychest
Motivation for this term disappeared I sleep odd hours leave messages unread and feel heavy without a clear reason,self.depression
sleep returned with a crash while dealing with home. mood followed it down. anyway idk,self.depression
Energy around commute will not sit still. Elevated spells feel risky; I talk too fast and try to track the restlessness.,self.Anxiety
whatever started group chat projects then i cant answer a text. friends notice im down and slow,self.depression
"For the last few weeks around home I have felt hollow more than tearful. I get up, do the minimum, and then sit with that heavy quiet that makes ordinary tasks feel pointless. Friends still invite me; I say maybe and then do not go. Food tastes like cardboard some days. I am not trying to diagnose myself — I just want language for this flatness and the way interest keeps slipping away. Sleep is weird: either too much or broken. I keep hoping tomorrow will feel different and it mostly does not. Some nights, forward motion feels fake even when I force a routine. On top of that, talking to a friend helped more than I expected I am not fixed but I can see a thinner path forward. Also, I keep replaying the last conversation like I can edit it. Honestly, I am not fixed but I can see a thinner path forward.",self.depression
"This is a long vent about the flat and the pile of ordinary human feelings that came with it. Heartbreak from a friendship cooling off, loneliness on Sundays, stress about money, then a surprising afternoon where I felt genuinely happy walking home. I also feel stuck about next steps and a little ashamed that small things rattled me. Mixed feelings are the point: anger one hour, soft hope the next. I do not want clinical language — I want acknowledgement that dumping this out is allowed, plus gentle support options if I want them later. Tomorrow I will try again; tonight I just needed somewhere to put the words. Some nights, I feel parked between who I was and whoever comes next I know what I should do next but my body will not start. In the mornings, I replay awkward moments until they feel larger than they were I keep thinking I made everything harder for people around me. Meanwhile, relief and dread take turns without asking I am grateful for small kindnesses and still tense underneath. Some nights, I go through the motions and feel buffered from myself music that used to hit does nothing. In the mornings, I catch myself writing messages I never send. Honestly, irritation sits under my skin like static. Lately, I snap over tiny things and then feel worse. Meanwhile, some days I miss the person, some days I miss who I was with them. Lately, one stretch I barely sleep and ideas pile up too fast. When I try to explain it, friends notice I flip between wired and wiped. On top of that, relief and dread take turns without asking I am grateful for small kindnesses and still tense underneath. In the mornings, today was lighter than yesterday and that surprised me. Meanwhile, music that used to hit does nothing. On top of that, I feel parked between who I was and whoever comes next. Meanwhile, I go through the motions and feel buffered from myself. Lately, I catch myself writing messages I never send I still flinch when their name shows up somewhere random.",self.offmychest
"Around family I have been low for a while. I still show up but interest is gone and I replay mistakes until I shut down. Not looking for a label, just stuck. lol",self.depression
sleep vanished while dealing with the flat mood followed the restlessness feels stupid writing this,self.Anxiety
if i vanished would my shifts even notice. that thought scares me a bit. trying not to spiral alone,self.SuicideWatch
maybe its nothing started family projects then i cant answer a text. friends notice im down and slow,self.depression
unloading about the library pride stopped me telling mates tomorrow ill try again tonight im moaning lol,self.offmychest
some days commute im useless and flat. could be stress could be more. idk,self.depression
cant get moving after a crash around my course. energy gone. just heavy.,self.depression
"This is a long vent about work and the pile of ordinary human feelings that came with it. Heartbreak from a friendship cooling off, loneliness on Sundays, stress about money, then a surprising afternoon where I felt genuinely happy walking home. I also feel stuck about next steps and a little ashamed that small things rattled me. Mixed feelings are the point: anger one hour, soft hope the next. I do not want clinical language — I want acknowledgement that dumping this out is allowed, plus gentle support options if I want them later. Tomorrow I will try again; tonight I just needed somewhere to put the words. When I try to explain it, irritation sits under my skin like static I am angry that I have to carry this alone. Also, then a crash hits and answering a text feels huge friends notice I flip between wired and wiped. In the mornings, talking to a friend helped more than I expected I finished something small and felt a real spark of pride. When I try to explain it, I snap over tiny things and then feel worse. Honestly, hope shows up briefly then I talk myself out of it I can laugh at a meme and feel hollow five minutes later. Lately, emotions arrive late or not at all I go through the motions and feel buffered from myself. When I try to explain it, hope shows up briefly then I talk myself out of it. When I try to explain it, I am grateful for small kindnesses and still tense underneath. Lately, I scroll through chats and put my phone down again. When I try to explain it, I replay awkward moments until they feel larger than they were I keep thinking I made everything harder for people around me. On top of that, I scroll through chats and put my phone down again. Also, weekends stretch out and I pretend I planned to be alone I scroll through chats and put my phone down again. Also, shame shows up when I cancel plans again. In the mornings, I keep thinking I made everything harder for people around me I replay awkward moments until they feel larger than they were.",self.offmychest
some days this term im wired and sharp could be stress could be more idk,self.Anxiety
"Hopelessness around my ex has been intense. I have thoughts about not wanting to continue, then they pass. I am trying to stay safe and talk to someone.",self.SuicideWatch
Hopelessness around commute has been intense ive thoughts about not wanting to continue then they pass im trying to stay safe and talk to someone ...,self.SuicideWatch
woke up already tired of the weekend. scrolling then nothing. ...,self.depression
"My body treats work like a threat even when nothing has gone wrong yet. Chest tight, jaw locked, brain running disaster scripts. I check messages repeatedly, then feel embarrassed about checking. Sleep is shallow because I rehearse conversations at 2am. I cancel social things to avoid the spiral, which makes next week worse. This is not a diagnosis request — I want a clear reflection that this is worry and bodily tension piling up, and some gentle next steps. Also, emotions arrive late or not at all I go through the motions and feel buffered from myself. Some nights, I feel parked between who I was and whoever comes next. Some nights, I am angry that I have to carry this alone irritation sits under my skin like static. Also, I replay awkward moments until they feel larger than they were shame shows up when I cancel plans again. Also, hope shows up briefly then I talk myself out of it relief and dread take turns without asking.",self.Anxiety
had to say this somewhere: this term was messy and im annoyed,self.offmychest
"Mostly I need to unload about home. It is not a crisis and I am not asking for a diagnosis — just space to say I am frustrated, a bit lonely after a messy week, and weirdly relieved after writing this down. There were arguments, awkward silences, and a stretch where I felt happier than I have in months after a good conversation. Emotions are mixed: annoyance, guilt, hope, then back to annoyance. Advice optional; listening preferred. Lately, talking to a friend helped more than I expected today was lighter than yesterday and that surprised me. Some nights, I still flinch when their name shows up somewhere random I catch myself writing messages I never send. When I try to explain it, then a crash hits and answering a text feels huge. Honestly, emotions arrive late or not at all. Lately, relief and dread take turns without asking I can laugh at a meme and feel hollow five minutes later.",self.offmychest
"around family ive been low for a while. I still show up but interest is gone and I replay mistakes until I shut down. Not looking for a label, just stuck.",self.depression
"My energy around this term runs too fast. For a stretch I sleep little, talk quickly, start too many plans, and feel oddly wired. Friends say I seem restless across the week. I am not asking an app to diagnose anything medical — I want a careful theme read about racing thoughts and restlessness affecting daily life, sleep, and spending. In the mornings, plans sit in notes apps untouched for weeks. Some nights, friends notice I flip between wired and wiped. On top of that, relief and dread take turns without asking. Lately, then a crash hits and answering a text feels huge. On top of that, I keep replaying the last conversation like I can edit it. When I try to explain it, rooms feel louder when nobody texts back I miss having someone who just checks in without being asked. When I try to explain it, I scroll through chats and put my phone down again.",self.Anxiety
"My body treats messages like a threat even when nothing has gone wrong yet. Chest tight, jaw locked, brain running disaster scripts. I check messages repeatedly, then feel embarrassed about checking. Sleep is shallow because I rehearse conversations at 2am. I cancel social things to avoid the spiral, which makes next week worse. This is not a diagnosis request — I want a clear reflection that this is worry and bodily tension piling up, and some gentle next steps. Also, plans sit in notes apps untouched for weeks. In the mornings, plans sit in notes apps untouched for weeks. Lately, I keep thinking I made everything harder for people around me. Lately, rooms feel louder when nobody texts back. Honestly, hope shows up briefly then I talk myself out of it relief and dread take turns without asking. Honestly, I catch myself writing messages I never send. When I try to explain it, irritation sits under my skin like static.",self.Anxiety
not sure how to say this dark thoughts about not continuing keep looping when group chat hits. im staying with someone tonight and trying to get through the next hour,self.SuicideWatch
this is more of a vent than anything else: messages went sideways and I keep replaying the awkward parts. Advice optional.,self.offmychest
tbh not a crisis just sick of pretending my mates is fine. small stuff kept piling up and i snapped at someone. whatever,self.offmychest
"Tonight the hopelessness around home is loud. I am not making a plan and I do not want to describe anything graphic — I just keep having thoughts about not wanting to continue, then they ebb. I am staying somewhere safe and telling myself to get through the next hour. Writing this is me choosing help over silence. If it worsens I will contact a support line. Honestly, I replay awkward moments until they feel larger than they were. Some nights, I replay awkward moments until they feel larger than they were I keep thinking I made everything harder for people around me. When I try to explain it, I feel parked between who I was and whoever comes next forward motion feels fake even when I force a routine. On top of that, I still flinch when their name shows up somewhere random.",self.SuicideWatch
"Mostly I need to unload about the relationship. It is not a crisis and I am not asking for a diagnosis — just space to say I am frustrated, a bit lonely after a messy week, and weirdly relieved after writing this down. There were arguments, awkward silences, and a stretch where I felt happier than I have in months after a good conversation. Emotions are mixed: annoyance, guilt, hope, then back to annoyance. Advice optional; listening preferred. Honestly, I can laugh at a meme and feel hollow five minutes later. Meanwhile, one stretch I barely sleep and ideas pile up too fast. When I try to explain it, emotions arrive late or not at all. Also, weekends stretch out and I pretend I planned to be alone. Some nights, I feel parked between who I was and whoever comes next. In the mornings, talking to a friend helped more than I expected.",self.offmychest
"For the last few weeks around money I have felt hollow more than tearful. I get up, do the minimum, and then sit with that heavy quiet that makes ordinary tasks feel pointless. Friends still invite me; I say maybe and then do not go. Food tastes like cardboard some days. I am not trying to diagnose myself — I just want language for this flatness and the way interest keeps slipping away. Sleep is weird: either too much or broken. I keep hoping tomorrow will feel different and it mostly does not. Also, I catch myself writing messages I never send. Honestly, hope shows up briefly then I talk myself out of it. On top of that, I can laugh at a meme and feel hollow five minutes later. In the mornings, then a crash hits and answering a text feels huge friends notice I flip between wired and wiped.",self.depression
"Tonight the hopelessness around messages is loud. I am not making a plan and I do not want to describe anything graphic — I just keep having thoughts about not wanting to continue, then they ebb. I am staying somewhere safe and telling myself to get through the next hour. Writing this is me choosing help over silence. If it worsens I will contact a support line. Also, shame shows up when I cancel plans again I keep thinking I made everything harder for people around me. When I try to explain it, I can laugh at a meme and feel hollow five minutes later. Honestly, I scroll through chats and put my phone down again rooms feel louder when nobody texts back. When I try to explain it, I still flinch when their name shows up somewhere random some days I miss the person, some days I miss who I was with them.",self.SuicideWatch
"Around home ive been low for a while. I still show up but interest is gone and I replay mistakes until I shut down. Not looking for a label, just stuck.",self.depression
some days sleep im useless and flat. could be stress could be more. idk,self.depression
people ask about group chat and i say im ok then do nothing all evening. like moving through glue. small stuff takes forever yeah,self.depression
Talking too fast about my mates one week Mood changes how I plan and spend I feel wired and sharp,self.Anxiety
"Mostly I need to unload about my mates. It is not a crisis and I am not asking for a diagnosis — just space to say I am frustrated, a bit lonely after a messy week, and weirdly relieved after writing this down. There were arguments, awkward silences, and a stretch where I felt happier than I have in months after a good conversation. Emotions are mixed: annoyance, guilt, hope, then back to annoyance. Advice optional; listening preferred. Lately, I am not fixed but I can see a thinner path forward. Also, music that used to hit does nothing. Honestly, I keep thinking I made everything harder for people around me. Honestly, I snap over tiny things and then feel worse irritation sits under my skin like static. Some nights, I keep thinking I made everything harder for people around me. Meanwhile, I snap over tiny things and then feel worse I am angry that I have to carry this alone.",self.offmychest
"I am trying to describe the crash without claiming a clinical label. Around my mates, a drop hits: heavy limbs, flat mood, cancelled plans, and shame about what I started when I had more energy. Tracking sleep and appetite helps a bit. Stress can deepen the low. Mixed days confuse me — restless and empty at once, but the empty part is what I cannot shake. Please reflect the low-mood and energy-down pattern supportively and keep language non-diagnostic; I already know software cannot replace a clinician. In the mornings, talking to a friend helped more than I expected I am not fixed but I can see a thinner path forward. Honestly, shame shows up when I cancel plans again. On top of that, I know what I should do next but my body will not start forward motion feels fake even when I force a routine. Also, I scroll through chats and put my phone down again. When I try to explain it, music that used to hit does nothing I go through the motions and feel buffered from myself. In the mornings, I still flinch when their name shows up somewhere random I keep replaying the last conversation like I can edit it. Meanwhile, appetite focus and spending change with the swings then a crash hits and answering a text feels huge. Meanwhile, I feel parked between who I was and whoever comes next. Some nights, relief and dread take turns without asking I can laugh at a meme and feel hollow five minutes later. When I try to explain it, relief and dread take turns without asking. Meanwhile, I catch myself writing messages I never send. Meanwhile, irritation sits under my skin like static. In the mornings, I replay awkward moments until they feel larger than they were I keep thinking I made everything harder for people around me. Honestly, I know what I should do next but my body will not start. Also, emotions arrive late or not at all I go through the motions and feel buffered from myself. Honestly, I am angry that I have to carry this alone.",self.depression
part of me wants the noise to stop. no plan. just the flat and this hollow feeling. might message a support line if it gets worse,self.SuicideWatch
"Tonight the hopelessness around deadlines is loud. I am not making a plan and I do not want to describe anything graphic — I just keep having thoughts about not wanting to continue, then they ebb. I am staying somewhere safe and telling myself to get through the next hour. Writing this is me choosing help over silence. If it worsens I will contact a support line. Lately, one stretch I barely sleep and ideas pile up too fast. Also, I snap over tiny things and then feel worse. Also, I snap over tiny things and then feel worse I am angry that I have to carry this alone. Honestly, I snap over tiny things and then feel worse irritation sits under my skin like static. Lately, plans sit in notes apps untouched for weeks I know what I should do next but my body will not start.",self.SuicideWatch
tired of family and a bit low about it but mostly just annoyed and overthinking conversations needed somewhere to dump it yeah,self.offmychest
woke up already tired of uni. scrolling then nothing.,self.depression
on edge all day about the library sweaty hands shallow breath then i feel silly after idk,self.Anxiety
"Tonight the hopelessness around commute is loud. I am not making a plan and I do not want to describe anything graphic — I just keep having thoughts about not wanting to continue, then they ebb. I am staying somewhere safe and telling myself to get through the next hour. Writing this is me choosing help over silence. If it worsens I will contact a support line. Some nights, relief and dread take turns without asking I am grateful for small kindnesses and still tense underneath. Also, appetite focus and spending change with the swings one stretch I barely sleep and ideas pile up too fast. Meanwhile, relief and dread take turns without asking. Lately, weekends stretch out and I pretend I planned to be alone. Lately, some days I miss the person, some days I miss who I was with them.",self.SuicideWatch
stressed about the flat but also just... numb? worry comes then fades into nothing. hard to tell if im overthinking or just done ...,self.depression
Before the weekend I spiral into what-ifs I leave early even when people are kind idk,self.Anxiety
whatever group chat is fine on paper but i cancel everything and sit there. food is meh friends feel far. not dramatic just flat for days,self.depression
Before commute I spiral into what-ifs. I leave early even when people are kind.,self.Anxiety
just need to vent about family. annoying week nothing deep.,self.offmychest
if i vanished would my ex even notice. that thought scares me a bit. trying not to spiral alone,self.SuicideWatch
cant stop checking my mates. then checking again.,self.Anxiety
just need to vent about messages. annoying week nothing deep.,self.offmychest
"Tonight the hopelessness around uni is loud. I am not making a plan and I do not want to describe anything graphic — I just keep having thoughts about not wanting to continue, then they ebb. I am staying somewhere safe and telling myself to get through the next hour. Writing this is me choosing help over silence. If it worsens I will contact a support line. Lately, I still flinch when their name shows up somewhere random I keep replaying the last conversation like I can edit it. Honestly, shame shows up when I cancel plans again. When I try to explain it, I keep thinking I made everything harder for people around me. Meanwhile, I keep replaying the last conversation like I can edit it. Honestly, I know what I should do next but my body will not start.",self.SuicideWatch
i feel trapped by my mates. Ideation comes in waves. Writing this so it is not only in my head. I want help more than I want to act on those thoughts.,self.SuicideWatch
if i vanished would the relationship even notice. that thought scares me a bit. trying not to spiral alone,self.SuicideWatch
anyway commute makes my stomach drop. i rehearse conversations then avoid them. sleep is broken cos my brain wont shut up,self.Anxiety
"My energy around the relationship dropped after a stretch of doing too much. Now the crash is here and I can barely reply to a message. Heavy limbs, flat mood, cancelled plans, and shame about what I started. I am not asking an app to diagnose anything medical — I want a careful theme read about low mood and energy-down days affecting daily life, sleep, and follow-through. On top of that, some days I miss the person, some days I miss who I was with them I catch myself writing messages I never send. In the mornings, I keep thinking I made everything harder for people around me I replay awkward moments until they feel larger than they were. On top of that, emotions arrive late or not at all. Honestly, I go through the motions and feel buffered from myself. Some nights, shame shows up when I cancel plans again.",self.depression
hopelessness around the relationship has been intense ive thoughts about not wanting to continue then they pass im trying to stay safe and talk to someone,self.SuicideWatch
This is more of a vent than anything else: messages went sideways and I keep replaying the awkward parts. Advice optional.,self.offmychest
whatever not a crisis just sick of pretending the library is fine. small stuff kept piling up and i snapped at someone. whatever,self.offmychest
idk my mates makes my stomach drop. i rehearse conversations then avoid them. sleep is broken cos my brain wont shut up,self.Anxiety
cant get moving after a crash around my shifts. energy gone. just heavy.,self.depression
"Tonight the hopelessness around my ex is loud. I am not making a plan and I do not want to describe anything graphic — I just keep having thoughts about not wanting to continue, then they ebb. I am staying somewhere safe and telling myself to get through the next hour. Writing this is me choosing help over silence. If it worsens I will contact a support line. Meanwhile, I miss having someone who just checks in without being asked. In the mornings, shame shows up when I cancel plans again I replay awkward moments until they feel larger than they were. In the mornings, I replay awkward moments until they feel larger than they were. Some nights, I go through the motions and feel buffered from myself. In the mornings, emotions arrive late or not at all music that used to hit does nothing.",self.SuicideWatch
"I need to put this somewhere before it only lives in my head. For days around family I have had waves of not wanting to be here. They are thoughts, not a plan, and that distinction matters to me. Still, the heaviness makes ordinary life feel unreachable. I have told a friend I am struggling and I am trying to stay with people tonight. I want support more than I want those thoughts to win. Please treat this as distress that needs care pathways, not as something to analyse clinically. I will reach out further if the wave gets worse. On top of that, irritation sits under my skin like static I am angry that I have to carry this alone. Also, I replay awkward moments until they feel larger than they were shame shows up when I cancel plans again. On top of that, one stretch I barely sleep and ideas pile up too fast. Honestly, I snap over tiny things and then feel worse I am angry that I have to carry this alone. When I try to explain it, I feel parked between who I was and whoever comes next I know what I should do next but my body will not start. On top of that, I am not fixed but I can see a thinner path forward. Lately, music that used to hit does nothing. When I try to explain it, relief and dread take turns without asking I am grateful for small kindnesses and still tense underneath. Also, relief and dread take turns without asking I can laugh at a meme and feel hollow five minutes later. Some nights, I snap over tiny things and then feel worse irritation sits under my skin like static. Honestly, appetite focus and spending change with the swings.",self.SuicideWatch
"Mostly I need to unload about the flat. It is not a crisis and I am not asking for a diagnosis — just space to say I am frustrated, a bit lonely after a messy week, and weirdly relieved after writing this down. There were arguments, awkward silences, and a stretch where I felt happier than I have in months after a good conversation. Emotions are mixed: annoyance, guilt, hope, then back to annoyance. Advice optional; listening preferred. Lately, weekends stretch out and I pretend I planned to be alone. On top of that, shame shows up when I cancel plans again I keep thinking I made everything harder for people around me. Meanwhile, then a crash hits and answering a text feels huge. In the mornings, relief and dread take turns without asking hope shows up briefly then I talk myself out of it. On top of that, irritation sits under my skin like static I am angry that I have to carry this alone.",self.offmychest
This is more of a vent than anything else: money went sideways and I keep replaying the awkward parts. Advice optional.,self.offmychest
idk started commute projects at 2am felt unstoppable wired friends say i flip too quick yeah,self.Anxiety
This is more of a vent than anything else: the relationship went sideways and I keep replaying the awkward parts Advice optional,self.offmychest
"I need to put this somewhere before it only lives in my head. For days around messages I have had waves of not wanting to be here. They are thoughts, not a plan, and that distinction matters to me. Still, the heaviness makes ordinary life feel unreachable. I have told a friend I am struggling and I am trying to stay with people tonight. I want support more than I want those thoughts to win. Please treat this as distress that needs care pathways, not as something to analyse clinically. I will reach out further if the wave gets worse. Lately, forward motion feels fake even when I force a routine. In the mornings, talking to a friend helped more than I expected I finished something small and felt a real spark of pride. Also, weekends stretch out and I pretend I planned to be alone. On top of that, emotions arrive late or not at all. When I try to explain it, I replay awkward moments until they feel larger than they were. Meanwhile, then a crash hits and answering a text feels huge. When I try to explain it, I scroll through chats and put my phone down again rooms feel louder when nobody texts back. Honestly, I catch myself writing messages I never send. Some nights, I keep thinking I made everything harder for people around me I replay awkward moments until they feel larger than they were. In the mornings, I go through the motions and feel buffered from myself music that used to hit does nothing. Honestly, one stretch I barely sleep and ideas pile up too fast then a crash hits and answering a text feels huge. On top of that, relief and dread take turns without asking. Meanwhile, I know what I should do next but my body will not start.",self.SuicideWatch
sleep vanished while dealing with my ex. mood followed the restlessness. i keep typing then deleting,self.Anxiety
everything with home feels muted not sad exactly just empty,self.depression
uncertainty around work keeps me scanning for danger. I seek reassurance then doubt it five minutes later. Physical tension will not switch off.,self.Anxiety
"Stress around uni has stopped being a one-day spike. For weeks I wake with dread, scan for mistakes, and catastrophise tiny delays. My heart races in lectures or on the bus for no neat reason. I ask friends if everything is okay then distrust the answer. Deadlines feel like cliffs. I leave early from gatherings because my hands shake. Afterward I feel drained and a bit numb, which confuses me — is it anxiety, burnout, or both? I am trying to track triggers: sleep debt, caffeine, unread emails. I do not want clinical certainty from software; I want acknowledgement that this worry loop is real and that support exists if it keeps growing. In the mornings, I feel parked between who I was and whoever comes next I know what I should do next but my body will not start. When I try to explain it, some days I miss the person, some days I miss who I was with them I catch myself writing messages I never send. In the mornings, relief and dread take turns without asking. Also, I keep thinking I made everything harder for people around me. Also, I am grateful for small kindnesses and still tense underneath relief and dread take turns without asking. Honestly, appetite focus and spending change with the swings. On top of that, rooms feel louder when nobody texts back weekends stretch out and I pretend I planned to be alone. Some nights, rooms feel louder when nobody texts back. Lately, I can laugh at a meme and feel hollow five minutes later. Meanwhile, forward motion feels fake even when I force a routine I know what I should do next but my body will not start. Also, I am angry that I have to carry this alone irritation sits under my skin like static. Lately, irritation sits under my skin like static. When I try to explain it, I know what I should do next but my body will not start. On top of that, I miss having someone who just checks in without being asked weekends stretch out and I pretend I planned to be alone.",self.Anxiety
"Mostly I need to unload about work. It is not a crisis and I am not asking for a diagnosis — just space to say I am frustrated, a bit lonely after a messy week, and weirdly relieved after writing this down. There were arguments, awkward silences, and a stretch where I felt happier than I have in months after a good conversation. Emotions are mixed: annoyance, guilt, hope, then back to annoyance. Advice optional; listening preferred. In the mornings, plans sit in notes apps untouched for weeks I feel parked between who I was and whoever comes next. On top of that, forward motion feels fake even when I force a routine. Meanwhile, some days I miss the person, some days I miss who I was with them I still flinch when their name shows up somewhere random. In the mornings, I feel parked between who I was and whoever comes next.",self.offmychest
irritable then suddenly on a high about commute sleep appetite focus all over the place,self.Anxiety
deadlines stressed me out and now i feel weirdly empty after venting to no one. probably fine. i keep typing then deleting,self.offmychest
tired of uni and a bit low about it but mostly just annoyed and overthinking conversations. needed somewhere to dump it,self.offmychest
"Mostly I need to unload about my shifts. It is not a crisis and I am not asking for a diagnosis — just space to say I am frustrated, a bit lonely after a messy week, and weirdly relieved after writing this down. There were arguments, awkward silences, and a stretch where I felt happier than I have in months after a good conversation. Emotions are mixed: annoyance, guilt, hope, then back to annoyance. Advice optional; listening preferred. Meanwhile, I keep replaying the last conversation like I can edit it. Some nights, I finished something small and felt a real spark of pride. Meanwhile, music that used to hit does nothing. On top of that, today was lighter than yesterday and that surprised me. On top of that, friends notice I flip between wired and wiped then a crash hits and answering a text feels huge. Lately, emotions arrive late or not at all.",self.offmychest
on edge all day about the flat sweaty hands shallow breath then i feel silly after,self.Anxiety
everything with money feels pointless and heavy. sometimes i wonder what the point of next week is. not saying im going to do anything. just exhausted of fighting yeah,self.SuicideWatch
"My energy around uni dropped after a stretch of doing too much. Now the crash is here and I can barely reply to a message. Heavy limbs, flat mood, cancelled plans, and shame about what I started. I am not asking an app to diagnose anything medical — I want a careful theme read about low mood and energy-down days affecting daily life, sleep, and follow-through. On top of that, hope shows up briefly then I talk myself out of it. Lately, then a crash hits and answering a text feels huge friends notice I flip between wired and wiped. Also, I scroll through chats and put my phone down again. When I try to explain it, I go through the motions and feel buffered from myself music that used to hit does nothing. Also, hope shows up briefly then I talk myself out of it I am grateful for small kindnesses and still tense underneath.",self.depression
"Stress around money has stopped being a one-day spike. For weeks I wake with dread, scan for mistakes, and catastrophise tiny delays. My heart races in lectures or on the bus for no neat reason. I ask friends if everything is okay then distrust the answer. Deadlines feel like cliffs. I leave early from gatherings because my hands shake. Afterward I feel drained and a bit numb, which confuses me — is it anxiety, burnout, or both? I am trying to track triggers: sleep debt, caffeine, unread emails. I do not want clinical certainty from software; I want acknowledgement that this worry loop is real and that support exists if it keeps growing. In the mornings, hope shows up briefly then I talk myself out of it. On top of that, today was lighter than yesterday and that surprised me. In the mornings, music that used to hit does nothing I go through the motions and feel buffered from myself. Also, I go through the motions and feel buffered from myself. Some nights, I feel parked between who I was and whoever comes next. On top of that, I keep thinking I made everything harder for people around me shame shows up when I cancel plans again. When I try to explain it, one stretch I barely sleep and ideas pile up too fast then a crash hits and answering a text feels huge. Honestly, I keep thinking I made everything harder for people around me I replay awkward moments until they feel larger than they were. Honestly, I keep thinking I made everything harder for people around me. Lately, some days I miss the person, some days I miss who I was with them. On top of that, appetite focus and spending change with the swings then a crash hits and answering a text feels huge. When I try to explain it, I snap over tiny things and then feel worse. Also, one stretch I barely sleep and ideas pile up too fast then a crash hits and answering a text feels huge. Also, I finished something small and felt a real spark of pride today was lighter than yesterday and that surprised me.",self.Anxiety
ideas for work come too fast. racing and restless all week. yeah,self.Anxiety
"Tonight the hopelessness around my ex is loud. I am not making a plan and I do not want to describe anything graphic — I just keep having thoughts about not wanting to continue, then they ebb. I am staying somewhere safe and telling myself to get through the next hour. Writing this is me choosing help over silence. If it worsens I will contact a support line. When I try to explain it, I finished something small and felt a real spark of pride. Honestly, I keep replaying the last conversation like I can edit it I still flinch when their name shows up somewhere random. When I try to explain it, I am angry that I have to carry this alone. Some nights, I keep thinking I made everything harder for people around me shame shows up when I cancel plans again.",self.SuicideWatch
irritable then suddenly on a high about home sleep appetite focus all over the place ...,self.Anxiety
everything with deadlines feels pointless and heavy sometimes i wonder what the point of next week is not saying im going to do anything just exhausted of fighting,self.SuicideWatch
not sure how to say this not a crisis just sick of pretending home is fine. small stuff kept piling up and i snapped at someone. whatever,self.offmychest
my mates stress sits in my chest not crying just restless and snappy feels stupid writing this,self.Anxiety
"For the last few weeks around my mates I have felt hollow more than tearful. I get up, do the minimum, and then sit with that heavy quiet that makes ordinary tasks feel pointless. Friends still invite me; I say maybe and then do not go. Food tastes like cardboard some days. I am not trying to diagnose myself — I just want language for this flatness and the way interest keeps slipping away. Sleep is weird: either too much or broken. I keep hoping tomorrow will feel different and it mostly does not. Meanwhile, music that used to hit does nothing. In the mornings, I snap over tiny things and then feel worse irritation sits under my skin like static. Meanwhile, I keep replaying the last conversation like I can edit it I still flinch when their name shows up somewhere random. Honestly, friends notice I flip between wired and wiped.",self.depression
I feel guilty admitting how frustrated uni made me Writing it here releases the pressure without a big confrontation yeah,self.offmychest
tired of the flat and a bit low about it but mostly just annoyed and overthinking conversations. needed somewhere to dump it ...,self.offmychest
"Stress around uni has stopped being a one-day spike. For weeks I wake with dread, scan for mistakes, and catastrophise tiny delays. My heart races in lectures or on the bus for no neat reason. I ask friends if everything is okay then distrust the answer. Deadlines feel like cliffs. I leave early from gatherings because my hands shake. Afterward I feel drained and a bit numb, which confuses me — is it anxiety, burnout, or both? I am trying to track triggers: sleep debt, caffeine, unread emails. I do not want clinical certainty from software; I want acknowledgement that this worry loop is real and that support exists if it keeps growing. When I try to explain it, I keep thinking I made everything harder for people around me. Meanwhile, I am grateful for small kindnesses and still tense underneath hope shows up briefly then I talk myself out of it. On top of that, I am angry that I have to carry this alone irritation sits under my skin like static. Also, I still flinch when their name shows up somewhere random some days I miss the person, some days I miss who I was with them. Lately, irritation sits under my skin like static. Honestly, I keep replaying the last conversation like I can edit it some days I miss the person, some days I miss who I was with them. Also, I feel parked between who I was and whoever comes next plans sit in notes apps untouched for weeks. Honestly, I keep replaying the last conversation like I can edit it. On top of that, I know what I should do next but my body will not start. On top of that, friends notice I flip between wired and wiped. Also, relief and dread take turns without asking. Some nights, talking to a friend helped more than I expected. On top of that, emotions arrive late or not at all music that used to hit does nothing. When I try to explain it, one stretch I barely sleep and ideas pile up too fast. Also, I am angry that I have to carry this alone.",self.Anxiety
"Motivation for this term disappeared. I sleep odd hours, leave messages unread, and feel heavy without a clear reason.",self.depression
wish i could disappear quietly. uni piled up and i feel like a burden.,self.SuicideWatch
cant get myself to care about uni today just blank yeah,self.depression
deadlines stressed me out and now i feel weirdly empty after venting to no one probably fine whatever,self.offmychest
"Mostly I need to unload about work. It is not a crisis and I am not asking for a diagnosis — just space to say I am frustrated, a bit lonely after a messy week, and weirdly relieved after writing this down. There were arguments, awkward silences, and a stretch where I felt happier than I have in months after a good conversation. Emotions are mixed: annoyance, guilt, hope, then back to annoyance. Advice optional; listening preferred. Meanwhile, I keep replaying the last conversation like I can edit it some days I miss the person, some days I miss who I was with them. Some nights, I snap over tiny things and then feel worse. When I try to explain it, hope shows up briefly then I talk myself out of it I am grateful for small kindnesses and still tense underneath. Honestly, I know what I should do next but my body will not start.",self.offmychest
i keep typing then deleting work is fine on paper but i cancel everything and sit there. food is meh friends feel far. not dramatic just flat for days yeah,self.depression
"Mostly I need to unload about my mates. It is not a crisis and I am not asking for a diagnosis — just space to say I am frustrated, a bit lonely after a messy week, and weirdly relieved after writing this down. There were arguments, awkward silences, and a stretch where I felt happier than I have in months after a good conversation. Emotions are mixed: annoyance, guilt, hope, then back to annoyance. Advice optional; listening preferred. Some nights, I snap over tiny things and then feel worse I am angry that I have to carry this alone. When I try to explain it, I can laugh at a meme and feel hollow five minutes later hope shows up briefly then I talk myself out of it. Some nights, one stretch I barely sleep and ideas pile up too fast appetite focus and spending change with the swings. When I try to explain it, I keep thinking I made everything harder for people around me.",self.offmychest
"My body treats commute like a threat even when nothing has gone wrong yet. Chest tight, jaw locked, brain running disaster scripts. I check messages repeatedly, then feel embarrassed about checking. Sleep is shallow because I rehearse conversations at 2am. I cancel social things to avoid the spiral, which makes next week worse. This is not a diagnosis request — I want a clear reflection that this is worry and bodily tension piling up, and some gentle next steps. Some nights, irritation sits under my skin like static I am angry that I have to carry this alone. Honestly, I finished something small and felt a real spark of pride. In the mornings, I am angry that I have to carry this alone irritation sits under my skin like static. On top of that, shame shows up when I cancel plans again I replay awkward moments until they feel larger than they were.",self.Anxiety
idk not a crisis just sick of pretending the library is fine small stuff kept piling up and i snapped at someone whatever,self.offmychest
"Mostly I need to unload about uni. It is not a crisis and I am not asking for a diagnosis — just space to say I am frustrated, a bit lonely after a messy week, and weirdly relieved after writing this down. There were arguments, awkward silences, and a stretch where I felt happier than I have in months after a good conversation. Emotions are mixed: annoyance, guilt, hope, then back to annoyance. Advice optional; listening preferred. Lately, talking to a friend helped more than I expected. On top of that, I still flinch when their name shows up somewhere random I catch myself writing messages I never send. Also, music that used to hit does nothing emotions arrive late or not at all. Honestly, relief and dread take turns without asking I am grateful for small kindnesses and still tense underneath. Some nights, I keep replaying the last conversation like I can edit it I catch myself writing messages I never send.",self.offmychest
if i vanished would my mates even notice. that thought scares me a bit. trying not to spiral alone,self.SuicideWatch
"Stress around commute has stopped being a one-day spike. For weeks I wake with dread, scan for mistakes, and catastrophise tiny delays. My heart races in lectures or on the bus for no neat reason. I ask friends if everything is okay then distrust the answer. Deadlines feel like cliffs. I leave early from gatherings because my hands shake. Afterward I feel drained and a bit numb, which confuses me — is it anxiety, burnout, or both? I am trying to track triggers: sleep debt, caffeine, unread emails. I do not want clinical certainty from software; I want acknowledgement that this worry loop is real and that support exists if it keeps growing. Lately, I miss having someone who just checks in without being asked. When I try to explain it, appetite focus and spending change with the swings then a crash hits and answering a text feels huge. In the mornings, I catch myself writing messages I never send I keep replaying the last conversation like I can edit it. Lately, music that used to hit does nothing. Some nights, emotions arrive late or not at all music that used to hit does nothing. In the mornings, one stretch I barely sleep and ideas pile up too fast friends notice I flip between wired and wiped. Lately, irritation sits under my skin like static. Lately, forward motion feels fake even when I force a routine plans sit in notes apps untouched for weeks. Some nights, plans sit in notes apps untouched for weeks. Meanwhile, I keep thinking I made everything harder for people around me. In the mornings, I know what I should do next but my body will not start. Also, I finished something small and felt a real spark of pride I am not fixed but I can see a thinner path forward. Honestly, I scroll through chats and put my phone down again. Lately, I keep thinking I made everything harder for people around me. On top of that, appetite focus and spending change with the swings then a crash hits and answering a text feels huge.",self.Anxiety
hopelessness around money has been intense I have thoughts about not wanting to continue then they pass I am trying to stay safe and talk to someone,self.SuicideWatch
"Mostly I need to unload about the library. It is not a crisis and I am not asking for a diagnosis — just space to say I am frustrated, a bit lonely after a messy week, and weirdly relieved after writing this down. There were arguments, awkward silences, and a stretch where I felt happier than I have in months after a good conversation. Emotions are mixed: annoyance, guilt, hope, then back to annoyance. Advice optional; listening preferred. Honestly, appetite focus and spending change with the swings. Some nights, I snap over tiny things and then feel worse I am angry that I have to carry this alone. On top of that, talking to a friend helped more than I expected. Meanwhile, I am angry that I have to carry this alone. Lately, I replay awkward moments until they feel larger than they were I keep thinking I made everything harder for people around me.",self.offmychest
"Tonight the hopelessness around money is loud. I am not making a plan and I do not want to describe anything graphic — I just keep having thoughts about not wanting to continue, then they ebb. I am staying somewhere safe and telling myself to get through the next hour. Writing this is me choosing help over silence. If it worsens I will contact a support line. When I try to explain it, I can laugh at a meme and feel hollow five minutes later. Lately, weekends stretch out and I pretend I planned to be alone. On top of that, I still flinch when their name shows up somewhere random. Meanwhile, forward motion feels fake even when I force a routine. Lately, I am angry that I have to carry this alone I snap over tiny things and then feel worse.",self.SuicideWatch
part of me wants the noise to stop no plan just my mates and this hollow feeling might message a support line if it gets worse,self.SuicideWatch
irritable then suddenly on a high about the relationship. sleep appetite focus all over the place,self.Anxiety
I feel guilty admitting how frustrated commute made me. Writing it here releases the pressure without a big confrontation.,self.offmychest
"For the last few weeks around commute I have felt hollow more than tearful. I get up, do the minimum, and then sit with that heavy quiet that makes ordinary tasks feel pointless. Friends still invite me; I say maybe and then do not go. Food tastes like cardboard some days. I am not trying to diagnose myself — I just want language for this flatness and the way interest keeps slipping away. Sleep is weird: either too much or broken. I keep hoping tomorrow will feel different and it mostly does not. In the mornings, I still flinch when their name shows up somewhere random. Also, I am grateful for small kindnesses and still tense underneath hope shows up briefly then I talk myself out of it. When I try to explain it, I miss having someone who just checks in without being asked I scroll through chats and put my phone down again.",self.depression
Uncertainty around my room keeps me scanning for danger. I seek reassurance then doubt it five minutes later. Physical tension will not switch off. yeah,self.Anxiety
unloading about my ex. pride stopped me telling mates. tomorrow ill try again tonight im moaning,self.offmychest
maybe its nothing dark thoughts about not continuing keep looping when my mates hits. im staying with someone tonight and trying to get through the next hour,self.SuicideWatch
tired of uni and a bit low about it but mostly just annoyed and overthinking conversations. needed somewhere to dump it yeah,self.offmychest
maybe its nothing my course is fine on paper but i cancel everything and sit there. food is meh friends feel far. not dramatic just flat for days,self.depression
work has me drained. chest feels tight some nights then i feel nothing next morning. whatever,self.depression
whatever started deadlines projects then i cant answer a text. friends notice im down and slow,self.depression
"Tonight the hopelessness around messages is loud. I am not making a plan and I do not want to describe anything graphic — I just keep having thoughts about not wanting to continue, then they ebb. I am staying somewhere safe and telling myself to get through the next hour. Writing this is me choosing help over silence. If it worsens I will contact a support line. On top of that, I know what I should do next but my body will not start plans sit in notes apps untouched for weeks. On top of that, plans sit in notes apps untouched for weeks I know what I should do next but my body will not start. When I try to explain it, I keep replaying the last conversation like I can edit it I catch myself writing messages I never send.",self.SuicideWatch
"I need to put this somewhere before it only lives in my head. For days around my ex I have had waves of not wanting to be here. They are thoughts, not a plan, and that distinction matters to me. Still, the heaviness makes ordinary life feel unreachable. I have told a friend I am struggling and I am trying to stay with people tonight. I want support more than I want those thoughts to win. Please treat this as distress that needs care pathways, not as something to analyse clinically. I will reach out further if the wave gets worse. On top of that, some days I miss the person, some days I miss who I was with them I still flinch when their name shows up somewhere random. Some nights, I still flinch when their name shows up somewhere random I keep replaying the last conversation like I can edit it. Some nights, I keep thinking I made everything harder for people around me I replay awkward moments until they feel larger than they were. Some nights, I still flinch when their name shows up somewhere random I catch myself writing messages I never send. In the mornings, today was lighter than yesterday and that surprised me. Some nights, I go through the motions and feel buffered from myself. When I try to explain it, I know what I should do next but my body will not start I feel parked between who I was and whoever comes next. When I try to explain it, I feel parked between who I was and whoever comes next I know what I should do next but my body will not start. On top of that, hope shows up briefly then I talk myself out of it. In the mornings, I am not fixed but I can see a thinner path forward talking to a friend helped more than I expected.",self.SuicideWatch
part of me wants the noise to stop. no plan. just money and this hollow feeling. might message a support line if it gets worse,self.SuicideWatch
the library stress sits in my chest. not crying just restless and snappy. idk,self.Anxiety
"For the last few weeks around the flat I have felt hollow more than tearful. I get up, do the minimum, and then sit with that heavy quiet that makes ordinary tasks feel pointless. Friends still invite me; I say maybe and then do not go. Food tastes like cardboard some days. I am not trying to diagnose myself — I just want language for this flatness and the way interest keeps slipping away. Sleep is weird: either too much or broken. I keep hoping tomorrow will feel different and it mostly does not. In the mornings, I keep replaying the last conversation like I can edit it I still flinch when their name shows up somewhere random. Honestly, I keep thinking I made everything harder for people around me shame shows up when I cancel plans again. When I try to explain it, I go through the motions and feel buffered from myself.",self.depression
deadlines stressed me out and now i feel weirdly empty after venting to no one probably fine tbh,self.offmychest
sleep vanished while dealing with the weekend. mood followed the restlessness. tbh,self.Anxiety
hopelessness around work has been intense ive thoughts about not wanting to continue then they pass im trying to stay safe and talk to someone,self.SuicideWatch
tbh not a crisis just sick of pretending commute is fine. small stuff kept piling up and i snapped at someone. whatever,self.offmychest
unloading about sleep pride stopped me telling mates tomorrow ill try again tonight im moaning ...,self.offmychest
"This is a long vent about my mates and the pile of ordinary human feelings that came with it. Heartbreak from a friendship cooling off, loneliness on Sundays, stress about money, then a surprising afternoon where I felt genuinely happy walking home. I also feel stuck about next steps and a little ashamed that small things rattled me. Mixed feelings are the point: anger one hour, soft hope the next. I do not want clinical language — I want acknowledgement that dumping this out is allowed, plus gentle support options if I want them later. Tomorrow I will try again; tonight I just needed somewhere to put the words. When I try to explain it, hope shows up briefly then I talk myself out of it. Honestly, one stretch I barely sleep and ideas pile up too fast friends notice I flip between wired and wiped. Also, shame shows up when I cancel plans again I replay awkward moments until they feel larger than they were. Some nights, weekends stretch out and I pretend I planned to be alone rooms feel louder when nobody texts back. Meanwhile, I am angry that I have to carry this alone I snap over tiny things and then feel worse. Lately, music that used to hit does nothing. When I try to explain it, I am grateful for small kindnesses and still tense underneath. In the mornings, I go through the motions and feel buffered from myself emotions arrive late or not at all. Some nights, some days I miss the person, some days I miss who I was with them. Honestly, friends notice I flip between wired and wiped. In the mornings, I can laugh at a meme and feel hollow five minutes later. Some nights, shame shows up when I cancel plans again. In the mornings, I know what I should do next but my body will not start plans sit in notes apps untouched for weeks. Meanwhile, I am not fixed but I can see a thinner path forward today was lighter than yesterday and that surprised me. Honestly, I catch myself writing messages I never send.",self.offmychest
"Mostly I need to unload about deadlines. It is not a crisis and I am not asking for a diagnosis — just space to say I am frustrated, a bit lonely after a messy week, and weirdly relieved after writing this down. There were arguments, awkward silences, and a stretch where I felt happier than I have in months after a good conversation. Emotions are mixed: annoyance, guilt, hope, then back to annoyance. Advice optional; listening preferred. On top of that, weekends stretch out and I pretend I planned to be alone I miss having someone who just checks in without being asked. When I try to explain it, hope shows up briefly then I talk myself out of it I am grateful for small kindnesses and still tense underneath. Some nights, I am angry that I have to carry this alone. Lately, some days I miss the person, some days I miss who I was with them.",self.offmychest
"Mostly I need to unload about the weekend. It is not a crisis and I am not asking for a diagnosis — just space to say I am frustrated, a bit lonely after a messy week, and weirdly relieved after writing this down. There were arguments, awkward silences, and a stretch where I felt happier than I have in months after a good conversation. Emotions are mixed: annoyance, guilt, hope, then back to annoyance. Advice optional; listening preferred. Honestly, shame shows up when I cancel plans again. Meanwhile, shame shows up when I cancel plans again. Meanwhile, weekends stretch out and I pretend I planned to be alone. Meanwhile, I finished something small and felt a real spark of pride. Meanwhile, one stretch I barely sleep and ideas pile up too fast. Meanwhile, talking to a friend helped more than I expected. Meanwhile, I am grateful for small kindnesses and still tense underneath.",self.offmychest
"Tonight the hopelessness around money is loud. I am not making a plan and I do not want to describe anything graphic — I just keep having thoughts about not wanting to continue, then they ebb. I am staying somewhere safe and telling myself to get through the next hour. Writing this is me choosing help over silence. If it worsens I will contact a support line. On top of that, emotions arrive late or not at all. Meanwhile, relief and dread take turns without asking. Lately, I know what I should do next but my body will not start plans sit in notes apps untouched for weeks. Lately, I know what I should do next but my body will not start I feel parked between who I was and whoever comes next. When I try to explain it, I catch myself writing messages I never send.",self.SuicideWatch
anyway dark thoughts about not continuing keep looping when home hits im staying with someone tonight and trying to get through the next hour,self.SuicideWatch
the library stress sits in my chest not crying just restless and snappy feels stupid writing this,self.Anxiety
maybe its nothing not a crisis just sick of pretending my ex is fine. small stuff kept piling up and i snapped at someone. whatever,self.offmychest
This is more of a vent than anything else: group chat went sideways and I keep replaying the awkward parts. Advice optional.,self.offmychest
heart racing before this term again. worst case playlist on loop. yeah,self.Anxiety
"For the last few weeks around my ex I have felt hollow more than tearful. I get up, do the minimum, and then sit with that heavy quiet that makes ordinary tasks feel pointless. Friends still invite me; I say maybe and then do not go. Food tastes like cardboard some days. I am not trying to diagnose myself — I just want language for this flatness and the way interest keeps slipping away. Sleep is weird: either too much or broken. I keep hoping tomorrow will feel different and it mostly does not. Also, I am angry that I have to carry this alone. In the mornings, I snap over tiny things and then feel worse I am angry that I have to carry this alone. Lately, today was lighter than yesterday and that surprised me. Meanwhile, I catch myself writing messages I never send. Honestly, then a crash hits and answering a text feels huge.",self.depression
people ask about this term and i say im ok then do nothing all evening. like moving through glue. small stuff takes forever,self.depression
"My body treats the relationship like a threat even when nothing has gone wrong yet. Chest tight, jaw locked, brain running disaster scripts. I check messages repeatedly, then feel embarrassed about checking. Sleep is shallow because I rehearse conversations at 2am. I cancel social things to avoid the spiral, which makes next week worse. This is not a diagnosis request — I want a clear reflection that this is worry and bodily tension piling up, and some gentle next steps. Some nights, I am angry that I have to carry this alone I snap over tiny things and then feel worse. When I try to explain it, rooms feel louder when nobody texts back I miss having someone who just checks in without being asked. Some nights, weekends stretch out and I pretend I planned to be alone. Meanwhile, plans sit in notes apps untouched for weeks. Some nights, irritation sits under my skin like static.",self.Anxiety
sleep stressed me out and now i feel weirdly empty after venting to no one probably fine anyway,self.offmychest
not sure how to say this not a crisis just sick of pretending money is fine. small stuff kept piling up and i snapped at someone. whatever,self.offmychest
"This is a long vent about uni and the pile of ordinary human feelings that came with it. Heartbreak from a friendship cooling off, loneliness on Sundays, stress about money, then a surprising afternoon where I felt genuinely happy walking home. I also feel stuck about next steps and a little ashamed that small things rattled me. Mixed feelings are the point: anger one hour, soft hope the next. I do not want clinical language — I want acknowledgement that dumping this out is allowed, plus gentle support options if I want them later. Tomorrow I will try again; tonight I just needed somewhere to put the words. On top of that, today was lighter than yesterday and that surprised me. Some nights, I catch myself writing messages I never send I still flinch when their name shows up somewhere random. Some nights, music that used to hit does nothing I go through the motions and feel buffered from myself. Some nights, forward motion feels fake even when I force a routine. Meanwhile, I snap over tiny things and then feel worse I am angry that I have to carry this alone. Some nights, emotions arrive late or not at all. Some nights, I miss having someone who just checks in without being asked. On top of that, one stretch I barely sleep and ideas pile up too fast. Honestly, I replay awkward moments until they feel larger than they were shame shows up when I cancel plans again. Also, I catch myself writing messages I never send some days I miss the person, some days I miss who I was with them. In the mornings, I keep thinking I made everything harder for people around me. Meanwhile, I can laugh at a meme and feel hollow five minutes later. In the mornings, I keep thinking I made everything harder for people around me. Lately, I miss having someone who just checks in without being asked. Lately, today was lighter than yesterday and that surprised me. Some nights, I am grateful for small kindnesses and still tense underneath. Lately, hope shows up briefly then I talk myself out of it relief and dread take turns without asking.",self.offmychest
Talking too fast about my ex one week. Mood changes how I plan and spend. I feel wired and sharp.,self.Anxiety
idk my ex makes my stomach drop. i rehearse conversations then avoid them. sleep is broken cos my brain wont shut up lol,self.Anxiety
tbh not a crisis just sick of pretending my course is fine small stuff kept piling up and i snapped at someone whatever,self.offmychest
everything with commute feels pointless and heavy. sometimes i wonder what the point of next week is. not saying im going to do anything. just exhausted of fighting,self.SuicideWatch
unloading about my mates. pride stopped me telling mates. tomorrow ill try again tonight im moaning,self.offmychest
"I keep writing and deleting this because talking about low mood around uni still feels dramatic even when it has lasted months. Mornings are the worst: I wake already tired, scroll without absorbing anything, and bargain with myself to shower. Showers help for twenty minutes. Then the flatness returns. I cancel plans, leave laundry in bags, and tell people I am busy when I am actually staring at a wall. Concentration for coursework or shifts is thin; I reread the same paragraph. There is guilt about being distant, then numbness that makes the guilt feel far away. Some evenings I cry without a clear story; other evenings I feel nothing and that scares me more. I am not looking for a clinical label from an app — I want a careful read of how heavy this has been and whether support options might help while I try to rebuild a bit of routine. On top of that, hope shows up briefly then I talk myself out of it relief and dread take turns without asking. On top of that, relief and dread take turns without asking I am grateful for small kindnesses and still tense underneath. In the mornings, then a crash hits and answering a text feels huge friends notice I flip between wired and wiped. When I try to explain it, music that used to hit does nothing. Also, I keep thinking I made everything harder for people around me. Meanwhile, relief and dread take turns without asking I am grateful for small kindnesses and still tense underneath. Meanwhile, I know what I should do next but my body will not start I feel parked between who I was and whoever comes next. Also, I keep replaying the last conversation like I can edit it some days I miss the person, some days I miss who I was with them. When I try to explain it, shame shows up when I cancel plans again I keep thinking I made everything harder for people around me. Meanwhile, hope shows up briefly then I talk myself out of it relief and dread take turns without asking.",self.depression
i feel guilty admitting how frustrated my room made me Writing it here releases the pressure without a big confrontation,self.offmychest
i keep typing then deleting started my mates projects then i cant answer a text. friends notice im down and slow,self.depression
some days the relationship im wired and sharp could be stress could be more idk,self.Anxiety
I talked about the weekend then shut down the next stretch. Planning and spending feel pointless now. Trying to track the low.,self.depression
"Stress around the library has stopped being a one-day spike. For weeks I wake with dread, scan for mistakes, and catastrophise tiny delays. My heart races in lectures or on the bus for no neat reason. I ask friends if everything is okay then distrust the answer. Deadlines feel like cliffs. I leave early from gatherings because my hands shake. Afterward I feel drained and a bit numb, which confuses me — is it anxiety, burnout, or both? I am trying to track triggers: sleep debt, caffeine, unread emails. I do not want clinical certainty from software; I want acknowledgement that this worry loop is real and that support exists if it keeps growing. Some nights, shame shows up when I cancel plans again I keep thinking I made everything harder for people around me. On top of that, forward motion feels fake even when I force a routine I know what I should do next but my body will not start. On top of that, relief and dread take turns without asking I can laugh at a meme and feel hollow five minutes later. Meanwhile, I can laugh at a meme and feel hollow five minutes later. When I try to explain it, today was lighter than yesterday and that surprised me. Some nights, relief and dread take turns without asking. Some nights, I finished something small and felt a real spark of pride. On top of that, emotions arrive late or not at all. Meanwhile, weekends stretch out and I pretend I planned to be alone I scroll through chats and put my phone down again. On top of that, I am angry that I have to carry this alone irritation sits under my skin like static. In the mornings, shame shows up when I cancel plans again. Lately, I keep thinking I made everything harder for people around me. When I try to explain it, I still flinch when their name shows up somewhere random. On top of that, I finished something small and felt a real spark of pride. Honestly, plans sit in notes apps untouched for weeks I know what I should do next but my body will not start.",self.Anxiety
sleep returned with a crash while dealing with home. mood followed it down. maybe its nothing,self.depression
I feel guilty admitting how frustrated uni made me. Writing it here releases the pressure without a big confrontation.,self.offmychest
"My energy around the weekend runs too fast. For a stretch I sleep little, talk quickly, start too many plans, and feel oddly wired. Friends say I seem restless across the week. I am not asking an app to diagnose anything medical — I want a careful theme read about racing thoughts and restlessness affecting daily life, sleep, and spending. Also, music that used to hit does nothing I go through the motions and feel buffered from myself. In the mornings, hope shows up briefly then I talk myself out of it. On top of that, I snap over tiny things and then feel worse. Some nights, music that used to hit does nothing I go through the motions and feel buffered from myself. Some nights, then a crash hits and answering a text feels huge. Meanwhile, I am angry that I have to carry this alone irritation sits under my skin like static.",self.Anxiety
"Tonight the hopelessness around the relationship is loud. I am not making a plan and I do not want to describe anything graphic — I just keep having thoughts about not wanting to continue, then they ebb. I am staying somewhere safe and telling myself to get through the next hour. Writing this is me choosing help over silence. If it worsens I will contact a support line. On top of that, relief and dread take turns without asking. Also, weekends stretch out and I pretend I planned to be alone rooms feel louder when nobody texts back. Meanwhile, plans sit in notes apps untouched for weeks. Meanwhile, one stretch I barely sleep and ideas pile up too fast appetite focus and spending change with the swings. On top of that, friends notice I flip between wired and wiped appetite focus and spending change with the swings.",self.SuicideWatch
money stressed me out and now i feel weirdly empty after venting to no one. probably fine. not sure how to say this lol,self.offmychest
maybe its nothing money makes my stomach drop. i rehearse conversations then avoid them. sleep is broken cos my brain wont shut up,self.Anxiety
sleep returned with a crash while dealing with group chat. mood followed it down. i keep typing then deleting,self.depression
"Tonight the hopelessness around the library is loud. I am not making a plan and I do not want to describe anything graphic — I just keep having thoughts about not wanting to continue, then they ebb. I am staying somewhere safe and telling myself to get through the next hour. Writing this is me choosing help over silence. If it worsens I will contact a support line. When I try to explain it, I feel parked between who I was and whoever comes next. Meanwhile, irritation sits under my skin like static. In the mornings, I am angry that I have to carry this alone I snap over tiny things and then feel worse. When I try to explain it, today was lighter than yesterday and that surprised me. When I try to explain it, I am angry that I have to carry this alone I snap over tiny things and then feel worse.",self.SuicideWatch
"My energy around group chat runs too fast. For a stretch I sleep little, talk quickly, start too many plans, and feel oddly wired. Friends say I seem restless across the week. I am not asking an app to diagnose anything medical — I want a careful theme read about racing thoughts and restlessness affecting daily life, sleep, and spending. Lately, I keep thinking I made everything harder for people around me shame shows up when I cancel plans again. Some nights, shame shows up when I cancel plans again. On top of that, I still flinch when their name shows up somewhere random I catch myself writing messages I never send. Meanwhile, emotions arrive late or not at all music that used to hit does nothing. Honestly, weekends stretch out and I pretend I planned to be alone rooms feel louder when nobody texts back. Lately, one stretch I barely sleep and ideas pile up too fast then a crash hits and answering a text feels huge.",self.Anxiety
idk uni is fine on paper but i cancel everything and sit there food is meh friends feel far not dramatic just flat for days,self.depression
"This is a long vent about this term and the pile of ordinary human feelings that came with it. Heartbreak from a friendship cooling off, loneliness on Sundays, stress about money, then a surprising afternoon where I felt genuinely happy walking home. I also feel stuck about next steps and a little ashamed that small things rattled me. Mixed feelings are the point: anger one hour, soft hope the next. I do not want clinical language — I want acknowledgement that dumping this out is allowed, plus gentle support options if I want them later. Tomorrow I will try again; tonight I just needed somewhere to put the words. Meanwhile, I miss having someone who just checks in without being asked I scroll through chats and put my phone down again. When I try to explain it, appetite focus and spending change with the swings. When I try to explain it, I know what I should do next but my body will not start plans sit in notes apps untouched for weeks. When I try to explain it, emotions arrive late or not at all. On top of that, forward motion feels fake even when I force a routine. Also, I miss having someone who just checks in without being asked weekends stretch out and I pretend I planned to be alone. Lately, I am not fixed but I can see a thinner path forward. When I try to explain it, I scroll through chats and put my phone down again. When I try to explain it, I am not fixed but I can see a thinner path forward I finished something small and felt a real spark of pride. When I try to explain it, music that used to hit does nothing emotions arrive late or not at all. Also, I scroll through chats and put my phone down again weekends stretch out and I pretend I planned to be alone. Honestly, I replay awkward moments until they feel larger than they were I keep thinking I made everything harder for people around me. On top of that, weekends stretch out and I pretend I planned to be alone.",self.offmychest
"I am trying to describe the wired stretch without claiming a clinical label. Around commute, racing ideas, irritability, and nights where sleep feels optional show up together. I spend more, promise more, and feel sharp in a way that later looks reckless. Tracking sleep helps a bit. Stress can trigger the restlessness. Mixed days confuse me — restless and tense at once. Please reflect the racing and worry pattern supportively and keep language non-diagnostic; I already know software cannot replace a clinician. Lately, talking to a friend helped more than I expected I am not fixed but I can see a thinner path forward. Some nights, I miss having someone who just checks in without being asked. On top of that, I keep thinking I made everything harder for people around me I replay awkward moments until they feel larger than they were. Honestly, rooms feel louder when nobody texts back. On top of that, I keep thinking I made everything harder for people around me. Lately, then a crash hits and answering a text feels huge. Meanwhile, I scroll through chats and put my phone down again. Some nights, irritation sits under my skin like static. Also, I snap over tiny things and then feel worse. Lately, I keep thinking I made everything harder for people around me I replay awkward moments until they feel larger than they were. Meanwhile, I catch myself writing messages I never send. In the mornings, I replay awkward moments until they feel larger than they were. Some nights, emotions arrive late or not at all. Also, I snap over tiny things and then feel worse. Meanwhile, rooms feel louder when nobody texts back. Meanwhile, I am angry that I have to carry this alone. Meanwhile, I catch myself writing messages I never send. On top of that, music that used to hit does nothing emotions arrive late or not at all. Some nights, irritation sits under my skin like static I snap over tiny things and then feel worse. On top of that, I finished something small and felt a real spark of pride today was lighter than yesterday and that surprised me.",self.Anxiety
"I need to put this somewhere before it only lives in my head. For days around my ex I have had waves of not wanting to be here. They are thoughts, not a plan, and that distinction matters to me. Still, the heaviness makes ordinary life feel unreachable. I have told a friend I am struggling and I am trying to stay with people tonight. I want support more than I want those thoughts to win. Please treat this as distress that needs care pathways, not as something to analyse clinically. I will reach out further if the wave gets worse. In the mornings, I keep thinking I made everything harder for people around me I replay awkward moments until they feel larger than they were. On top of that, I replay awkward moments until they feel larger than they were. Also, I miss having someone who just checks in without being asked weekends stretch out and I pretend I planned to be alone. Honestly, I finished something small and felt a real spark of pride. Lately, I keep replaying the last conversation like I can edit it. Honestly, I feel parked between who I was and whoever comes next. When I try to explain it, I feel parked between who I was and whoever comes next plans sit in notes apps untouched for weeks. Meanwhile, I scroll through chats and put my phone down again rooms feel louder when nobody texts back. On top of that, I know what I should do next but my body will not start forward motion feels fake even when I force a routine. Meanwhile, I am not fixed but I can see a thinner path forward. On top of that, music that used to hit does nothing I go through the motions and feel buffered from myself.",self.SuicideWatch
"My body treats group chat like a threat even when nothing has gone wrong yet. Chest tight, jaw locked, brain running disaster scripts. I check messages repeatedly, then feel embarrassed about checking. Sleep is shallow because I rehearse conversations at 2am. I cancel social things to avoid the spiral, which makes next week worse. This is not a diagnosis request — I want a clear reflection that this is worry and bodily tension piling up, and some gentle next steps. Lately, friends notice I flip between wired and wiped. Honestly, I catch myself writing messages I never send. Meanwhile, shame shows up when I cancel plans again. Some nights, I am angry that I have to carry this alone I snap over tiny things and then feel worse. On top of that, I snap over tiny things and then feel worse I am angry that I have to carry this alone.",self.Anxiety
"My energy around my room dropped after a stretch of doing too much. Now the crash is here and I can barely reply to a message. Heavy limbs, flat mood, cancelled plans, and shame about what I started. I am not asking an app to diagnose anything medical — I want a careful theme read about low mood and energy-down days affecting daily life, sleep, and follow-through. On top of that, irritation sits under my skin like static I snap over tiny things and then feel worse. Meanwhile, plans sit in notes apps untouched for weeks. Lately, rooms feel louder when nobody texts back. Lately, emotions arrive late or not at all. Some nights, I keep thinking I made everything harder for people around me. When I try to explain it, I go through the motions and feel buffered from myself. On top of that, I scroll through chats and put my phone down again.",self.depression
wish i could disappear quietly uni piled up and i feel like a burden,self.SuicideWatch
stressed about the weekend but also just... numb? worry comes then fades into nothing. hard to tell if im overthinking or just done,self.depression
sleep returned with a crash while dealing with messages. mood followed it down. anyway,self.depression
I talked about sleep then shut down the next stretch. Planning and spending feel pointless now. Trying to track the low. idk,self.depression
people ask about family and i say im ok then do nothing all evening. like moving through glue. small stuff takes forever,self.depression
on edge all day about sleep. sweaty hands shallow breath then i feel silly after,self.Anxiety
irritable then suddenly on a high about family. sleep appetite focus all over the place,self.Anxiety
part of me wants the noise to stop. no plan. just this term and this hollow feeling. might message a support line if it gets worse ...,self.SuicideWatch
"This is a long vent about sleep and the pile of ordinary human feelings that came with it. Heartbreak from a friendship cooling off, loneliness on Sundays, stress about money, then a surprising afternoon where I felt genuinely happy walking home. I also feel stuck about next steps and a little ashamed that small things rattled me. Mixed feelings are the point: anger one hour, soft hope the next. I do not want clinical language — I want acknowledgement that dumping this out is allowed, plus gentle support options if I want them later. Tomorrow I will try again; tonight I just needed somewhere to put the words. Honestly, music that used to hit does nothing emotions arrive late or not at all. On top of that, hope shows up briefly then I talk myself out of it I am grateful for small kindnesses and still tense underneath. In the mornings, I finished something small and felt a real spark of pride today was lighter than yesterday and that surprised me. Lately, friends notice I flip between wired and wiped appetite focus and spending change with the swings. Honestly, forward motion feels fake even when I force a routine I feel parked between who I was and whoever comes next. Some nights, I still flinch when their name shows up somewhere random I catch myself writing messages I never send. When I try to explain it, hope shows up briefly then I talk myself out of it. Also, I go through the motions and feel buffered from myself. Honestly, I am angry that I have to carry this alone I snap over tiny things and then feel worse. On top of that, hope shows up briefly then I talk myself out of it I am grateful for small kindnesses and still tense underneath. On top of that, I catch myself writing messages I never send. Lately, irritation sits under my skin like static. When I try to explain it, irritation sits under my skin like static I am angry that I have to carry this alone. Some nights, I can laugh at a meme and feel hollow five minutes later hope shows up briefly then I talk myself out of it.",self.offmychest
"I am trying to describe the wired stretch without claiming a clinical label. Around money, racing ideas, irritability, and nights where sleep feels optional show up together. I spend more, promise more, and feel sharp in a way that later looks reckless. Tracking sleep helps a bit. Stress can trigger the restlessness. Mixed days confuse me — restless and tense at once. Please reflect the racing and worry pattern supportively and keep language non-diagnostic; I already know software cannot replace a clinician. When I try to explain it, one stretch I barely sleep and ideas pile up too fast. On top of that, forward motion feels fake even when I force a routine plans sit in notes apps untouched for weeks. Also, one stretch I barely sleep and ideas pile up too fast then a crash hits and answering a text feels huge. Meanwhile, some days I miss the person, some days I miss who I was with them. In the mornings, relief and dread take turns without asking. Meanwhile, forward motion feels fake even when I force a routine. When I try to explain it, hope shows up briefly then I talk myself out of it. Also, I scroll through chats and put my phone down again rooms feel louder when nobody texts back. In the mornings, today was lighter than yesterday and that surprised me I finished something small and felt a real spark of pride. Some nights, weekends stretch out and I pretend I planned to be alone. Meanwhile, I finished something small and felt a real spark of pride I am not fixed but I can see a thinner path forward. Also, some days I miss the person, some days I miss who I was with them I catch myself writing messages I never send. When I try to explain it, I am grateful for small kindnesses and still tense underneath I can laugh at a meme and feel hollow five minutes later. Honestly, shame shows up when I cancel plans again. Also, some days I miss the person, some days I miss who I was with them.",self.Anxiety
"This is a long vent about deadlines and the pile of ordinary human feelings that came with it. Heartbreak from a friendship cooling off, loneliness on Sundays, stress about money, then a surprising afternoon where I felt genuinely happy walking home. I also feel stuck about next steps and a little ashamed that small things rattled me. Mixed feelings are the point: anger one hour, soft hope the next. I do not want clinical language — I want acknowledgement that dumping this out is allowed, plus gentle support options if I want them later. Tomorrow I will try again; tonight I just needed somewhere to put the words. On top of that, I catch myself writing messages I never send I keep replaying the last conversation like I can edit it. Also, I am angry that I have to carry this alone. Some nights, shame shows up when I cancel plans again I keep thinking I made everything harder for people around me. When I try to explain it, music that used to hit does nothing emotions arrive late or not at all. Honestly, irritation sits under my skin like static. In the mornings, I am not fixed but I can see a thinner path forward talking to a friend helped more than I expected. When I try to explain it, relief and dread take turns without asking I am grateful for small kindnesses and still tense underneath. Some nights, plans sit in notes apps untouched for weeks I know what I should do next but my body will not start. On top of that, hope shows up briefly then I talk myself out of it I am grateful for small kindnesses and still tense underneath. Honestly, talking to a friend helped more than I expected. When I try to explain it, I catch myself writing messages I never send. Some nights, I am grateful for small kindnesses and still tense underneath. In the mornings, hope shows up briefly then I talk myself out of it I am grateful for small kindnesses and still tense underneath. Also, then a crash hits and answering a text feels huge friends notice I flip between wired and wiped.",self.offmychest
Before my course I spiral into what-ifs. I leave early even when people are kind.,self.Anxiety
"My energy around uni runs too fast. For a stretch I sleep little, talk quickly, start too many plans, and feel oddly wired. Friends say I seem restless across the week. I am not asking an app to diagnose anything medical — I want a careful theme read about racing thoughts and restlessness affecting daily life, sleep, and spending. Some nights, plans sit in notes apps untouched for weeks. When I try to explain it, rooms feel louder when nobody texts back I scroll through chats and put my phone down again. Honestly, today was lighter than yesterday and that surprised me I finished something small and felt a real spark of pride. On top of that, irritation sits under my skin like static I snap over tiny things and then feel worse. In the mornings, I am not fixed but I can see a thinner path forward. On top of that, appetite focus and spending change with the swings.",self.Anxiety
"Mostly I need to unload about the relationship. It is not a crisis and I am not asking for a diagnosis — just space to say I am frustrated, a bit lonely after a messy week, and weirdly relieved after writing this down. There were arguments, awkward silences, and a stretch where I felt happier than I have in months after a good conversation. Emotions are mixed: annoyance, guilt, hope, then back to annoyance. Advice optional; listening preferred. In the mornings, I keep replaying the last conversation like I can edit it I catch myself writing messages I never send. Lately, rooms feel louder when nobody texts back I miss having someone who just checks in without being asked. In the mornings, emotions arrive late or not at all. Some nights, I still flinch when their name shows up somewhere random. When I try to explain it, talking to a friend helped more than I expected I finished something small and felt a real spark of pride.",self.offmychest
"My energy around my course runs too fast. For a stretch I sleep little, talk quickly, start too many plans, and feel oddly wired. Friends say I seem restless across the week. I am not asking an app to diagnose anything medical — I want a careful theme read about racing thoughts and restlessness affecting daily life, sleep, and spending. In the mornings, I feel parked between who I was and whoever comes next I know what I should do next but my body will not start. Lately, weekends stretch out and I pretend I planned to be alone. Some nights, music that used to hit does nothing. When I try to explain it, shame shows up when I cancel plans again. Lately, I know what I should do next but my body will not start. Some nights, I can laugh at a meme and feel hollow five minutes later hope shows up briefly then I talk myself out of it.",self.Anxiety
"My body treats family like a threat even when nothing has gone wrong yet. Chest tight, jaw locked, brain running disaster scripts. I check messages repeatedly, then feel embarrassed about checking. Sleep is shallow because I rehearse conversations at 2am. I cancel social things to avoid the spiral, which makes next week worse. This is not a diagnosis request — I want a clear reflection that this is worry and bodily tension piling up, and some gentle next steps. In the mornings, rooms feel louder when nobody texts back. In the mornings, I replay awkward moments until they feel larger than they were shame shows up when I cancel plans again. In the mornings, I replay awkward moments until they feel larger than they were I keep thinking I made everything harder for people around me. When I try to explain it, I go through the motions and feel buffered from myself emotions arrive late or not at all.",self.Anxiety
wish i could disappear quietly. work piled up and i feel like a burden.,self.SuicideWatch
energy around home will not sit still Elevated spells feel risky; I talk too fast and try to track the restlessness,self.Anxiety
"This is a long vent about my shifts and the pile of ordinary human feelings that came with it. Heartbreak from a friendship cooling off, loneliness on Sundays, stress about money, then a surprising afternoon where I felt genuinely happy walking home. I also feel stuck about next steps and a little ashamed that small things rattled me. Mixed feelings are the point: anger one hour, soft hope the next. I do not want clinical language — I want acknowledgement that dumping this out is allowed, plus gentle support options if I want them later. Tomorrow I will try again; tonight I just needed somewhere to put the words. Some nights, I go through the motions and feel buffered from myself. On top of that, emotions arrive late or not at all I go through the motions and feel buffered from myself. Lately, I can laugh at a meme and feel hollow five minutes later relief and dread take turns without asking. When I try to explain it, then a crash hits and answering a text feels huge. Also, today was lighter than yesterday and that surprised me talking to a friend helped more than I expected. Also, I miss having someone who just checks in without being asked. Some nights, music that used to hit does nothing. Lately, irritation sits under my skin like static I snap over tiny things and then feel worse. Some nights, weekends stretch out and I pretend I planned to be alone I miss having someone who just checks in without being asked. Lately, I keep replaying the last conversation like I can edit it some days I miss the person, some days I miss who I was with them. Lately, I snap over tiny things and then feel worse I am angry that I have to carry this alone. Honestly, emotions arrive late or not at all. Meanwhile, I am angry that I have to carry this alone irritation sits under my skin like static. When I try to explain it, relief and dread take turns without asking. Honestly, irritation sits under my skin like static I am angry that I have to carry this alone.",self.offmychest
cant stop checking my shifts. then checking again.,self.Anxiety
"Tonight the hopelessness around the weekend is loud. I am not making a plan and I do not want to describe anything graphic — I just keep having thoughts about not wanting to continue, then they ebb. I am staying somewhere safe and telling myself to get through the next hour. Writing this is me choosing help over silence. If it worsens I will contact a support line. Honestly, I am not fixed but I can see a thinner path forward. Honestly, rooms feel louder when nobody texts back weekends stretch out and I pretend I planned to be alone. Also, irritation sits under my skin like static I snap over tiny things and then feel worse. In the mornings, irritation sits under my skin like static. Honestly, I miss having someone who just checks in without being asked. When I try to explain it, relief and dread take turns without asking.",self.SuicideWatch
had to say this somewhere: work was messy and im annoyed ...,self.offmychest
just need to vent about my shifts. annoying week nothing deep. lol,self.offmychest
"My energy around work runs too fast. For a stretch I sleep little, talk quickly, start too many plans, and feel oddly wired. Friends say I seem restless across the week. I am not asking an app to diagnose anything medical — I want a careful theme read about racing thoughts and restlessness affecting daily life, sleep, and spending. In the mornings, I keep thinking I made everything harder for people around me. Also, I can laugh at a meme and feel hollow five minutes later hope shows up briefly then I talk myself out of it. Some nights, I snap over tiny things and then feel worse. Honestly, I go through the motions and feel buffered from myself music that used to hit does nothing. Honestly, one stretch I barely sleep and ideas pile up too fast then a crash hits and answering a text feels huge. Meanwhile, I am grateful for small kindnesses and still tense underneath hope shows up briefly then I talk myself out of it.",self.Anxiety
"Tonight the hopelessness around the weekend is loud. I am not making a plan and I do not want to describe anything graphic — I just keep having thoughts about not wanting to continue, then they ebb. I am staying somewhere safe and telling myself to get through the next hour. Writing this is me choosing help over silence. If it worsens I will contact a support line. Honestly, one stretch I barely sleep and ideas pile up too fast appetite focus and spending change with the swings. Also, I am grateful for small kindnesses and still tense underneath. In the mornings, I am grateful for small kindnesses and still tense underneath relief and dread take turns without asking. Meanwhile, some days I miss the person, some days I miss who I was with them. When I try to explain it, friends notice I flip between wired and wiped.",self.SuicideWatch
Motivation for commute disappeared I sleep odd hours leave messages unread and feel heavy without a clear reason,self.depression
"This is a long vent about commute and the pile of ordinary human feelings that came with it. Heartbreak from a friendship cooling off, loneliness on Sundays, stress about money, then a surprising afternoon where I felt genuinely happy walking home. I also feel stuck about next steps and a little ashamed that small things rattled me. Mixed feelings are the point: anger one hour, soft hope the next. I do not want clinical language — I want acknowledgement that dumping this out is allowed, plus gentle support options if I want them later. Tomorrow I will try again; tonight I just needed somewhere to put the words. On top of that, irritation sits under my skin like static. Also, music that used to hit does nothing emotions arrive late or not at all. Honestly, I feel parked between who I was and whoever comes next. Meanwhile, appetite focus and spending change with the swings. Lately, I scroll through chats and put my phone down again. Honestly, I catch myself writing messages I never send. Honestly, one stretch I barely sleep and ideas pile up too fast then a crash hits and answering a text feels huge. Lately, shame shows up when I cancel plans again. Honestly, plans sit in notes apps untouched for weeks. On top of that, I keep replaying the last conversation like I can edit it I still flinch when their name shows up somewhere random. When I try to explain it, I replay awkward moments until they feel larger than they were shame shows up when I cancel plans again. Some nights, I can laugh at a meme and feel hollow five minutes later hope shows up briefly then I talk myself out of it. Also, plans sit in notes apps untouched for weeks I know what I should do next but my body will not start. In the mornings, I miss having someone who just checks in without being asked. Meanwhile, relief and dread take turns without asking. When I try to explain it, I am grateful for small kindnesses and still tense underneath.",self.offmychest
"Mostly I need to unload about commute. It is not a crisis and I am not asking for a diagnosis — just space to say I am frustrated, a bit lonely after a messy week, and weirdly relieved after writing this down. There were arguments, awkward silences, and a stretch where I felt happier than I have in months after a good conversation. Emotions are mixed: annoyance, guilt, hope, then back to annoyance. Advice optional; listening preferred. Some nights, relief and dread take turns without asking. Lately, shame shows up when I cancel plans again I keep thinking I made everything harder for people around me. Lately, I still flinch when their name shows up somewhere random I catch myself writing messages I never send. Also, I snap over tiny things and then feel worse. When I try to explain it, I am not fixed but I can see a thinner path forward.",self.offmychest
keep thinking home would be easier if i wasnt around. not planning anything. just tired of existing tonight.,self.SuicideWatch
"Hopelessness around the flat has been intense. I have thoughts about not wanting to continue, then they pass. I am trying to stay safe and talk to someone.",self.SuicideWatch
"Mostly I need to unload about uni. It is not a crisis and I am not asking for a diagnosis — just space to say I am frustrated, a bit lonely after a messy week, and weirdly relieved after writing this down. There were arguments, awkward silences, and a stretch where I felt happier than I have in months after a good conversation. Emotions are mixed: annoyance, guilt, hope, then back to annoyance. Advice optional; listening preferred. Also, irritation sits under my skin like static I snap over tiny things and then feel worse. When I try to explain it, irritation sits under my skin like static. In the mornings, talking to a friend helped more than I expected. Honestly, I miss having someone who just checks in without being asked weekends stretch out and I pretend I planned to be alone. On top of that, one stretch I barely sleep and ideas pile up too fast friends notice I flip between wired and wiped.",self.offmychest
"My energy around my mates dropped after a stretch of doing too much. Now the crash is here and I can barely reply to a message. Heavy limbs, flat mood, cancelled plans, and shame about what I started. I am not asking an app to diagnose anything medical — I want a careful theme read about low mood and energy-down days affecting daily life, sleep, and follow-through. Honestly, I am angry that I have to carry this alone irritation sits under my skin like static. Meanwhile, then a crash hits and answering a text feels huge appetite focus and spending change with the swings. Lately, I catch myself writing messages I never send I keep replaying the last conversation like I can edit it. Also, I know what I should do next but my body will not start. When I try to explain it, I still flinch when their name shows up somewhere random I catch myself writing messages I never send.",self.depression
"For the last few weeks around my shifts I have felt hollow more than tearful. I get up, do the minimum, and then sit with that heavy quiet that makes ordinary tasks feel pointless. Friends still invite me; I say maybe and then do not go. Food tastes like cardboard some days. I am not trying to diagnose myself — I just want language for this flatness and the way interest keeps slipping away. Sleep is weird: either too much or broken. I keep hoping tomorrow will feel different and it mostly does not. On top of that, emotions arrive late or not at all I go through the motions and feel buffered from myself. On top of that, one stretch I barely sleep and ideas pile up too fast. Meanwhile, appetite focus and spending change with the swings one stretch I barely sleep and ideas pile up too fast.",self.depression
"My energy around my ex runs too fast. For a stretch I sleep little, talk quickly, start too many plans, and feel oddly wired. Friends say I seem restless across the week. I am not asking an app to diagnose anything medical — I want a careful theme read about racing thoughts and restlessness affecting daily life, sleep, and spending. Some nights, weekends stretch out and I pretend I planned to be alone rooms feel louder when nobody texts back. Honestly, I know what I should do next but my body will not start. Meanwhile, I miss having someone who just checks in without being asked weekends stretch out and I pretend I planned to be alone. When I try to explain it, appetite focus and spending change with the swings one stretch I barely sleep and ideas pile up too fast. Also, I keep thinking I made everything harder for people around me.",self.Anxiety
not sure how to say this not a crisis just sick of pretending my ex is fine small stuff kept piling up and i snapped at someone whatever lol,self.offmychest
the library stressed me out and now i feel weirdly empty after venting to no one. probably fine. i keep typing then deleting,self.offmychest
"This is a long vent about deadlines and the pile of ordinary human feelings that came with it. Heartbreak from a friendship cooling off, loneliness on Sundays, stress about money, then a surprising afternoon where I felt genuinely happy walking home. I also feel stuck about next steps and a little ashamed that small things rattled me. Mixed feelings are the point: anger one hour, soft hope the next. I do not want clinical language — I want acknowledgement that dumping this out is allowed, plus gentle support options if I want them later. Tomorrow I will try again; tonight I just needed somewhere to put the words. Honestly, forward motion feels fake even when I force a routine I feel parked between who I was and whoever comes next. Lately, relief and dread take turns without asking. Lately, talking to a friend helped more than I expected I am not fixed but I can see a thinner path forward. Meanwhile, I catch myself writing messages I never send I still flinch when their name shows up somewhere random. Some nights, I still flinch when their name shows up somewhere random. Also, appetite focus and spending change with the swings friends notice I flip between wired and wiped. On top of that, emotions arrive late or not at all. Lately, shame shows up when I cancel plans again I replay awkward moments until they feel larger than they were. Some nights, emotions arrive late or not at all I go through the motions and feel buffered from myself. Also, I catch myself writing messages I never send I still flinch when their name shows up somewhere random. Some nights, I can laugh at a meme and feel hollow five minutes later relief and dread take turns without asking. Some nights, I snap over tiny things and then feel worse. When I try to explain it, I snap over tiny things and then feel worse irritation sits under my skin like static. Lately, shame shows up when I cancel plans again I replay awkward moments until they feel larger than they were.",self.offmychest
tbh messages is fine on paper but i cancel everything and sit there. food is meh friends feel far. not dramatic just flat for days,self.depression
unloading about commute. pride stopped me telling mates. tomorrow ill try again tonight im moaning,self.offmychest
"I am trying to describe the crash without claiming a clinical label. Around home, a drop hits: heavy limbs, flat mood, cancelled plans, and shame about what I started when I had more energy. Tracking sleep and appetite helps a bit. Stress can deepen the low. Mixed days confuse me — restless and empty at once, but the empty part is what I cannot shake. Please reflect the low-mood and energy-down pattern supportively and keep language non-diagnostic; I already know software cannot replace a clinician. On top of that, appetite focus and spending change with the swings. In the mornings, weekends stretch out and I pretend I planned to be alone rooms feel louder when nobody texts back. In the mornings, I can laugh at a meme and feel hollow five minutes later. On top of that, then a crash hits and answering a text feels huge one stretch I barely sleep and ideas pile up too fast. In the mornings, I know what I should do next but my body will not start forward motion feels fake even when I force a routine. On top of that, shame shows up when I cancel plans again. Lately, I still flinch when their name shows up somewhere random I keep replaying the last conversation like I can edit it. Lately, I am grateful for small kindnesses and still tense underneath relief and dread take turns without asking. When I try to explain it, relief and dread take turns without asking. In the mornings, I snap over tiny things and then feel worse irritation sits under my skin like static. Meanwhile, friends notice I flip between wired and wiped one stretch I barely sleep and ideas pile up too fast. Also, talking to a friend helped more than I expected. In the mornings, some days I miss the person, some days I miss who I was with them I catch myself writing messages I never send. Lately, shame shows up when I cancel plans again. Also, I am not fixed but I can see a thinner path forward. When I try to explain it, friends notice I flip between wired and wiped.",self.depression
"My energy around money dropped after a stretch of doing too much. Now the crash is here and I can barely reply to a message. Heavy limbs, flat mood, cancelled plans, and shame about what I started. I am not asking an app to diagnose anything medical — I want a careful theme read about low mood and energy-down days affecting daily life, sleep, and follow-through. When I try to explain it, I am angry that I have to carry this alone I snap over tiny things and then feel worse. On top of that, I can laugh at a meme and feel hollow five minutes later. Some nights, hope shows up briefly then I talk myself out of it relief and dread take turns without asking. Meanwhile, weekends stretch out and I pretend I planned to be alone I miss having someone who just checks in without being asked.",self.depression
ideas for deadlines came then i cant move. wiped out all week. idk,self.depression
if i vanished would my course even notice. that thought scares me a bit. trying not to spiral alone,self.SuicideWatch
if i vanished would uni even notice that thought scares me a bit trying not to spiral alone,self.SuicideWatch
I feel guilty admitting how frustrated home made me. Writing it here releases the pressure without a big confrontation.,self.offmychest
"For the last few weeks around family I have felt hollow more than tearful. I get up, do the minimum, and then sit with that heavy quiet that makes ordinary tasks feel pointless. Friends still invite me; I say maybe and then do not go. Food tastes like cardboard some days. I am not trying to diagnose myself — I just want language for this flatness and the way interest keeps slipping away. Sleep is weird: either too much or broken. I keep hoping tomorrow will feel different and it mostly does not. When I try to explain it, weekends stretch out and I pretend I planned to be alone. Lately, today was lighter than yesterday and that surprised me talking to a friend helped more than I expected. Some nights, music that used to hit does nothing I go through the motions and feel buffered from myself. Some nights, I finished something small and felt a real spark of pride.",self.depression
if i vanished would the library even notice that thought scares me a bit trying not to spiral alone idk,self.SuicideWatch
heart racing before the relationship again worst case playlist on loop,self.Anxiety
heart racing before my course again. worst case playlist on loop. ...,self.Anxiety
two days buzzing about this term barely sleeping. brain wont sit still.,self.Anxiety
heart racing before family again. worst case playlist on loop.,self.Anxiety
"Tonight the hopelessness around the relationship is loud. I am not making a plan and I do not want to describe anything graphic — I just keep having thoughts about not wanting to continue, then they ebb. I am staying somewhere safe and telling myself to get through the next hour. Writing this is me choosing help over silence. If it worsens I will contact a support line. Honestly, I replay awkward moments until they feel larger than they were. Meanwhile, I know what I should do next but my body will not start. Meanwhile, I catch myself writing messages I never send. Some nights, plans sit in notes apps untouched for weeks I feel parked between who I was and whoever comes next. Some nights, I replay awkward moments until they feel larger than they were shame shows up when I cancel plans again.",self.SuicideWatch
"Mostly I need to unload about my ex. It is not a crisis and I am not asking for a diagnosis — just space to say I am frustrated, a bit lonely after a messy week, and weirdly relieved after writing this down. There were arguments, awkward silences, and a stretch where I felt happier than I have in months after a good conversation. Emotions are mixed: annoyance, guilt, hope, then back to annoyance. Advice optional; listening preferred. Some nights, I am grateful for small kindnesses and still tense underneath. Also, some days I miss the person, some days I miss who I was with them. In the mornings, today was lighter than yesterday and that surprised me. Meanwhile, I replay awkward moments until they feel larger than they were shame shows up when I cancel plans again. Meanwhile, relief and dread take turns without asking I am grateful for small kindnesses and still tense underneath.",self.offmychest
"Mostly I need to unload about commute. It is not a crisis and I am not asking for a diagnosis — just space to say I am frustrated, a bit lonely after a messy week, and weirdly relieved after writing this down. There were arguments, awkward silences, and a stretch where I felt happier than I have in months after a good conversation. Emotions are mixed: annoyance, guilt, hope, then back to annoyance. Advice optional; listening preferred. Some nights, I keep thinking I made everything harder for people around me I replay awkward moments until they feel larger than they were. Meanwhile, today was lighter than yesterday and that surprised me talking to a friend helped more than I expected. Also, I go through the motions and feel buffered from myself. When I try to explain it, friends notice I flip between wired and wiped. Also, irritation sits under my skin like static I am angry that I have to carry this alone.",self.offmychest
irritable then suddenly on a high about my shifts. sleep appetite focus all over the place,self.Anxiety
hopelessness around my mates has been intense ive thoughts about not wanting to continue then they pass im trying to stay safe and talk to someone,self.SuicideWatch
if i vanished would my room even notice. that thought scares me a bit. trying not to spiral alone,self.SuicideWatch
i talked about my ex then shut down the next stretch. Planning and spending feel pointless now. Trying to track the low. idk,self.depression
some days my course im wired and sharp. could be stress could be more. idk idk,self.Anxiety
"Mostly I need to unload about home. It is not a crisis and I am not asking for a diagnosis — just space to say I am frustrated, a bit lonely after a messy week, and weirdly relieved after writing this down. There were arguments, awkward silences, and a stretch where I felt happier than I have in months after a good conversation. Emotions are mixed: annoyance, guilt, hope, then back to annoyance. Advice optional; listening preferred. Also, irritation sits under my skin like static I snap over tiny things and then feel worse. Lately, forward motion feels fake even when I force a routine. When I try to explain it, I am angry that I have to carry this alone. Some nights, shame shows up when I cancel plans again I replay awkward moments until they feel larger than they were. Lately, I still flinch when their name shows up somewhere random.",self.offmychest
"Stress around work has stopped being a one-day spike. For weeks I wake with dread, scan for mistakes, and catastrophise tiny delays. My heart races in lectures or on the bus for no neat reason. I ask friends if everything is okay then distrust the answer. Deadlines feel like cliffs. I leave early from gatherings because my hands shake. Afterward I feel drained and a bit numb, which confuses me — is it anxiety, burnout, or both? I am trying to track triggers: sleep debt, caffeine, unread emails. I do not want clinical certainty from software; I want acknowledgement that this worry loop is real and that support exists if it keeps growing. Lately, I replay awkward moments until they feel larger than they were. On top of that, plans sit in notes apps untouched for weeks. Meanwhile, I know what I should do next but my body will not start. On top of that, I scroll through chats and put my phone down again. When I try to explain it, rooms feel louder when nobody texts back. Also, I go through the motions and feel buffered from myself music that used to hit does nothing. Also, I miss having someone who just checks in without being asked rooms feel louder when nobody texts back. Lately, friends notice I flip between wired and wiped. Also, I snap over tiny things and then feel worse irritation sits under my skin like static. Lately, I am grateful for small kindnesses and still tense underneath hope shows up briefly then I talk myself out of it. Some nights, I catch myself writing messages I never send. In the mornings, I keep thinking I made everything harder for people around me. Meanwhile, talking to a friend helped more than I expected I am not fixed but I can see a thinner path forward. Also, I scroll through chats and put my phone down again. In the mornings, music that used to hit does nothing emotions arrive late or not at all. Meanwhile, I am not fixed but I can see a thinner path forward I finished something small and felt a real spark of pride.",self.Anxiety
i talked about sleep then shut down the next stretch. Planning and spending feel pointless now. Trying to track the low.,self.depression
some days messages im useless and flat. could be stress could be more. idk ...,self.depression
sleep returned with a crash while dealing with messages. mood followed it down. not sure how to say this,self.depression
some days my shifts im useless and flat. could be stress could be more. idk,self.depression
"Hopelessness around the library has been intense. I have thoughts about not wanting to continue, then they pass. I am trying to stay safe and talk to someone.",self.SuicideWatch
"This is a long vent about uni and the pile of ordinary human feelings that came with it. Heartbreak from a friendship cooling off, loneliness on Sundays, stress about money, then a surprising afternoon where I felt genuinely happy walking home. I also feel stuck about next steps and a little ashamed that small things rattled me. Mixed feelings are the point: anger one hour, soft hope the next. I do not want clinical language — I want acknowledgement that dumping this out is allowed, plus gentle support options if I want them later. Tomorrow I will try again; tonight I just needed somewhere to put the words. Meanwhile, emotions arrive late or not at all. Some nights, I keep replaying the last conversation like I can edit it. When I try to explain it, I snap over tiny things and then feel worse I am angry that I have to carry this alone. Meanwhile, I snap over tiny things and then feel worse. Honestly, I am angry that I have to carry this alone. Some nights, I am not fixed but I can see a thinner path forward today was lighter than yesterday and that surprised me. Meanwhile, I am not fixed but I can see a thinner path forward I finished something small and felt a real spark of pride. Also, appetite focus and spending change with the swings friends notice I flip between wired and wiped. When I try to explain it, I am not fixed but I can see a thinner path forward I finished something small and felt a real spark of pride. In the mornings, one stretch I barely sleep and ideas pile up too fast. In the mornings, forward motion feels fake even when I force a routine plans sit in notes apps untouched for weeks. On top of that, weekends stretch out and I pretend I planned to be alone. On top of that, I can laugh at a meme and feel hollow five minutes later. Also, forward motion feels fake even when I force a routine plans sit in notes apps untouched for weeks.",self.offmychest
sleep returned with a crash while dealing with commute. mood followed it down. feels stupid writing this,self.depression
my room stressed me out and now i feel weirdly empty after venting to no one. probably fine. anyway,self.offmychest
"Tonight the hopelessness around my course is loud. I am not making a plan and I do not want to describe anything graphic — I just keep having thoughts about not wanting to continue, then they ebb. I am staying somewhere safe and telling myself to get through the next hour. Writing this is me choosing help over silence. If it worsens I will contact a support line. When I try to explain it, I go through the motions and feel buffered from myself. Also, I scroll through chats and put my phone down again. When I try to explain it, irritation sits under my skin like static. In the mornings, weekends stretch out and I pretend I planned to be alone I scroll through chats and put my phone down again. Honestly, irritation sits under my skin like static.",self.SuicideWatch
tired of my mates and a bit low about it but mostly just annoyed and overthinking conversations needed somewhere to dump it,self.offmychest
"Tonight the hopelessness around commute is loud. I am not making a plan and I do not want to describe anything graphic — I just keep having thoughts about not wanting to continue, then they ebb. I am staying somewhere safe and telling myself to get through the next hour. Writing this is me choosing help over silence. If it worsens I will contact a support line. Also, I am not fixed but I can see a thinner path forward. When I try to explain it, weekends stretch out and I pretend I planned to be alone. In the mornings, plans sit in notes apps untouched for weeks I feel parked between who I was and whoever comes next. In the mornings, then a crash hits and answering a text feels huge friends notice I flip between wired and wiped.",self.SuicideWatch
Motivation for messages disappeared I sleep odd hours leave messages unread and feel heavy without a clear reason lol,self.depression
tbh dark thoughts about not continuing keep looping when my room hits. im staying with someone tonight and trying to get through the next hour,self.SuicideWatch
unloading about work pride stopped me telling mates tomorrow ill try again tonight im moaning,self.offmychest
"I need to put this somewhere before it only lives in my head. For days around my mates I have had waves of not wanting to be here. They are thoughts, not a plan, and that distinction matters to me. Still, the heaviness makes ordinary life feel unreachable. I have told a friend I am struggling and I am trying to stay with people tonight. I want support more than I want those thoughts to win. Please treat this as distress that needs care pathways, not as something to analyse clinically. I will reach out further if the wave gets worse. Lately, I am not fixed but I can see a thinner path forward I finished something small and felt a real spark of pride. Lately, I still flinch when their name shows up somewhere random. Meanwhile, talking to a friend helped more than I expected. Some nights, I feel parked between who I was and whoever comes next forward motion feels fake even when I force a routine. Also, music that used to hit does nothing. On top of that, I can laugh at a meme and feel hollow five minutes later. Also, forward motion feels fake even when I force a routine. On top of that, I snap over tiny things and then feel worse. Honestly, appetite focus and spending change with the swings friends notice I flip between wired and wiped. Lately, I am angry that I have to carry this alone I snap over tiny things and then feel worse. Honestly, appetite focus and spending change with the swings then a crash hits and answering a text feels huge. Meanwhile, I am angry that I have to carry this alone irritation sits under my skin like static. On top of that, I am grateful for small kindnesses and still tense underneath.",self.SuicideWatch
everything with my shifts feels pointless and heavy. sometimes i wonder what the point of next week is. not saying im going to do anything. just exhausted of fighting lol,self.SuicideWatch
"My body treats my ex like a threat even when nothing has gone wrong yet. Chest tight, jaw locked, brain running disaster scripts. I check messages repeatedly, then feel embarrassed about checking. Sleep is shallow because I rehearse conversations at 2am. I cancel social things to avoid the spiral, which makes next week worse. This is not a diagnosis request — I want a clear reflection that this is worry and bodily tension piling up, and some gentle next steps. Honestly, I catch myself writing messages I never send. Some nights, I catch myself writing messages I never send some days I miss the person, some days I miss who I was with them. On top of that, I catch myself writing messages I never send I still flinch when their name shows up somewhere random. Honestly, I am grateful for small kindnesses and still tense underneath I can laugh at a meme and feel hollow five minutes later.",self.Anxiety
sleep returned with a crash while dealing with sleep. mood followed it down. tbh,self.depression
everything with my room feels pointless and heavy sometimes i wonder what the point of next week is not saying im going to do anything just exhausted of fighting,self.SuicideWatch
i feel guilty admitting how frustrated home made me. Writing it here releases the pressure without a big confrontation.,self.offmychest
some days home im wired and sharp. could be stress could be more. idk lol,self.Anxiety
This is more of a vent than anything else: this term went sideways and I keep replaying the awkward parts Advice optional yeah,self.offmychest
"I am trying to describe the wired stretch without claiming a clinical label. Around home, racing ideas, irritability, and nights where sleep feels optional show up together. I spend more, promise more, and feel sharp in a way that later looks reckless. Tracking sleep helps a bit. Stress can trigger the restlessness. Mixed days confuse me — restless and tense at once. Please reflect the racing and worry pattern supportively and keep language non-diagnostic; I already know software cannot replace a clinician. Meanwhile, I keep replaying the last conversation like I can edit it I catch myself writing messages I never send. Lately, talking to a friend helped more than I expected. Meanwhile, hope shows up briefly then I talk myself out of it. Also, talking to a friend helped more than I expected today was lighter than yesterday and that surprised me. Lately, music that used to hit does nothing I go through the motions and feel buffered from myself. Meanwhile, I still flinch when their name shows up somewhere random. Meanwhile, music that used to hit does nothing emotions arrive late or not at all. Some nights, I catch myself writing messages I never send I still flinch when their name shows up somewhere random. In the mornings, I snap over tiny things and then feel worse. Honestly, I am not fixed but I can see a thinner path forward. Meanwhile, I am not fixed but I can see a thinner path forward today was lighter than yesterday and that surprised me. On top of that, emotions arrive late or not at all. On top of that, weekends stretch out and I pretend I planned to be alone I miss having someone who just checks in without being asked. On top of that, hope shows up briefly then I talk myself out of it relief and dread take turns without asking. When I try to explain it, I replay awkward moments until they feel larger than they were shame shows up when I cancel plans again. Also, hope shows up briefly then I talk myself out of it.",self.Anxiety
"Energy around the library dropped hard. The crash wipes out what I started. I feel heavy and shut down, not looking for a label.",self.depression
This is more of a vent than anything else: the library went sideways and I keep replaying the awkward parts. Advice optional. idk,self.offmychest
some days the weekend im useless and flat. could be stress could be more. idk idk,self.depression
Energy around the flat will not sit still. Elevated spells feel risky; I talk too fast and try to track the restlessness. ...,self.Anxiety
worried sick about the relationship and also weirdly flat after the panic fades. am i anxious or just burnt out ...,self.Anxiety
"Hopelessness around my course has been intense. ive thoughts about not wanting to continue, then they pass. im trying to stay safe and talk to someone.",self.SuicideWatch
just need to vent about my ex. annoying week nothing deep.,self.offmychest
irritable then suddenly on a high about work. sleep appetite focus all over the place,self.Anxiety
"My body treats money like a threat even when nothing has gone wrong yet. Chest tight, jaw locked, brain running disaster scripts. I check messages repeatedly, then feel embarrassed about checking. Sleep is shallow because I rehearse conversations at 2am. I cancel social things to avoid the spiral, which makes next week worse. This is not a diagnosis request — I want a clear reflection that this is worry and bodily tension piling up, and some gentle next steps. Meanwhile, I know what I should do next but my body will not start forward motion feels fake even when I force a routine. In the mornings, I am grateful for small kindnesses and still tense underneath relief and dread take turns without asking. In the mornings, then a crash hits and answering a text feels huge appetite focus and spending change with the swings. When I try to explain it, emotions arrive late or not at all.",self.Anxiety
"Mostly I need to unload about the weekend. It is not a crisis and I am not asking for a diagnosis — just space to say I am frustrated, a bit lonely after a messy week, and weirdly relieved after writing this down. There were arguments, awkward silences, and a stretch where I felt happier than I have in months after a good conversation. Emotions are mixed: annoyance, guilt, hope, then back to annoyance. Advice optional; listening preferred. Meanwhile, shame shows up when I cancel plans again. On top of that, one stretch I barely sleep and ideas pile up too fast. When I try to explain it, I am not fixed but I can see a thinner path forward today was lighter than yesterday and that surprised me. Some nights, music that used to hit does nothing I go through the motions and feel buffered from myself. In the mornings, relief and dread take turns without asking I am grateful for small kindnesses and still tense underneath.",self.offmychest
"Mostly I need to unload about the library. It is not a crisis and I am not asking for a diagnosis — just space to say I am frustrated, a bit lonely after a messy week, and weirdly relieved after writing this down. There were arguments, awkward silences, and a stretch where I felt happier than I have in months after a good conversation. Emotions are mixed: annoyance, guilt, hope, then back to annoyance. Advice optional; listening preferred. On top of that, plans sit in notes apps untouched for weeks I know what I should do next but my body will not start. Lately, one stretch I barely sleep and ideas pile up too fast. Lately, I feel parked between who I was and whoever comes next. Some nights, weekends stretch out and I pretend I planned to be alone I scroll through chats and put my phone down again.",self.offmychest
I feel trapped by my ex Ideation comes in waves Writing this so it is not only in my head I want help more than I want to act on those thoughts lol,self.SuicideWatch
stressed about the library but also just... numb? worry comes then fades into nothing. hard to tell if im overthinking or just done idk,self.depression
unloading about messages. pride stopped me telling mates. tomorrow ill try again tonight im moaning,self.offmychest
I feel guilty admitting how frustrated the library made me. Writing it here releases the pressure without a big confrontation.,self.offmychest
home has me drained. chest feels tight some nights then i feel nothing next morning. i keep typing then deleting,self.depression
irritable then suddenly on a high about my course. sleep appetite focus all over the place ...,self.Anxiety
"For the last few weeks around this term I have felt hollow more than tearful. I get up, do the minimum, and then sit with that heavy quiet that makes ordinary tasks feel pointless. Friends still invite me; I say maybe and then do not go. Food tastes like cardboard some days. I am not trying to diagnose myself — I just want language for this flatness and the way interest keeps slipping away. Sleep is weird: either too much or broken. I keep hoping tomorrow will feel different and it mostly does not. When I try to explain it, I am grateful for small kindnesses and still tense underneath I can laugh at a meme and feel hollow five minutes later. In the mornings, rooms feel louder when nobody texts back I scroll through chats and put my phone down again. Lately, talking to a friend helped more than I expected today was lighter than yesterday and that surprised me.",self.depression
I feel trapped by uni. Ideation comes in waves. Writing this so it is not only in my head. I want help more than I want to act on those thoughts.,self.SuicideWatch
"Mostly I need to unload about deadlines. It is not a crisis and I am not asking for a diagnosis — just space to say I am frustrated, a bit lonely after a messy week, and weirdly relieved after writing this down. There were arguments, awkward silences, and a stretch where I felt happier than I have in months after a good conversation. Emotions are mixed: annoyance, guilt, hope, then back to annoyance. Advice optional; listening preferred. Also, I finished something small and felt a real spark of pride today was lighter than yesterday and that surprised me. In the mornings, I am grateful for small kindnesses and still tense underneath. On top of that, shame shows up when I cancel plans again I replay awkward moments until they feel larger than they were. Honestly, I feel parked between who I was and whoever comes next forward motion feels fake even when I force a routine.",self.offmychest
people ask about this term and i say im ok then do nothing all evening like moving through glue small stuff takes forever,self.depression
i feel guilty admitting how frustrated deadlines made me Writing it here releases the pressure without a big confrontation,self.offmychest
"This is a long vent about commute and the pile of ordinary human feelings that came with it. Heartbreak from a friendship cooling off, loneliness on Sundays, stress about money, then a surprising afternoon where I felt genuinely happy walking home. I also feel stuck about next steps and a little ashamed that small things rattled me. Mixed feelings are the point: anger one hour, soft hope the next. I do not want clinical language — I want acknowledgement that dumping this out is allowed, plus gentle support options if I want them later. Tomorrow I will try again; tonight I just needed somewhere to put the words. On top of that, one stretch I barely sleep and ideas pile up too fast friends notice I flip between wired and wiped. When I try to explain it, relief and dread take turns without asking. Honestly, I snap over tiny things and then feel worse. Some nights, I am grateful for small kindnesses and still tense underneath I can laugh at a meme and feel hollow five minutes later. Also, I go through the motions and feel buffered from myself. Lately, relief and dread take turns without asking. Some nights, I am not fixed but I can see a thinner path forward today was lighter than yesterday and that surprised me. In the mornings, I keep thinking I made everything harder for people around me I replay awkward moments until they feel larger than they were. Also, irritation sits under my skin like static I am angry that I have to carry this alone. When I try to explain it, I know what I should do next but my body will not start. Lately, some days I miss the person, some days I miss who I was with them I still flinch when their name shows up somewhere random. Some nights, shame shows up when I cancel plans again I replay awkward moments until they feel larger than they were. Meanwhile, music that used to hit does nothing emotions arrive late or not at all. On top of that, one stretch I barely sleep and ideas pile up too fast.",self.offmychest
idk not a crisis just sick of pretending messages is fine. small stuff kept piling up and i snapped at someone. whatever,self.offmychest
"I need to put this somewhere before it only lives in my head. For days around uni I have had waves of not wanting to be here. They are thoughts, not a plan, and that distinction matters to me. Still, the heaviness makes ordinary life feel unreachable. I have told a friend I am struggling and I am trying to stay with people tonight. I want support more than I want those thoughts to win. Please treat this as distress that needs care pathways, not as something to analyse clinically. I will reach out further if the wave gets worse. Meanwhile, I go through the motions and feel buffered from myself. On top of that, rooms feel louder when nobody texts back weekends stretch out and I pretend I planned to be alone. When I try to explain it, I know what I should do next but my body will not start. Also, I catch myself writing messages I never send. Some nights, I am angry that I have to carry this alone. In the mornings, I am grateful for small kindnesses and still tense underneath. When I try to explain it, I know what I should do next but my body will not start I feel parked between who I was and whoever comes next. Lately, I keep thinking I made everything harder for people around me. Meanwhile, friends notice I flip between wired and wiped. Lately, I know what I should do next but my body will not start plans sit in notes apps untouched for weeks. Also, then a crash hits and answering a text feels huge friends notice I flip between wired and wiped. In the mornings, talking to a friend helped more than I expected today was lighter than yesterday and that surprised me. Honestly, emotions arrive late or not at all.",self.SuicideWatch
just need to vent about home annoying week nothing deep,self.offmychest
tired of the flat and a bit low about it but mostly just annoyed and overthinking conversations. needed somewhere to dump it,self.offmychest
hopelessness around the library has been intense ive thoughts about not wanting to continue then they pass im trying to stay safe and talk to someone,self.SuicideWatch
"For the last few weeks around the weekend I have felt hollow more than tearful. I get up, do the minimum, and then sit with that heavy quiet that makes ordinary tasks feel pointless. Friends still invite me; I say maybe and then do not go. Food tastes like cardboard some days. I am not trying to diagnose myself — I just want language for this flatness and the way interest keeps slipping away. Sleep is weird: either too much or broken. I keep hoping tomorrow will feel different and it mostly does not. Also, some days I miss the person, some days I miss who I was with them I catch myself writing messages I never send. Meanwhile, I go through the motions and feel buffered from myself. Some nights, I can laugh at a meme and feel hollow five minutes later relief and dread take turns without asking.",self.depression
cant stop checking the relationship. then checking again. lol,self.Anxiety
anyway home is fine on paper but i cancel everything and sit there. food is meh friends feel far. not dramatic just flat for days,self.depression
"My energy around group chat dropped after a stretch of doing too much. Now the crash is here and I can barely reply to a message. Heavy limbs, flat mood, cancelled plans, and shame about what I started. I am not asking an app to diagnose anything medical — I want a careful theme read about low mood and energy-down days affecting daily life, sleep, and follow-through. In the mornings, I miss having someone who just checks in without being asked. On top of that, one stretch I barely sleep and ideas pile up too fast. Meanwhile, music that used to hit does nothing. Also, I am grateful for small kindnesses and still tense underneath relief and dread take turns without asking. Honestly, I feel parked between who I was and whoever comes next plans sit in notes apps untouched for weeks. When I try to explain it, some days I miss the person, some days I miss who I was with them.",self.depression
"My energy around deadlines runs too fast. For a stretch I sleep little, talk quickly, start too many plans, and feel oddly wired. Friends say I seem restless across the week. I am not asking an app to diagnose anything medical — I want a careful theme read about racing thoughts and restlessness affecting daily life, sleep, and spending. Some nights, I scroll through chats and put my phone down again rooms feel louder when nobody texts back. Lately, I keep thinking I made everything harder for people around me. Meanwhile, I am angry that I have to carry this alone irritation sits under my skin like static. On top of that, weekends stretch out and I pretend I planned to be alone. Lately, music that used to hit does nothing. Some nights, music that used to hit does nothing. In the mornings, I am grateful for small kindnesses and still tense underneath hope shows up briefly then I talk myself out of it.",self.Anxiety
people ask about the relationship and i say im ok then do nothing all evening. like moving through glue. small stuff takes forever ...,self.depression
some days my mates im wired and sharp. could be stress could be more. idk,self.Anxiety
everything with uni feels pointless and heavy sometimes i wonder what the point of next week is not saying im going to do anything just exhausted of fighting,self.SuicideWatch
whatever not a crisis just sick of pretending my ex is fine. small stuff kept piling up and i snapped at someone. whatever lol,self.offmychest
sleep returned with a crash while dealing with the weekend. mood followed it down. idk,self.depression
"I am trying to describe the wired stretch without claiming a clinical label. Around the library, racing ideas, irritability, and nights where sleep feels optional show up together. I spend more, promise more, and feel sharp in a way that later looks reckless. Tracking sleep helps a bit. Stress can trigger the restlessness. Mixed days confuse me — restless and tense at once. Please reflect the racing and worry pattern supportively and keep language non-diagnostic; I already know software cannot replace a clinician. Honestly, I know what I should do next but my body will not start. Lately, I keep replaying the last conversation like I can edit it some days I miss the person, some days I miss who I was with them. Some nights, I am not fixed but I can see a thinner path forward. Lately, I am grateful for small kindnesses and still tense underneath. In the mornings, forward motion feels fake even when I force a routine I know what I should do next but my body will not start. Lately, I scroll through chats and put my phone down again rooms feel louder when nobody texts back. Lately, today was lighter than yesterday and that surprised me. Honestly, some days I miss the person, some days I miss who I was with them. Some nights, shame shows up when I cancel plans again. Some nights, I am angry that I have to carry this alone irritation sits under my skin like static. Some nights, I go through the motions and feel buffered from myself emotions arrive late or not at all. Lately, irritation sits under my skin like static. Some nights, I replay awkward moments until they feel larger than they were shame shows up when I cancel plans again. Meanwhile, I replay awkward moments until they feel larger than they were shame shows up when I cancel plans again. On top of that, shame shows up when I cancel plans again. Some nights, some days I miss the person, some days I miss who I was with them. Also, I am angry that I have to carry this alone.",self.Anxiety
"Tonight the hopelessness around the weekend is loud. I am not making a plan and I do not want to describe anything graphic — I just keep having thoughts about not wanting to continue, then they ebb. I am staying somewhere safe and telling myself to get through the next hour. Writing this is me choosing help over silence. If it worsens I will contact a support line. On top of that, I feel parked between who I was and whoever comes next. On top of that, I still flinch when their name shows up somewhere random. In the mornings, one stretch I barely sleep and ideas pile up too fast then a crash hits and answering a text feels huge. Some nights, relief and dread take turns without asking. Lately, I feel parked between who I was and whoever comes next I know what I should do next but my body will not start.",self.SuicideWatch
"Mostly I need to unload about uni. It is not a crisis and I am not asking for a diagnosis — just space to say I am frustrated, a bit lonely after a messy week, and weirdly relieved after writing this down. There were arguments, awkward silences, and a stretch where I felt happier than I have in months after a good conversation. Emotions are mixed: annoyance, guilt, hope, then back to annoyance. Advice optional; listening preferred. Lately, I miss having someone who just checks in without being asked weekends stretch out and I pretend I planned to be alone. Also, today was lighter than yesterday and that surprised me talking to a friend helped more than I expected. Lately, I replay awkward moments until they feel larger than they were. In the mornings, I am grateful for small kindnesses and still tense underneath hope shows up briefly then I talk myself out of it.",self.offmychest
"Tonight the hopelessness around the relationship is loud. I am not making a plan and I do not want to describe anything graphic — I just keep having thoughts about not wanting to continue, then they ebb. I am staying somewhere safe and telling myself to get through the next hour. Writing this is me choosing help over silence. If it worsens I will contact a support line. When I try to explain it, I replay awkward moments until they feel larger than they were. When I try to explain it, I am grateful for small kindnesses and still tense underneath I can laugh at a meme and feel hollow five minutes later. Meanwhile, shame shows up when I cancel plans again I keep thinking I made everything harder for people around me. Also, I replay awkward moments until they feel larger than they were shame shows up when I cancel plans again.",self.SuicideWatch
everything with sleep feels pointless and heavy. sometimes i wonder what the point of next week is. not saying im going to do anything. just exhausted of fighting,self.SuicideWatch
money stressed me out and now i feel weirdly empty after venting to no one probably fine i keep typing then deleting,self.offmychest
my mates stress sits in my chest. not crying just restless and snappy. not sure how to say this,self.Anxiety
"Around my mates ive been low for a while. I still show up but interest is gone and I replay mistakes until I shut down. Not looking for a label, just stuck.",self.depression
the flat stress sits in my chest not crying just restless and snappy anyway,self.Anxiety
"Mostly I need to unload about my mates. It is not a crisis and I am not asking for a diagnosis — just space to say I am frustrated, a bit lonely after a messy week, and weirdly relieved after writing this down. There were arguments, awkward silences, and a stretch where I felt happier than I have in months after a good conversation. Emotions are mixed: annoyance, guilt, hope, then back to annoyance. Advice optional; listening preferred. In the mornings, I feel parked between who I was and whoever comes next. On top of that, I keep thinking I made everything harder for people around me I replay awkward moments until they feel larger than they were. In the mornings, I snap over tiny things and then feel worse I am angry that I have to carry this alone. Meanwhile, hope shows up briefly then I talk myself out of it.",self.offmychest
"Tonight the hopelessness around home is loud. I am not making a plan and I do not want to describe anything graphic — I just keep having thoughts about not wanting to continue, then they ebb. I am staying somewhere safe and telling myself to get through the next hour. Writing this is me choosing help over silence. If it worsens I will contact a support line. Meanwhile, shame shows up when I cancel plans again. Lately, talking to a friend helped more than I expected. On top of that, music that used to hit does nothing. Lately, I am not fixed but I can see a thinner path forward. Honestly, relief and dread take turns without asking. Some nights, I can laugh at a meme and feel hollow five minutes later. Honestly, hope shows up briefly then I talk myself out of it.",self.SuicideWatch
"My energy around the relationship dropped after a stretch of doing too much. Now the crash is here and I can barely reply to a message. Heavy limbs, flat mood, cancelled plans, and shame about what I started. I am not asking an app to diagnose anything medical — I want a careful theme read about low mood and energy-down days affecting daily life, sleep, and follow-through. Meanwhile, I go through the motions and feel buffered from myself emotions arrive late or not at all. On top of that, irritation sits under my skin like static. Honestly, weekends stretch out and I pretend I planned to be alone. Some nights, plans sit in notes apps untouched for weeks I know what I should do next but my body will not start. Also, I am angry that I have to carry this alone irritation sits under my skin like static. Lately, today was lighter than yesterday and that surprised me talking to a friend helped more than I expected.",self.depression
stressed about uni but also just... numb? worry comes then fades into nothing. hard to tell if im overthinking or just done idk,self.depression
messages stressed me out and now i feel weirdly empty after venting to no one. probably fine. not sure how to say this,self.offmychest
heart racing before group chat again. worst case playlist on loop.,self.Anxiety
I feel guilty admitting how frustrated my course made me Writing it here releases the pressure without a big confrontation idk,self.offmychest
"Hopelessness around my shifts has been intense. I have thoughts about not wanting to continue, then they pass. I am trying to stay safe and talk to someone.",self.SuicideWatch
had to say this somewhere: work was messy and im annoyed.,self.offmychest
"For the last few weeks around commute I have felt hollow more than tearful. I get up, do the minimum, and then sit with that heavy quiet that makes ordinary tasks feel pointless. Friends still invite me; I say maybe and then do not go. Food tastes like cardboard some days. I am not trying to diagnose myself — I just want language for this flatness and the way interest keeps slipping away. Sleep is weird: either too much or broken. I keep hoping tomorrow will feel different and it mostly does not. Lately, I keep replaying the last conversation like I can edit it. When I try to explain it, friends notice I flip between wired and wiped then a crash hits and answering a text feels huge. Lately, I catch myself writing messages I never send I keep replaying the last conversation like I can edit it. Also, I can laugh at a meme and feel hollow five minutes later I am grateful for small kindnesses and still tense underneath.",self.depression
everything with my room feels pointless and heavy sometimes i wonder what the point of next week is not saying im going to do anything just exhausted of fighting lol,self.SuicideWatch
"Mostly I need to unload about messages. It is not a crisis and I am not asking for a diagnosis — just space to say I am frustrated, a bit lonely after a messy week, and weirdly relieved after writing this down. There were arguments, awkward silences, and a stretch where I felt happier than I have in months after a good conversation. Emotions are mixed: annoyance, guilt, hope, then back to annoyance. Advice optional; listening preferred. Also, some days I miss the person, some days I miss who I was with them. Meanwhile, I replay awkward moments until they feel larger than they were. In the mornings, I go through the motions and feel buffered from myself. Meanwhile, I keep replaying the last conversation like I can edit it I still flinch when their name shows up somewhere random. Meanwhile, I replay awkward moments until they feel larger than they were.",self.offmychest
"For the last few weeks around deadlines I have felt hollow more than tearful. I get up, do the minimum, and then sit with that heavy quiet that makes ordinary tasks feel pointless. Friends still invite me; I say maybe and then do not go. Food tastes like cardboard some days. I am not trying to diagnose myself — I just want language for this flatness and the way interest keeps slipping away. Sleep is weird: either too much or broken. I keep hoping tomorrow will feel different and it mostly does not. In the mornings, music that used to hit does nothing. Honestly, I still flinch when their name shows up somewhere random some days I miss the person, some days I miss who I was with them. On top of that, I miss having someone who just checks in without being asked. When I try to explain it, some days I miss the person, some days I miss who I was with them I keep replaying the last conversation like I can edit it.",self.depression
idk family is fine on paper but i cancel everything and sit there food is meh friends feel far not dramatic just flat for days,self.depression
"Stress around my course has stopped being a one-day spike. For weeks I wake with dread, scan for mistakes, and catastrophise tiny delays. My heart races in lectures or on the bus for no neat reason. I ask friends if everything is okay then distrust the answer. Deadlines feel like cliffs. I leave early from gatherings because my hands shake. Afterward I feel drained and a bit numb, which confuses me — is it anxiety, burnout, or both? I am trying to track triggers: sleep debt, caffeine, unread emails. I do not want clinical certainty from software; I want acknowledgement that this worry loop is real and that support exists if it keeps growing. Meanwhile, I finished something small and felt a real spark of pride I am not fixed but I can see a thinner path forward. Meanwhile, irritation sits under my skin like static. Meanwhile, I snap over tiny things and then feel worse. In the mornings, I scroll through chats and put my phone down again. Lately, weekends stretch out and I pretend I planned to be alone. Also, emotions arrive late or not at all music that used to hit does nothing. Honestly, hope shows up briefly then I talk myself out of it. Meanwhile, I catch myself writing messages I never send. Also, I catch myself writing messages I never send. Lately, I know what I should do next but my body will not start. When I try to explain it, forward motion feels fake even when I force a routine. Meanwhile, music that used to hit does nothing. When I try to explain it, I still flinch when their name shows up somewhere random. On top of that, I keep thinking I made everything harder for people around me. Honestly, rooms feel louder when nobody texts back. Lately, forward motion feels fake even when I force a routine I know what I should do next but my body will not start. Lately, I am grateful for small kindnesses and still tense underneath. Also, shame shows up when I cancel plans again I keep thinking I made everything harder for people around me.",self.Anxiety
had to say this somewhere: my mates was messy and im annoyed.,self.offmychest
uncertainty around my room keeps me scanning for danger. I seek reassurance then doubt it five minutes later. Physical tension will not switch off. idk,self.Anxiety
ideas for the library came then i cant move. wiped out all week.,self.depression
"Motivation for messages disappeared. I sleep odd hours, leave messages unread, and feel heavy without a clear reason.",self.depression
tired of this term and a bit low about it but mostly just annoyed and overthinking conversations. needed somewhere to dump it ...,self.offmychest
tired of my ex and a bit low about it but mostly just annoyed and overthinking conversations needed somewhere to dump it,self.offmychest
"My energy around work dropped after a stretch of doing too much. Now the crash is here and I can barely reply to a message. Heavy limbs, flat mood, cancelled plans, and shame about what I started. I am not asking an app to diagnose anything medical — I want a careful theme read about low mood and energy-down days affecting daily life, sleep, and follow-through. Meanwhile, I can laugh at a meme and feel hollow five minutes later hope shows up briefly then I talk myself out of it. On top of that, forward motion feels fake even when I force a routine I know what I should do next but my body will not start. Some nights, weekends stretch out and I pretend I planned to be alone. Honestly, I am grateful for small kindnesses and still tense underneath relief and dread take turns without asking. On top of that, rooms feel louder when nobody texts back.",self.depression
"I keep writing and deleting this because talking about low mood around the library still feels dramatic even when it has lasted months. Mornings are the worst: I wake already tired, scroll without absorbing anything, and bargain with myself to shower. Showers help for twenty minutes. Then the flatness returns. I cancel plans, leave laundry in bags, and tell people I am busy when I am actually staring at a wall. Concentration for coursework or shifts is thin; I reread the same paragraph. There is guilt about being distant, then numbness that makes the guilt feel far away. Some evenings I cry without a clear story; other evenings I feel nothing and that scares me more. I am not looking for a clinical label from an app — I want a careful read of how heavy this has been and whether support options might help while I try to rebuild a bit of routine. Lately, some days I miss the person, some days I miss who I was with them. Some nights, shame shows up when I cancel plans again. When I try to explain it, I finished something small and felt a real spark of pride talking to a friend helped more than I expected. Also, today was lighter than yesterday and that surprised me talking to a friend helped more than I expected. Honestly, forward motion feels fake even when I force a routine plans sit in notes apps untouched for weeks. In the mornings, relief and dread take turns without asking hope shows up briefly then I talk myself out of it. Meanwhile, I snap over tiny things and then feel worse irritation sits under my skin like static. Meanwhile, irritation sits under my skin like static. Meanwhile, I finished something small and felt a real spark of pride today was lighter than yesterday and that surprised me. When I try to explain it, I miss having someone who just checks in without being asked weekends stretch out and I pretend I planned to be alone. In the mornings, I am grateful for small kindnesses and still tense underneath.",self.depression
i feel guilty admitting how frustrated home made me Writing it here releases the pressure without a big confrontation,self.offmychest
energy around the library dropped hard The crash wipes out what I started I feel heavy and shut down not looking for a label,self.depression
"My body treats the flat like a threat even when nothing has gone wrong yet. Chest tight, jaw locked, brain running disaster scripts. I check messages repeatedly, then feel embarrassed about checking. Sleep is shallow because I rehearse conversations at 2am. I cancel social things to avoid the spiral, which makes next week worse. This is not a diagnosis request — I want a clear reflection that this is worry and bodily tension piling up, and some gentle next steps. In the mornings, I am angry that I have to carry this alone. On top of that, I am angry that I have to carry this alone irritation sits under my skin like static. In the mornings, some days I miss the person, some days I miss who I was with them I still flinch when their name shows up somewhere random. Honestly, I scroll through chats and put my phone down again.",self.Anxiety
everything with the relationship feels pointless and heavy sometimes i wonder what the point of next week is not saying im going to do anything just exhausted of fighting idk,self.SuicideWatch
worried sick about my room and also weirdly flat after the panic fades am i anxious or just burnt out,self.Anxiety
unloading about home. pride stopped me telling mates. tomorrow ill try again tonight im moaning,self.offmychest
"My body treats the weekend like a threat even when nothing has gone wrong yet. Chest tight, jaw locked, brain running disaster scripts. I check messages repeatedly, then feel embarrassed about checking. Sleep is shallow because I rehearse conversations at 2am. I cancel social things to avoid the spiral, which makes next week worse. This is not a diagnosis request — I want a clear reflection that this is worry and bodily tension piling up, and some gentle next steps. Some nights, I am not fixed but I can see a thinner path forward today was lighter than yesterday and that surprised me. Also, weekends stretch out and I pretend I planned to be alone. Meanwhile, I am angry that I have to carry this alone I snap over tiny things and then feel worse. When I try to explain it, irritation sits under my skin like static I am angry that I have to carry this alone.",self.Anxiety
"My energy around my room runs too fast. For a stretch I sleep little, talk quickly, start too many plans, and feel oddly wired. Friends say I seem restless across the week. I am not asking an app to diagnose anything medical — I want a careful theme read about racing thoughts and restlessness affecting daily life, sleep, and spending. Also, I still flinch when their name shows up somewhere random I keep replaying the last conversation like I can edit it. Meanwhile, I know what I should do next but my body will not start. Some nights, I replay awkward moments until they feel larger than they were. Some nights, some days I miss the person, some days I miss who I was with them. Some nights, emotions arrive late or not at all music that used to hit does nothing. Honestly, appetite focus and spending change with the swings.",self.Anxiety
"I keep writing and deleting this because talking about low mood around the weekend still feels dramatic even when it has lasted months. Mornings are the worst: I wake already tired, scroll without absorbing anything, and bargain with myself to shower. Showers help for twenty minutes. Then the flatness returns. I cancel plans, leave laundry in bags, and tell people I am busy when I am actually staring at a wall. Concentration for coursework or shifts is thin; I reread the same paragraph. There is guilt about being distant, then numbness that makes the guilt feel far away. Some evenings I cry without a clear story; other evenings I feel nothing and that scares me more. I am not looking for a clinical label from an app — I want a careful read of how heavy this has been and whether support options might help while I try to rebuild a bit of routine. Lately, music that used to hit does nothing. When I try to explain it, I can laugh at a meme and feel hollow five minutes later. On top of that, I keep replaying the last conversation like I can edit it some days I miss the person, some days I miss who I was with them. When I try to explain it, today was lighter than yesterday and that surprised me I am not fixed but I can see a thinner path forward. Honestly, friends notice I flip between wired and wiped then a crash hits and answering a text feels huge. On top of that, rooms feel louder when nobody texts back I scroll through chats and put my phone down again. Meanwhile, I know what I should do next but my body will not start. When I try to explain it, I am not fixed but I can see a thinner path forward I finished something small and felt a real spark of pride. Some nights, music that used to hit does nothing emotions arrive late or not at all. When I try to explain it, I replay awkward moments until they feel larger than they were.",self.depression
"Tonight the hopelessness around the weekend is loud. I am not making a plan and I do not want to describe anything graphic — I just keep having thoughts about not wanting to continue, then they ebb. I am staying somewhere safe and telling myself to get through the next hour. Writing this is me choosing help over silence. If it worsens I will contact a support line. On top of that, I know what I should do next but my body will not start. Lately, relief and dread take turns without asking I am grateful for small kindnesses and still tense underneath. On top of that, I keep replaying the last conversation like I can edit it. When I try to explain it, I snap over tiny things and then feel worse. When I try to explain it, talking to a friend helped more than I expected today was lighter than yesterday and that surprised me.",self.SuicideWatch
Before the library I spiral into what-ifs. I leave early even when people are kind. idk,self.Anxiety
"I need to put this somewhere before it only lives in my head. For days around my ex I have had waves of not wanting to be here. They are thoughts, not a plan, and that distinction matters to me. Still, the heaviness makes ordinary life feel unreachable. I have told a friend I am struggling and I am trying to stay with people tonight. I want support more than I want those thoughts to win. Please treat this as distress that needs care pathways, not as something to analyse clinically. I will reach out further if the wave gets worse. Lately, one stretch I barely sleep and ideas pile up too fast. Lately, plans sit in notes apps untouched for weeks I feel parked between who I was and whoever comes next. On top of that, I finished something small and felt a real spark of pride I am not fixed but I can see a thinner path forward. Meanwhile, music that used to hit does nothing emotions arrive late or not at all. When I try to explain it, one stretch I barely sleep and ideas pile up too fast. On top of that, I keep replaying the last conversation like I can edit it some days I miss the person, some days I miss who I was with them. When I try to explain it, weekends stretch out and I pretend I planned to be alone I miss having someone who just checks in without being asked. On top of that, hope shows up briefly then I talk myself out of it I am grateful for small kindnesses and still tense underneath. Honestly, talking to a friend helped more than I expected. Honestly, emotions arrive late or not at all I go through the motions and feel buffered from myself.",self.SuicideWatch
"Mostly I need to unload about the library. It is not a crisis and I am not asking for a diagnosis — just space to say I am frustrated, a bit lonely after a messy week, and weirdly relieved after writing this down. There were arguments, awkward silences, and a stretch where I felt happier than I have in months after a good conversation. Emotions are mixed: annoyance, guilt, hope, then back to annoyance. Advice optional; listening preferred. Some nights, then a crash hits and answering a text feels huge appetite focus and spending change with the swings. When I try to explain it, I replay awkward moments until they feel larger than they were shame shows up when I cancel plans again. When I try to explain it, I go through the motions and feel buffered from myself music that used to hit does nothing. Also, I still flinch when their name shows up somewhere random I keep replaying the last conversation like I can edit it.",self.offmychest
on edge all day about the weekend. sweaty hands shallow breath then i feel silly after,self.Anxiety
"Tonight the hopelessness around my ex is loud. I am not making a plan and I do not want to describe anything graphic — I just keep having thoughts about not wanting to continue, then they ebb. I am staying somewhere safe and telling myself to get through the next hour. Writing this is me choosing help over silence. If it worsens I will contact a support line. In the mornings, rooms feel louder when nobody texts back weekends stretch out and I pretend I planned to be alone. In the mornings, friends notice I flip between wired and wiped appetite focus and spending change with the swings. Meanwhile, I still flinch when their name shows up somewhere random. Honestly, one stretch I barely sleep and ideas pile up too fast. Some nights, hope shows up briefly then I talk myself out of it.",self.SuicideWatch
"This is a long vent about sleep and the pile of ordinary human feelings that came with it. Heartbreak from a friendship cooling off, loneliness on Sundays, stress about money, then a surprising afternoon where I felt genuinely happy walking home. I also feel stuck about next steps and a little ashamed that small things rattled me. Mixed feelings are the point: anger one hour, soft hope the next. I do not want clinical language — I want acknowledgement that dumping this out is allowed, plus gentle support options if I want them later. Tomorrow I will try again; tonight I just needed somewhere to put the words. Lately, I keep thinking I made everything harder for people around me. Meanwhile, weekends stretch out and I pretend I planned to be alone I scroll through chats and put my phone down again. On top of that, I catch myself writing messages I never send. In the mornings, emotions arrive late or not at all. Lately, I keep thinking I made everything harder for people around me. In the mornings, friends notice I flip between wired and wiped one stretch I barely sleep and ideas pile up too fast. Some nights, one stretch I barely sleep and ideas pile up too fast friends notice I flip between wired and wiped. Lately, hope shows up briefly then I talk myself out of it I am grateful for small kindnesses and still tense underneath. Honestly, rooms feel louder when nobody texts back. Some nights, I am grateful for small kindnesses and still tense underneath hope shows up briefly then I talk myself out of it. Some nights, I am not fixed but I can see a thinner path forward talking to a friend helped more than I expected. Honestly, today was lighter than yesterday and that surprised me I am not fixed but I can see a thinner path forward. When I try to explain it, I replay awkward moments until they feel larger than they were. Lately, I feel parked between who I was and whoever comes next plans sit in notes apps untouched for weeks.",self.offmychest
"My energy around work dropped after a stretch of doing too much. Now the crash is here and I can barely reply to a message. Heavy limbs, flat mood, cancelled plans, and shame about what I started. I am not asking an app to diagnose anything medical — I want a careful theme read about low mood and energy-down days affecting daily life, sleep, and follow-through. Lately, some days I miss the person, some days I miss who I was with them I catch myself writing messages I never send. Some nights, I keep replaying the last conversation like I can edit it. When I try to explain it, I still flinch when their name shows up somewhere random. In the mornings, talking to a friend helped more than I expected today was lighter than yesterday and that surprised me. Some nights, I am angry that I have to carry this alone.",self.depression
sleep vanished while dealing with the flat. mood followed the restlessness. anyway ...,self.Anxiety
"Motivation for sleep disappeared. I sleep odd hours, leave messages unread, and feel heavy without a clear reason. lol",self.depression
"Tonight the hopelessness around my shifts is loud. I am not making a plan and I do not want to describe anything graphic — I just keep having thoughts about not wanting to continue, then they ebb. I am staying somewhere safe and telling myself to get through the next hour. Writing this is me choosing help over silence. If it worsens I will contact a support line. On top of that, emotions arrive late or not at all. When I try to explain it, one stretch I barely sleep and ideas pile up too fast friends notice I flip between wired and wiped. Some nights, some days I miss the person, some days I miss who I was with them. In the mornings, rooms feel louder when nobody texts back. Honestly, talking to a friend helped more than I expected I finished something small and felt a real spark of pride.",self.SuicideWatch
"My body treats family like a threat even when nothing has gone wrong yet. Chest tight, jaw locked, brain running disaster scripts. I check messages repeatedly, then feel embarrassed about checking. Sleep is shallow because I rehearse conversations at 2am. I cancel social things to avoid the spiral, which makes next week worse. This is not a diagnosis request — I want a clear reflection that this is worry and bodily tension piling up, and some gentle next steps. Honestly, I go through the motions and feel buffered from myself. Also, shame shows up when I cancel plans again I replay awkward moments until they feel larger than they were. Some nights, shame shows up when I cancel plans again. When I try to explain it, I feel parked between who I was and whoever comes next. Meanwhile, some days I miss the person, some days I miss who I was with them I keep replaying the last conversation like I can edit it.",self.Anxiety
"My body treats uni like a threat even when nothing has gone wrong yet. Chest tight, jaw locked, brain running disaster scripts. I check messages repeatedly, then feel embarrassed about checking. Sleep is shallow because I rehearse conversations at 2am. I cancel social things to avoid the spiral, which makes next week worse. This is not a diagnosis request — I want a clear reflection that this is worry and bodily tension piling up, and some gentle next steps. Lately, plans sit in notes apps untouched for weeks. In the mornings, plans sit in notes apps untouched for weeks. Honestly, I know what I should do next but my body will not start I feel parked between who I was and whoever comes next. Honestly, irritation sits under my skin like static. When I try to explain it, music that used to hit does nothing emotions arrive late or not at all.",self.Anxiety
money has me drained. chest feels tight some nights then i feel nothing next morning. anyway,self.depression
the flat stress sits in my chest. not crying just restless and snappy. anyway,self.Anxiety
people ask about the weekend and i say im ok then do nothing all evening. like moving through glue. small stuff takes forever,self.depression
wish i could disappear quietly my mates piled up and i feel like a burden,self.SuicideWatch
"For the last few weeks around work I have felt hollow more than tearful. I get up, do the minimum, and then sit with that heavy quiet that makes ordinary tasks feel pointless. Friends still invite me; I say maybe and then do not go. Food tastes like cardboard some days. I am not trying to diagnose myself — I just want language for this flatness and the way interest keeps slipping away. Sleep is weird: either too much or broken. I keep hoping tomorrow will feel different and it mostly does not. When I try to explain it, I keep thinking I made everything harder for people around me I replay awkward moments until they feel larger than they were. On top of that, I keep replaying the last conversation like I can edit it. Meanwhile, shame shows up when I cancel plans again I keep thinking I made everything harder for people around me.",self.depression
everything with work feels pointless and heavy. sometimes i wonder what the point of next week is. not saying im going to do anything. just exhausted of fighting,self.SuicideWatch
the library has me drained. chest feels tight some nights then i feel nothing next morning. idk,self.depression
part of me wants the noise to stop. no plan. just my ex and this hollow feeling. might message a support line if it gets worse idk,self.SuicideWatch
I talked about my room then shut down the next stretch. Planning and spending feel pointless now. Trying to track the low. yeah,self.depression
sleep returned with a crash while dealing with money. mood followed it down. idk,self.depression
unloading about home. pride stopped me telling mates. tomorrow ill try again tonight im moaning idk,self.offmychest
ideas for group chat came then i cant move. wiped out all week.,self.depression
not sure how to say this home is fine on paper but i cancel everything and sit there. food is meh friends feel far. not dramatic just flat for days,self.depression
i keep typing then deleting dark thoughts about not continuing keep looping when home hits. im staying with someone tonight and trying to get through the next hour,self.SuicideWatch
"My energy around family dropped after a stretch of doing too much. Now the crash is here and I can barely reply to a message. Heavy limbs, flat mood, cancelled plans, and shame about what I started. I am not asking an app to diagnose anything medical — I want a careful theme read about low mood and energy-down days affecting daily life, sleep, and follow-through. Some nights, hope shows up briefly then I talk myself out of it. When I try to explain it, I miss having someone who just checks in without being asked. Meanwhile, I catch myself writing messages I never send. In the mornings, friends notice I flip between wired and wiped. On top of that, forward motion feels fake even when I force a routine plans sit in notes apps untouched for weeks. Meanwhile, music that used to hit does nothing. Also, I scroll through chats and put my phone down again rooms feel louder when nobody texts back.",self.depression
sleep returned with a crash while dealing with uni. mood followed it down. maybe its nothing,self.depression
This is more of a vent than anything else: home went sideways and I keep replaying the awkward parts Advice optional,self.offmychest
"I need to put this somewhere before it only lives in my head. For days around the relationship I have had waves of not wanting to be here. They are thoughts, not a plan, and that distinction matters to me. Still, the heaviness makes ordinary life feel unreachable. I have told a friend I am struggling and I am trying to stay with people tonight. I want support more than I want those thoughts to win. Please treat this as distress that needs care pathways, not as something to analyse clinically. I will reach out further if the wave gets worse. On top of that, irritation sits under my skin like static. Some nights, I scroll through chats and put my phone down again. In the mornings, I scroll through chats and put my phone down again. Honestly, I miss having someone who just checks in without being asked I scroll through chats and put my phone down again. Also, irritation sits under my skin like static I am angry that I have to carry this alone. Honestly, appetite focus and spending change with the swings. Meanwhile, I replay awkward moments until they feel larger than they were. Honestly, I feel parked between who I was and whoever comes next forward motion feels fake even when I force a routine. Lately, I finished something small and felt a real spark of pride. Lately, some days I miss the person, some days I miss who I was with them I keep replaying the last conversation like I can edit it. Also, weekends stretch out and I pretend I planned to be alone. Lately, forward motion feels fake even when I force a routine. Some nights, shame shows up when I cancel plans again. On top of that, I can laugh at a meme and feel hollow five minutes later.",self.SuicideWatch
"Tonight the hopelessness around my mates is loud. I am not making a plan and I do not want to describe anything graphic — I just keep having thoughts about not wanting to continue, then they ebb. I am staying somewhere safe and telling myself to get through the next hour. Writing this is me choosing help over silence. If it worsens I will contact a support line. Meanwhile, emotions arrive late or not at all music that used to hit does nothing. Lately, I scroll through chats and put my phone down again weekends stretch out and I pretend I planned to be alone. When I try to explain it, I keep thinking I made everything harder for people around me shame shows up when I cancel plans again. Some nights, rooms feel louder when nobody texts back I miss having someone who just checks in without being asked.",self.SuicideWatch
i feel guilty admitting how frustrated messages made me. Writing it here releases the pressure without a big confrontation.,self.offmychest
"Mostly I need to unload about family. It is not a crisis and I am not asking for a diagnosis — just space to say I am frustrated, a bit lonely after a messy week, and weirdly relieved after writing this down. There were arguments, awkward silences, and a stretch where I felt happier than I have in months after a good conversation. Emotions are mixed: annoyance, guilt, hope, then back to annoyance. Advice optional; listening preferred. Also, relief and dread take turns without asking hope shows up briefly then I talk myself out of it. Meanwhile, I finished something small and felt a real spark of pride. On top of that, friends notice I flip between wired and wiped. Also, I am angry that I have to carry this alone irritation sits under my skin like static. Some nights, I miss having someone who just checks in without being asked weekends stretch out and I pretend I planned to be alone.",self.offmychest
"I need to put this somewhere before it only lives in my head. For days around the flat I have had waves of not wanting to be here. They are thoughts, not a plan, and that distinction matters to me. Still, the heaviness makes ordinary life feel unreachable. I have told a friend I am struggling and I am trying to stay with people tonight. I want support more than I want those thoughts to win. Please treat this as distress that needs care pathways, not as something to analyse clinically. I will reach out further if the wave gets worse. In the mornings, I snap over tiny things and then feel worse I am angry that I have to carry this alone. In the mornings, hope shows up briefly then I talk myself out of it relief and dread take turns without asking. In the mornings, I snap over tiny things and then feel worse. Honestly, relief and dread take turns without asking. Meanwhile, I go through the motions and feel buffered from myself. In the mornings, I replay awkward moments until they feel larger than they were. Some nights, I catch myself writing messages I never send some days I miss the person, some days I miss who I was with them. Some nights, I catch myself writing messages I never send I still flinch when their name shows up somewhere random. Lately, I know what I should do next but my body will not start plans sit in notes apps untouched for weeks. In the mornings, I am grateful for small kindnesses and still tense underneath. In the mornings, I go through the motions and feel buffered from myself. Lately, emotions arrive late or not at all music that used to hit does nothing. Lately, I still flinch when their name shows up somewhere random some days I miss the person, some days I miss who I was with them.",self.SuicideWatch
"My energy around sleep dropped after a stretch of doing too much. Now the crash is here and I can barely reply to a message. Heavy limbs, flat mood, cancelled plans, and shame about what I started. I am not asking an app to diagnose anything medical — I want a careful theme read about low mood and energy-down days affecting daily life, sleep, and follow-through. Honestly, today was lighter than yesterday and that surprised me. Also, I am grateful for small kindnesses and still tense underneath I can laugh at a meme and feel hollow five minutes later. Honestly, rooms feel louder when nobody texts back. Meanwhile, I know what I should do next but my body will not start. Some nights, I am not fixed but I can see a thinner path forward. On top of that, today was lighter than yesterday and that surprised me I am not fixed but I can see a thinner path forward.",self.depression
had to say this somewhere: uni was messy and im annoyed lol,self.offmychest
"Stress around home has stopped being a one-day spike. For weeks I wake with dread, scan for mistakes, and catastrophise tiny delays. My heart races in lectures or on the bus for no neat reason. I ask friends if everything is okay then distrust the answer. Deadlines feel like cliffs. I leave early from gatherings because my hands shake. Afterward I feel drained and a bit numb, which confuses me — is it anxiety, burnout, or both? I am trying to track triggers: sleep debt, caffeine, unread emails. I do not want clinical certainty from software; I want acknowledgement that this worry loop is real and that support exists if it keeps growing. In the mornings, hope shows up briefly then I talk myself out of it I can laugh at a meme and feel hollow five minutes later. When I try to explain it, relief and dread take turns without asking. In the mornings, I still flinch when their name shows up somewhere random I catch myself writing messages I never send. When I try to explain it, music that used to hit does nothing emotions arrive late or not at all. Also, one stretch I barely sleep and ideas pile up too fast then a crash hits and answering a text feels huge. When I try to explain it, I keep thinking I made everything harder for people around me. Also, shame shows up when I cancel plans again. Meanwhile, I snap over tiny things and then feel worse. Also, I keep thinking I made everything harder for people around me I replay awkward moments until they feel larger than they were. On top of that, I can laugh at a meme and feel hollow five minutes later. On top of that, rooms feel louder when nobody texts back. Some nights, I snap over tiny things and then feel worse. Lately, I am angry that I have to carry this alone. In the mornings, emotions arrive late or not at all I go through the motions and feel buffered from myself. When I try to explain it, relief and dread take turns without asking.",self.Anxiety
"Tonight the hopelessness around my shifts is loud. I am not making a plan and I do not want to describe anything graphic — I just keep having thoughts about not wanting to continue, then they ebb. I am staying somewhere safe and telling myself to get through the next hour. Writing this is me choosing help over silence. If it worsens I will contact a support line. Meanwhile, I keep thinking I made everything harder for people around me shame shows up when I cancel plans again. Honestly, I am angry that I have to carry this alone I snap over tiny things and then feel worse. On top of that, I replay awkward moments until they feel larger than they were. On top of that, appetite focus and spending change with the swings. Meanwhile, talking to a friend helped more than I expected I finished something small and felt a real spark of pride.",self.SuicideWatch
"Mostly I need to unload about work. It is not a crisis and I am not asking for a diagnosis — just space to say I am frustrated, a bit lonely after a messy week, and weirdly relieved after writing this down. There were arguments, awkward silences, and a stretch where I felt happier than I have in months after a good conversation. Emotions are mixed: annoyance, guilt, hope, then back to annoyance. Advice optional; listening preferred. On top of that, weekends stretch out and I pretend I planned to be alone. Also, I am not fixed but I can see a thinner path forward I finished something small and felt a real spark of pride. On top of that, some days I miss the person, some days I miss who I was with them I keep replaying the last conversation like I can edit it. Also, emotions arrive late or not at all I go through the motions and feel buffered from myself.",self.offmychest
idk not a crisis just sick of pretending the relationship is fine small stuff kept piling up and i snapped at someone whatever yeah,self.offmychest
just need to vent about my course. annoying week nothing deep. yeah,self.offmychest
"Tonight the hopelessness around messages is loud. I am not making a plan and I do not want to describe anything graphic — I just keep having thoughts about not wanting to continue, then they ebb. I am staying somewhere safe and telling myself to get through the next hour. Writing this is me choosing help over silence. If it worsens I will contact a support line. Lately, I go through the motions and feel buffered from myself. Also, music that used to hit does nothing. On top of that, I finished something small and felt a real spark of pride. In the mornings, some days I miss the person, some days I miss who I was with them. Some nights, emotions arrive late or not at all I go through the motions and feel buffered from myself. Also, I go through the motions and feel buffered from myself emotions arrive late or not at all.",self.SuicideWatch
"My energy around this term dropped after a stretch of doing too much. Now the crash is here and I can barely reply to a message. Heavy limbs, flat mood, cancelled plans, and shame about what I started. I am not asking an app to diagnose anything medical — I want a careful theme read about low mood and energy-down days affecting daily life, sleep, and follow-through. Also, weekends stretch out and I pretend I planned to be alone. On top of that, talking to a friend helped more than I expected I finished something small and felt a real spark of pride. On top of that, relief and dread take turns without asking I can laugh at a meme and feel hollow five minutes later. On top of that, I keep replaying the last conversation like I can edit it I catch myself writing messages I never send. Some nights, I am grateful for small kindnesses and still tense underneath relief and dread take turns without asking.",self.depression
"My body treats my ex like a threat even when nothing has gone wrong yet. Chest tight, jaw locked, brain running disaster scripts. I check messages repeatedly, then feel embarrassed about checking. Sleep is shallow because I rehearse conversations at 2am. I cancel social things to avoid the spiral, which makes next week worse. This is not a diagnosis request — I want a clear reflection that this is worry and bodily tension piling up, and some gentle next steps. Honestly, talking to a friend helped more than I expected I finished something small and felt a real spark of pride. Lately, I know what I should do next but my body will not start. Some nights, weekends stretch out and I pretend I planned to be alone. On top of that, shame shows up when I cancel plans again I keep thinking I made everything harder for people around me.",self.Anxiety
i feel guilty admitting how frustrated uni made me. Writing it here releases the pressure without a big confrontation.,self.offmychest
two days buzzing about my course barely sleeping. brain wont sit still. ...,self.Anxiety
worried sick about my ex and also weirdly flat after the panic fades. am i anxious or just burnt out,self.Anxiety
my mates stressed me out and now i feel weirdly empty after venting to no one. probably fine. feels stupid writing this,self.offmychest
wish i could disappear quietly. commute piled up and i feel like a burden.,self.SuicideWatch
"This is a long vent about sleep and the pile of ordinary human feelings that came with it. Heartbreak from a friendship cooling off, loneliness on Sundays, stress about money, then a surprising afternoon where I felt genuinely happy walking home. I also feel stuck about next steps and a little ashamed that small things rattled me. Mixed feelings are the point: anger one hour, soft hope the next. I do not want clinical language — I want acknowledgement that dumping this out is allowed, plus gentle support options if I want them later. Tomorrow I will try again; tonight I just needed somewhere to put the words. Lately, I snap over tiny things and then feel worse I am angry that I have to carry this alone. Also, shame shows up when I cancel plans again. On top of that, some days I miss the person, some days I miss who I was with them I keep replaying the last conversation like I can edit it. Honestly, hope shows up briefly then I talk myself out of it. Meanwhile, some days I miss the person, some days I miss who I was with them I catch myself writing messages I never send. In the mornings, music that used to hit does nothing. Honestly, I miss having someone who just checks in without being asked. On top of that, music that used to hit does nothing. On top of that, I am angry that I have to carry this alone. In the mornings, I scroll through chats and put my phone down again. On top of that, plans sit in notes apps untouched for weeks. Lately, I go through the motions and feel buffered from myself. Meanwhile, emotions arrive late or not at all music that used to hit does nothing. Meanwhile, irritation sits under my skin like static I snap over tiny things and then feel worse. Honestly, I replay awkward moments until they feel larger than they were. Honestly, I keep replaying the last conversation like I can edit it I still flinch when their name shows up somewhere random.",self.offmychest
I feel trapped by my room. Ideation comes in waves. Writing this so it is not only in my head. I want help more than I want to act on those thoughts. ...,self.SuicideWatch
people ask about my shifts and i say im ok then do nothing all evening. like moving through glue. small stuff takes forever yeah,self.depression
"My energy around home dropped after a stretch of doing too much. Now the crash is here and I can barely reply to a message. Heavy limbs, flat mood, cancelled plans, and shame about what I started. I am not asking an app to diagnose anything medical — I want a careful theme read about low mood and energy-down days affecting daily life, sleep, and follow-through. When I try to explain it, I keep replaying the last conversation like I can edit it. Honestly, I still flinch when their name shows up somewhere random. When I try to explain it, one stretch I barely sleep and ideas pile up too fast. Some nights, one stretch I barely sleep and ideas pile up too fast. Some nights, forward motion feels fake even when I force a routine. Honestly, I am grateful for small kindnesses and still tense underneath. Also, plans sit in notes apps untouched for weeks.",self.depression
tired of family and a bit low about it but mostly just annoyed and overthinking conversations. needed somewhere to dump it ...,self.offmychest
"Energy around work dropped hard. The crash wipes out what I started. I feel heavy and shut down, not looking for a label.",self.depression
"Mostly I need to unload about deadlines. It is not a crisis and I am not asking for a diagnosis — just space to say I am frustrated, a bit lonely after a messy week, and weirdly relieved after writing this down. There were arguments, awkward silences, and a stretch where I felt happier than I have in months after a good conversation. Emotions are mixed: annoyance, guilt, hope, then back to annoyance. Advice optional; listening preferred. Some nights, then a crash hits and answering a text feels huge friends notice I flip between wired and wiped. Some nights, I snap over tiny things and then feel worse I am angry that I have to carry this alone. In the mornings, I snap over tiny things and then feel worse. Lately, I keep thinking I made everything harder for people around me. In the mornings, I miss having someone who just checks in without being asked weekends stretch out and I pretend I planned to be alone.",self.offmychest
tbh dark thoughts about not continuing keep looping when the relationship hits. im staying with someone tonight and trying to get through the next hour lol,self.SuicideWatch
"My body treats this term like a threat even when nothing has gone wrong yet. Chest tight, jaw locked, brain running disaster scripts. I check messages repeatedly, then feel embarrassed about checking. Sleep is shallow because I rehearse conversations at 2am. I cancel social things to avoid the spiral, which makes next week worse. This is not a diagnosis request — I want a clear reflection that this is worry and bodily tension piling up, and some gentle next steps. Honestly, appetite focus and spending change with the swings. Honestly, I still flinch when their name shows up somewhere random. Some nights, I can laugh at a meme and feel hollow five minutes later hope shows up briefly then I talk myself out of it. Lately, irritation sits under my skin like static I am angry that I have to carry this alone. Lately, I keep thinking I made everything harder for people around me.",self.Anxiety
tired of sleep and a bit low about it but mostly just annoyed and overthinking conversations. needed somewhere to dump it,self.offmychest
then nothing after my ex sleep appetite focus all crashed sitting there empty,self.depression
energy around my mates will not sit still. Elevated spells feel risky; I talk too fast and try to track the restlessness.,self.Anxiety
the library stress sits in my chest. not crying just restless and snappy. idk lol,self.Anxiety
keep thinking messages would be easier if i wasnt around. not planning anything. just tired of existing tonight.,self.SuicideWatch
"My energy around messages runs too fast. For a stretch I sleep little, talk quickly, start too many plans, and feel oddly wired. Friends say I seem restless across the week. I am not asking an app to diagnose anything medical — I want a careful theme read about racing thoughts and restlessness affecting daily life, sleep, and spending. On top of that, music that used to hit does nothing emotions arrive late or not at all. In the mornings, hope shows up briefly then I talk myself out of it I can laugh at a meme and feel hollow five minutes later. Also, one stretch I barely sleep and ideas pile up too fast then a crash hits and answering a text feels huge. Lately, I replay awkward moments until they feel larger than they were. Honestly, I am not fixed but I can see a thinner path forward I finished something small and felt a real spark of pride.",self.Anxiety
whatever started this term projects at 2am felt unstoppable wired. friends say i flip too quick yeah,self.Anxiety
feels stupid writing this not a crisis just sick of pretending money is fine. small stuff kept piling up and i snapped at someone. whatever,self.offmychest
"My body treats the library like a threat even when nothing has gone wrong yet. Chest tight, jaw locked, brain running disaster scripts. I check messages repeatedly, then feel embarrassed about checking. Sleep is shallow because I rehearse conversations at 2am. I cancel social things to avoid the spiral, which makes next week worse. This is not a diagnosis request — I want a clear reflection that this is worry and bodily tension piling up, and some gentle next steps. On top of that, I still flinch when their name shows up somewhere random. Also, some days I miss the person, some days I miss who I was with them. Some nights, irritation sits under my skin like static I am angry that I have to carry this alone. Also, I go through the motions and feel buffered from myself music that used to hit does nothing. Honestly, I miss having someone who just checks in without being asked.",self.Anxiety
sleep vanished while dealing with home mood followed the restlessness anyway,self.Anxiety
if i vanished would money even notice. that thought scares me a bit. trying not to spiral alone,self.SuicideWatch
"Tonight the hopelessness around money is loud. I am not making a plan and I do not want to describe anything graphic — I just keep having thoughts about not wanting to continue, then they ebb. I am staying somewhere safe and telling myself to get through the next hour. Writing this is me choosing help over silence. If it worsens I will contact a support line. When I try to explain it, weekends stretch out and I pretend I planned to be alone. Meanwhile, I keep thinking I made everything harder for people around me I replay awkward moments until they feel larger than they were. On top of that, I catch myself writing messages I never send I keep replaying the last conversation like I can edit it. Lately, I keep thinking I made everything harder for people around me shame shows up when I cancel plans again.",self.SuicideWatch
Energy around the weekend will not sit still Elevated spells feel risky; I talk too fast and try to track the restlessness idk,self.Anxiety
before deadlines I spiral into what-ifs. I leave early even when people are kind.,self.Anxiety
This is more of a vent than anything else: deadlines went sideways and I keep replaying the awkward parts Advice optional,self.offmychest
cant get myself to care about the library today. just blank.,self.depression
Talking too fast about uni one week. Mood changes how I plan and spend. I feel wired and sharp.,self.Anxiety
"I keep writing and deleting this because talking about low mood around work still feels dramatic even when it has lasted months. Mornings are the worst: I wake already tired, scroll without absorbing anything, and bargain with myself to shower. Showers help for twenty minutes. Then the flatness returns. I cancel plans, leave laundry in bags, and tell people I am busy when I am actually staring at a wall. Concentration for coursework or shifts is thin; I reread the same paragraph. There is guilt about being distant, then numbness that makes the guilt feel far away. Some evenings I cry without a clear story; other evenings I feel nothing and that scares me more. I am not looking for a clinical label from an app — I want a careful read of how heavy this has been and whether support options might help while I try to rebuild a bit of routine. Meanwhile, hope shows up briefly then I talk myself out of it. On top of that, I can laugh at a meme and feel hollow five minutes later I am grateful for small kindnesses and still tense underneath. Meanwhile, weekends stretch out and I pretend I planned to be alone rooms feel louder when nobody texts back. Some nights, I keep replaying the last conversation like I can edit it. Some nights, then a crash hits and answering a text feels huge. When I try to explain it, shame shows up when I cancel plans again I replay awkward moments until they feel larger than they were. Meanwhile, irritation sits under my skin like static. Also, one stretch I barely sleep and ideas pile up too fast. Some nights, I still flinch when their name shows up somewhere random I keep replaying the last conversation like I can edit it. When I try to explain it, I catch myself writing messages I never send I keep replaying the last conversation like I can edit it. Lately, I scroll through chats and put my phone down again weekends stretch out and I pretend I planned to be alone.",self.depression
whatever not a crisis just sick of pretending my room is fine. small stuff kept piling up and i snapped at someone. whatever yeah,self.offmychest
before commute I spiral into what-ifs. I leave early even when people are kind.,self.Anxiety
part of me wants the noise to stop no plan just group chat and this hollow feeling might message a support line if it gets worse,self.SuicideWatch
had to say this somewhere: my shifts was messy and im annoyed ...,self.offmychest
Energy around my mates dropped hard The crash wipes out what I started I feel heavy and shut down not looking for a label,self.depression
some days uni im useless and flat. could be stress could be more. idk,self.depression
before uni I spiral into what-ifs I leave early even when people are kind,self.Anxiety
"I need to put this somewhere before it only lives in my head. For days around my ex I have had waves of not wanting to be here. They are thoughts, not a plan, and that distinction matters to me. Still, the heaviness makes ordinary life feel unreachable. I have told a friend I am struggling and I am trying to stay with people tonight. I want support more than I want those thoughts to win. Please treat this as distress that needs care pathways, not as something to analyse clinically. I will reach out further if the wave gets worse. Meanwhile, shame shows up when I cancel plans again. Lately, then a crash hits and answering a text feels huge friends notice I flip between wired and wiped. When I try to explain it, I keep thinking I made everything harder for people around me. Honestly, forward motion feels fake even when I force a routine. Also, irritation sits under my skin like static I snap over tiny things and then feel worse. Meanwhile, I snap over tiny things and then feel worse irritation sits under my skin like static. In the mornings, some days I miss the person, some days I miss who I was with them. On top of that, weekends stretch out and I pretend I planned to be alone. Lately, one stretch I barely sleep and ideas pile up too fast. Lately, I scroll through chats and put my phone down again weekends stretch out and I pretend I planned to be alone. Meanwhile, weekends stretch out and I pretend I planned to be alone. In the mornings, rooms feel louder when nobody texts back I miss having someone who just checks in without being asked. Some nights, I still flinch when their name shows up somewhere random I keep replaying the last conversation like I can edit it.",self.SuicideWatch
"I keep writing and deleting this because talking about low mood around my ex still feels dramatic even when it has lasted months. Mornings are the worst: I wake already tired, scroll without absorbing anything, and bargain with myself to shower. Showers help for twenty minutes. Then the flatness returns. I cancel plans, leave laundry in bags, and tell people I am busy when I am actually staring at a wall. Concentration for coursework or shifts is thin; I reread the same paragraph. There is guilt about being distant, then numbness that makes the guilt feel far away. Some evenings I cry without a clear story; other evenings I feel nothing and that scares me more. I am not looking for a clinical label from an app — I want a careful read of how heavy this has been and whether support options might help while I try to rebuild a bit of routine. Lately, relief and dread take turns without asking I can laugh at a meme and feel hollow five minutes later. In the mornings, I know what I should do next but my body will not start I feel parked between who I was and whoever comes next. On top of that, music that used to hit does nothing emotions arrive late or not at all. On top of that, friends notice I flip between wired and wiped appetite focus and spending change with the swings. In the mornings, friends notice I flip between wired and wiped then a crash hits and answering a text feels huge. In the mornings, I am angry that I have to carry this alone irritation sits under my skin like static. Some nights, hope shows up briefly then I talk myself out of it. Also, irritation sits under my skin like static I am angry that I have to carry this alone. On top of that, rooms feel louder when nobody texts back weekends stretch out and I pretend I planned to be alone. Lately, talking to a friend helped more than I expected. Some nights, I can laugh at a meme and feel hollow five minutes later I am grateful for small kindnesses and still tense underneath.",self.depression
"Mostly I need to unload about my mates. It is not a crisis and I am not asking for a diagnosis — just space to say I am frustrated, a bit lonely after a messy week, and weirdly relieved after writing this down. There were arguments, awkward silences, and a stretch where I felt happier than I have in months after a good conversation. Emotions are mixed: annoyance, guilt, hope, then back to annoyance. Advice optional; listening preferred. When I try to explain it, rooms feel louder when nobody texts back weekends stretch out and I pretend I planned to be alone. Some nights, I finished something small and felt a real spark of pride talking to a friend helped more than I expected. Honestly, irritation sits under my skin like static. Some nights, hope shows up briefly then I talk myself out of it I am grateful for small kindnesses and still tense underneath.",self.offmychest
Uncertainty around the weekend keeps me scanning for danger. I seek reassurance then doubt it five minutes later. Physical tension will not switch off.,self.Anxiety
my course stressed me out and now i feel weirdly empty after venting to no one. probably fine. feels stupid writing this,self.offmychest
i feel trapped by my ex. Ideation comes in waves. Writing this so it is not only in my head. I want help more than I want to act on those thoughts.,self.SuicideWatch
"My energy around the library dropped after a stretch of doing too much. Now the crash is here and I can barely reply to a message. Heavy limbs, flat mood, cancelled plans, and shame about what I started. I am not asking an app to diagnose anything medical — I want a careful theme read about low mood and energy-down days affecting daily life, sleep, and follow-through. When I try to explain it, I finished something small and felt a real spark of pride. Honestly, I keep thinking I made everything harder for people around me. Honestly, music that used to hit does nothing I go through the motions and feel buffered from myself. Also, irritation sits under my skin like static. Also, I catch myself writing messages I never send I still flinch when their name shows up somewhere random. Honestly, I keep replaying the last conversation like I can edit it some days I miss the person, some days I miss who I was with them.",self.depression
worried sick about my room and also weirdly flat after the panic fades. am i anxious or just burnt out,self.Anxiety
"Mostly I need to unload about my shifts. It is not a crisis and I am not asking for a diagnosis — just space to say I am frustrated, a bit lonely after a messy week, and weirdly relieved after writing this down. There were arguments, awkward silences, and a stretch where I felt happier than I have in months after a good conversation. Emotions are mixed: annoyance, guilt, hope, then back to annoyance. Advice optional; listening preferred. Meanwhile, I snap over tiny things and then feel worse irritation sits under my skin like static. Some nights, emotions arrive late or not at all. Meanwhile, I finished something small and felt a real spark of pride. On top of that, I can laugh at a meme and feel hollow five minutes later. Also, hope shows up briefly then I talk myself out of it I am grateful for small kindnesses and still tense underneath.",self.offmychest
irritable then suddenly on a high about this term. sleep appetite focus all over the place,self.Anxiety
this is more of a vent than anything else: sleep went sideways and I keep replaying the awkward parts. Advice optional.,self.offmychest
Motivation for money disappeared I sleep odd hours leave messages unread and feel heavy without a clear reason,self.depression
anyway not a crisis just sick of pretending the relationship is fine. small stuff kept piling up and i snapped at someone. whatever,self.offmychest
"Stress around the library has stopped being a one-day spike. For weeks I wake with dread, scan for mistakes, and catastrophise tiny delays. My heart races in lectures or on the bus for no neat reason. I ask friends if everything is okay then distrust the answer. Deadlines feel like cliffs. I leave early from gatherings because my hands shake. Afterward I feel drained and a bit numb, which confuses me — is it anxiety, burnout, or both? I am trying to track triggers: sleep debt, caffeine, unread emails. I do not want clinical certainty from software; I want acknowledgement that this worry loop is real and that support exists if it keeps growing. Lately, forward motion feels fake even when I force a routine I know what I should do next but my body will not start. When I try to explain it, some days I miss the person, some days I miss who I was with them I still flinch when their name shows up somewhere random. In the mornings, I feel parked between who I was and whoever comes next plans sit in notes apps untouched for weeks. Meanwhile, I feel parked between who I was and whoever comes next plans sit in notes apps untouched for weeks. Meanwhile, forward motion feels fake even when I force a routine. Also, music that used to hit does nothing. Some nights, I feel parked between who I was and whoever comes next I know what I should do next but my body will not start. Meanwhile, I scroll through chats and put my phone down again. In the mornings, I keep replaying the last conversation like I can edit it I catch myself writing messages I never send. Lately, rooms feel louder when nobody texts back I scroll through chats and put my phone down again. Some nights, I know what I should do next but my body will not start. Honestly, hope shows up briefly then I talk myself out of it. Honestly, I go through the motions and feel buffered from myself. On top of that, I feel parked between who I was and whoever comes next I know what I should do next but my body will not start.",self.Anxiety
sleep vanished while dealing with work. mood followed the restlessness. maybe its nothing,self.Anxiety
motivation for home disappeared I sleep odd hours leave messages unread and feel heavy without a clear reason,self.depression
"I need to put this somewhere before it only lives in my head. For days around sleep I have had waves of not wanting to be here. They are thoughts, not a plan, and that distinction matters to me. Still, the heaviness makes ordinary life feel unreachable. I have told a friend I am struggling and I am trying to stay with people tonight. I want support more than I want those thoughts to win. Please treat this as distress that needs care pathways, not as something to analyse clinically. I will reach out further if the wave gets worse. Meanwhile, friends notice I flip between wired and wiped. On top of that, plans sit in notes apps untouched for weeks forward motion feels fake even when I force a routine. Also, appetite focus and spending change with the swings. Some nights, weekends stretch out and I pretend I planned to be alone. On top of that, I keep replaying the last conversation like I can edit it some days I miss the person, some days I miss who I was with them. On top of that, I keep replaying the last conversation like I can edit it some days I miss the person, some days I miss who I was with them. Honestly, I am angry that I have to carry this alone irritation sits under my skin like static. Lately, some days I miss the person, some days I miss who I was with them. Honestly, I snap over tiny things and then feel worse. Also, I can laugh at a meme and feel hollow five minutes later relief and dread take turns without asking. Meanwhile, emotions arrive late or not at all. Some nights, I am angry that I have to carry this alone I snap over tiny things and then feel worse.",self.SuicideWatch
I feel trapped by the weekend Ideation comes in waves Writing this so it is not only in my head I want help more than I want to act on those thoughts,self.SuicideWatch
Talking too fast about money one week Mood changes how I plan and spend I feel wired and sharp,self.Anxiety
Uncertainty around commute keeps me scanning for danger. I seek reassurance then doubt it five minutes later. Physical tension will not switch off.,self.Anxiety
keep thinking deadlines would be easier if i wasnt around. not planning anything. just tired of existing tonight.,self.SuicideWatch
"Mostly I need to unload about the library. It is not a crisis and I am not asking for a diagnosis — just space to say I am frustrated, a bit lonely after a messy week, and weirdly relieved after writing this down. There were arguments, awkward silences, and a stretch where I felt happier than I have in months after a good conversation. Emotions are mixed: annoyance, guilt, hope, then back to annoyance. Advice optional; listening preferred. On top of that, music that used to hit does nothing. In the mornings, weekends stretch out and I pretend I planned to be alone rooms feel louder when nobody texts back. Honestly, emotions arrive late or not at all. On top of that, one stretch I barely sleep and ideas pile up too fast. Also, one stretch I barely sleep and ideas pile up too fast. In the mornings, talking to a friend helped more than I expected.",self.offmychest
"Tonight the hopelessness around my mates is loud. I am not making a plan and I do not want to describe anything graphic — I just keep having thoughts about not wanting to continue, then they ebb. I am staying somewhere safe and telling myself to get through the next hour. Writing this is me choosing help over silence. If it worsens I will contact a support line. Some nights, today was lighter than yesterday and that surprised me. When I try to explain it, I keep thinking I made everything harder for people around me shame shows up when I cancel plans again. Lately, music that used to hit does nothing. When I try to explain it, I replay awkward moments until they feel larger than they were. Also, friends notice I flip between wired and wiped. In the mornings, one stretch I barely sleep and ideas pile up too fast friends notice I flip between wired and wiped.",self.SuicideWatch
anyway not a crisis just sick of pretending money is fine. small stuff kept piling up and i snapped at someone. whatever yeah,self.offmychest
"For the last few weeks around work I have felt hollow more than tearful. I get up, do the minimum, and then sit with that heavy quiet that makes ordinary tasks feel pointless. Friends still invite me; I say maybe and then do not go. Food tastes like cardboard some days. I am not trying to diagnose myself — I just want language for this flatness and the way interest keeps slipping away. Sleep is weird: either too much or broken. I keep hoping tomorrow will feel different and it mostly does not. Also, relief and dread take turns without asking I can laugh at a meme and feel hollow five minutes later. Honestly, I snap over tiny things and then feel worse. Meanwhile, one stretch I barely sleep and ideas pile up too fast. Lately, I know what I should do next but my body will not start. Lately, I replay awkward moments until they feel larger than they were.",self.depression
"Hopelessness around my mates has been intense. I have thoughts about not wanting to continue, then they pass. I am trying to stay safe and talk to someone. lol",self.SuicideWatch
"Hopelessness around this term has been intense. ive thoughts about not wanting to continue, then they pass. im trying to stay safe and talk to someone.",self.SuicideWatch
"I am trying to describe the crash without claiming a clinical label. Around messages, a drop hits: heavy limbs, flat mood, cancelled plans, and shame about what I started when I had more energy. Tracking sleep and appetite helps a bit. Stress can deepen the low. Mixed days confuse me — restless and empty at once, but the empty part is what I cannot shake. Please reflect the low-mood and energy-down pattern supportively and keep language non-diagnostic; I already know software cannot replace a clinician. When I try to explain it, I am grateful for small kindnesses and still tense underneath. Meanwhile, I am angry that I have to carry this alone irritation sits under my skin like static. In the mornings, I can laugh at a meme and feel hollow five minutes later. Also, I scroll through chats and put my phone down again. Meanwhile, I keep replaying the last conversation like I can edit it. Lately, rooms feel louder when nobody texts back weekends stretch out and I pretend I planned to be alone. On top of that, I finished something small and felt a real spark of pride talking to a friend helped more than I expected. When I try to explain it, I go through the motions and feel buffered from myself. When I try to explain it, I can laugh at a meme and feel hollow five minutes later. Also, irritation sits under my skin like static I am angry that I have to carry this alone. In the mornings, I catch myself writing messages I never send. Lately, I keep replaying the last conversation like I can edit it. On top of that, then a crash hits and answering a text feels huge appetite focus and spending change with the swings. Honestly, I finished something small and felt a real spark of pride today was lighter than yesterday and that surprised me. Also, one stretch I barely sleep and ideas pile up too fast. When I try to explain it, I keep replaying the last conversation like I can edit it. Also, music that used to hit does nothing I go through the motions and feel buffered from myself.",self.depression
everything with my shifts feels pointless and heavy. sometimes i wonder what the point of next week is. not saying im going to do anything. just exhausted of fighting,self.SuicideWatch
"Mostly I need to unload about this term. It is not a crisis and I am not asking for a diagnosis — just space to say I am frustrated, a bit lonely after a messy week, and weirdly relieved after writing this down. There were arguments, awkward silences, and a stretch where I felt happier than I have in months after a good conversation. Emotions are mixed: annoyance, guilt, hope, then back to annoyance. Advice optional; listening preferred. When I try to explain it, shame shows up when I cancel plans again I replay awkward moments until they feel larger than they were. In the mornings, I am angry that I have to carry this alone. Meanwhile, I still flinch when their name shows up somewhere random some days I miss the person, some days I miss who I was with them. Some nights, I replay awkward moments until they feel larger than they were shame shows up when I cancel plans again.",self.offmychest
"My energy around this term runs too fast. For a stretch I sleep little, talk quickly, start too many plans, and feel oddly wired. Friends say I seem restless across the week. I am not asking an app to diagnose anything medical — I want a careful theme read about racing thoughts and restlessness affecting daily life, sleep, and spending. Lately, forward motion feels fake even when I force a routine. Also, friends notice I flip between wired and wiped then a crash hits and answering a text feels huge. Meanwhile, I finished something small and felt a real spark of pride today was lighter than yesterday and that surprised me. Honestly, talking to a friend helped more than I expected. Lately, I scroll through chats and put my phone down again. When I try to explain it, I snap over tiny things and then feel worse. When I try to explain it, one stretch I barely sleep and ideas pile up too fast then a crash hits and answering a text feels huge.",self.Anxiety
everything with my ex feels pointless and heavy sometimes i wonder what the point of next week is not saying im going to do anything just exhausted of fighting,self.SuicideWatch
I talked about family then shut down the next stretch. Planning and spending feel pointless now. Trying to track the low.,self.depression
"My energy around deadlines runs too fast. For a stretch I sleep little, talk quickly, start too many plans, and feel oddly wired. Friends say I seem restless across the week. I am not asking an app to diagnose anything medical — I want a careful theme read about racing thoughts and restlessness affecting daily life, sleep, and spending. Meanwhile, I feel parked between who I was and whoever comes next I know what I should do next but my body will not start. Also, I keep thinking I made everything harder for people around me shame shows up when I cancel plans again. Honestly, forward motion feels fake even when I force a routine. When I try to explain it, I know what I should do next but my body will not start forward motion feels fake even when I force a routine. Lately, I keep thinking I made everything harder for people around me shame shows up when I cancel plans again.",self.Anxiety
"My energy around my ex dropped after a stretch of doing too much. Now the crash is here and I can barely reply to a message. Heavy limbs, flat mood, cancelled plans, and shame about what I started. I am not asking an app to diagnose anything medical — I want a careful theme read about low mood and energy-down days affecting daily life, sleep, and follow-through. Honestly, I go through the motions and feel buffered from myself music that used to hit does nothing. Some nights, friends notice I flip between wired and wiped appetite focus and spending change with the swings. Some nights, music that used to hit does nothing. Some nights, then a crash hits and answering a text feels huge appetite focus and spending change with the swings. In the mornings, I am grateful for small kindnesses and still tense underneath relief and dread take turns without asking.",self.depression
"This is a long vent about sleep and the pile of ordinary human feelings that came with it. Heartbreak from a friendship cooling off, loneliness on Sundays, stress about money, then a surprising afternoon where I felt genuinely happy walking home. I also feel stuck about next steps and a little ashamed that small things rattled me. Mixed feelings are the point: anger one hour, soft hope the next. I do not want clinical language — I want acknowledgement that dumping this out is allowed, plus gentle support options if I want them later. Tomorrow I will try again; tonight I just needed somewhere to put the words. In the mornings, I still flinch when their name shows up somewhere random. When I try to explain it, I feel parked between who I was and whoever comes next forward motion feels fake even when I force a routine. On top of that, forward motion feels fake even when I force a routine I feel parked between who I was and whoever comes next. Meanwhile, I keep thinking I made everything harder for people around me. Lately, emotions arrive late or not at all music that used to hit does nothing. Also, weekends stretch out and I pretend I planned to be alone I miss having someone who just checks in without being asked. When I try to explain it, emotions arrive late or not at all. Lately, I keep replaying the last conversation like I can edit it I still flinch when their name shows up somewhere random. In the mornings, I am angry that I have to carry this alone irritation sits under my skin like static. In the mornings, I feel parked between who I was and whoever comes next. Honestly, shame shows up when I cancel plans again I replay awkward moments until they feel larger than they were. Honestly, I keep replaying the last conversation like I can edit it. Some nights, one stretch I barely sleep and ideas pile up too fast. Honestly, irritation sits under my skin like static I snap over tiny things and then feel worse.",self.offmychest
wish i could disappear quietly group chat piled up and i feel like a burden yeah,self.SuicideWatch
if i vanished would commute even notice. that thought scares me a bit. trying not to spiral alone,self.SuicideWatch
"This is a long vent about my room and the pile of ordinary human feelings that came with it. Heartbreak from a friendship cooling off, loneliness on Sundays, stress about money, then a surprising afternoon where I felt genuinely happy walking home. I also feel stuck about next steps and a little ashamed that small things rattled me. Mixed feelings are the point: anger one hour, soft hope the next. I do not want clinical language — I want acknowledgement that dumping this out is allowed, plus gentle support options if I want them later. Tomorrow I will try again; tonight I just needed somewhere to put the words. Meanwhile, one stretch I barely sleep and ideas pile up too fast then a crash hits and answering a text feels huge. Lately, I keep thinking I made everything harder for people around me. Lately, I can laugh at a meme and feel hollow five minutes later. Also, I finished something small and felt a real spark of pride today was lighter than yesterday and that surprised me. Lately, today was lighter than yesterday and that surprised me. Honestly, I go through the motions and feel buffered from myself. Honestly, irritation sits under my skin like static I snap over tiny things and then feel worse. When I try to explain it, I am not fixed but I can see a thinner path forward. When I try to explain it, I keep replaying the last conversation like I can edit it. Also, plans sit in notes apps untouched for weeks. In the mornings, I keep thinking I made everything harder for people around me shame shows up when I cancel plans again. Meanwhile, music that used to hit does nothing. Meanwhile, I still flinch when their name shows up somewhere random some days I miss the person, some days I miss who I was with them. On top of that, one stretch I barely sleep and ideas pile up too fast. Also, relief and dread take turns without asking. Honestly, I feel parked between who I was and whoever comes next forward motion feels fake even when I force a routine.",self.offmychest
unloading about my room. pride stopped me telling mates. tomorrow ill try again tonight im moaning,self.offmychest
"My energy around the library runs too fast. For a stretch I sleep little, talk quickly, start too many plans, and feel oddly wired. Friends say I seem restless across the week. I am not asking an app to diagnose anything medical — I want a careful theme read about racing thoughts and restlessness affecting daily life, sleep, and spending. On top of that, plans sit in notes apps untouched for weeks. In the mornings, I am not fixed but I can see a thinner path forward. Lately, some days I miss the person, some days I miss who I was with them I catch myself writing messages I never send. Lately, I keep thinking I made everything harder for people around me shame shows up when I cancel plans again. Some nights, I am not fixed but I can see a thinner path forward I finished something small and felt a real spark of pride.",self.Anxiety
sleep vanished while dealing with sleep. mood followed the restlessness. anyway,self.Anxiety
if i vanished would my shifts even notice that thought scares me a bit trying not to spiral alone,self.SuicideWatch
Hopelessness around my course has been intense I have thoughts about not wanting to continue then they pass I am trying to stay safe and talk to someone,self.SuicideWatch
tired of the relationship and a bit low about it but mostly just annoyed and overthinking conversations. needed somewhere to dump it lol,self.offmychest
sleep returned with a crash while dealing with deadlines mood followed it down maybe its nothing,self.depression
everything with group chat feels pointless and heavy. sometimes i wonder what the point of next week is. not saying im going to do anything. just exhausted of fighting,self.SuicideWatch
part of me wants the noise to stop. no plan. just my shifts and this hollow feeling. might message a support line if it gets worse,self.SuicideWatch
"My body treats money like a threat even when nothing has gone wrong yet. Chest tight, jaw locked, brain running disaster scripts. I check messages repeatedly, then feel embarrassed about checking. Sleep is shallow because I rehearse conversations at 2am. I cancel social things to avoid the spiral, which makes next week worse. This is not a diagnosis request — I want a clear reflection that this is worry and bodily tension piling up, and some gentle next steps. Also, irritation sits under my skin like static I snap over tiny things and then feel worse. Also, today was lighter than yesterday and that surprised me I am not fixed but I can see a thinner path forward. On top of that, music that used to hit does nothing emotions arrive late or not at all. Meanwhile, I finished something small and felt a real spark of pride talking to a friend helped more than I expected.",self.Anxiety
ideas for money came then i cant move. wiped out all week.,self.depression
"hopelessness around the relationship has been intense. ive thoughts about not wanting to continue, then they pass. im trying to stay safe and talk to someone.",self.SuicideWatch
the weekend stress sits in my chest. not crying just restless and snappy. anyway,self.Anxiety
people ask about the relationship and i say im ok then do nothing all evening. like moving through glue. small stuff takes forever,self.depression
maybe its nothing started deadlines projects at 2am felt unstoppable wired. friends say i flip too quick,self.Anxiety
feels stupid writing this work is fine on paper but i cancel everything and sit there. food is meh friends feel far. not dramatic just flat for days,self.depression
not sure how to say this work is fine on paper but i cancel everything and sit there. food is meh friends feel far. not dramatic just flat for days,self.depression
on edge all day about my shifts. sweaty hands shallow breath then i feel silly after,self.Anxiety
"This is a long vent about the relationship and the pile of ordinary human feelings that came with it. Heartbreak from a friendship cooling off, loneliness on Sundays, stress about money, then a surprising afternoon where I felt genuinely happy walking home. I also feel stuck about next steps and a little ashamed that small things rattled me. Mixed feelings are the point: anger one hour, soft hope the next. I do not want clinical language — I want acknowledgement that dumping this out is allowed, plus gentle support options if I want them later. Tomorrow I will try again; tonight I just needed somewhere to put the words. When I try to explain it, I feel parked between who I was and whoever comes next. In the mornings, I keep replaying the last conversation like I can edit it I catch myself writing messages I never send. In the mornings, friends notice I flip between wired and wiped. Honestly, forward motion feels fake even when I force a routine. Honestly, I replay awkward moments until they feel larger than they were shame shows up when I cancel plans again. Some nights, irritation sits under my skin like static I am angry that I have to carry this alone. Some nights, music that used to hit does nothing emotions arrive late or not at all. Lately, I scroll through chats and put my phone down again. In the mornings, I replay awkward moments until they feel larger than they were. Honestly, I replay awkward moments until they feel larger than they were. Lately, I am angry that I have to carry this alone. Also, I finished something small and felt a real spark of pride talking to a friend helped more than I expected. Some nights, some days I miss the person, some days I miss who I was with them. In the mornings, I finished something small and felt a real spark of pride I am not fixed but I can see a thinner path forward. In the mornings, I keep thinking I made everything harder for people around me.",self.offmychest
whatever dark thoughts about not continuing keep looping when family hits. im staying with someone tonight and trying to get through the next hour,self.SuicideWatch
I feel guilty admitting how frustrated the library made me. Writing it here releases the pressure without a big confrontation. lol,self.offmychest
everything with the relationship feels pointless and heavy. sometimes i wonder what the point of next week is. not saying im going to do anything. just exhausted of fighting,self.SuicideWatch
sleep returned with a crash while dealing with my shifts. mood followed it down. not sure how to say this,self.depression
I feel trapped by the flat. Ideation comes in waves. Writing this so it is not only in my head. I want help more than I want to act on those thoughts.,self.SuicideWatch
part of me wants the noise to stop. no plan. just the relationship and this hollow feeling. might message a support line if it gets worse ...,self.SuicideWatch
Energy around this term will not sit still Elevated spells feel risky; I talk too fast and try to track the restlessness,self.Anxiety
feels stupid writing this started commute projects at 2am felt unstoppable wired. friends say i flip too quick,self.Anxiety
everything with the weekend feels pointless and heavy. sometimes i wonder what the point of next week is. not saying im going to do anything. just exhausted of fighting lol,self.SuicideWatch
tbh dark thoughts about not continuing keep looping when the flat hits im staying with someone tonight and trying to get through the next hour,self.SuicideWatch
"Stress around commute has stopped being a one-day spike. For weeks I wake with dread, scan for mistakes, and catastrophise tiny delays. My heart races in lectures or on the bus for no neat reason. I ask friends if everything is okay then distrust the answer. Deadlines feel like cliffs. I leave early from gatherings because my hands shake. Afterward I feel drained and a bit numb, which confuses me — is it anxiety, burnout, or both? I am trying to track triggers: sleep debt, caffeine, unread emails. I do not want clinical certainty from software; I want acknowledgement that this worry loop is real and that support exists if it keeps growing. Honestly, I snap over tiny things and then feel worse irritation sits under my skin like static. Some nights, I scroll through chats and put my phone down again rooms feel louder when nobody texts back. Lately, I finished something small and felt a real spark of pride. Also, irritation sits under my skin like static I am angry that I have to carry this alone. Lately, I replay awkward moments until they feel larger than they were shame shows up when I cancel plans again. Also, I catch myself writing messages I never send some days I miss the person, some days I miss who I was with them. When I try to explain it, I snap over tiny things and then feel worse I am angry that I have to carry this alone. Lately, I replay awkward moments until they feel larger than they were shame shows up when I cancel plans again. Lately, shame shows up when I cancel plans again I keep thinking I made everything harder for people around me. Honestly, hope shows up briefly then I talk myself out of it relief and dread take turns without asking. Honestly, shame shows up when I cancel plans again. Honestly, I scroll through chats and put my phone down again. Some nights, emotions arrive late or not at all. On top of that, I can laugh at a meme and feel hollow five minutes later.",self.Anxiety
irritable then suddenly on a high about my ex. sleep appetite focus all over the place,self.Anxiety
"motivation for group chat disappeared. I sleep odd hours, leave messages unread, and feel heavy without a clear reason. ...",self.depression
"Around the relationship I have been low for a while. I still show up but interest is gone and I replay mistakes until I shut down. Not looking for a label, just stuck. ...",self.depression
This is more of a vent than anything else: commute went sideways and I keep replaying the awkward parts. Advice optional. idk,self.offmychest
sleep vanished while dealing with my course. mood followed the restlessness. anyway,self.Anxiety
"Hopelessness around sleep has been intense. ive thoughts about not wanting to continue, then they pass. im trying to stay safe and talk to someone.",self.SuicideWatch
tired of money and a bit low about it but mostly just annoyed and overthinking conversations. needed somewhere to dump it,self.offmychest
before family I spiral into what-ifs. I leave early even when people are kind.,self.Anxiety
"For the last few weeks around home I have felt hollow more than tearful. I get up, do the minimum, and then sit with that heavy quiet that makes ordinary tasks feel pointless. Friends still invite me; I say maybe and then do not go. Food tastes like cardboard some days. I am not trying to diagnose myself — I just want language for this flatness and the way interest keeps slipping away. Sleep is weird: either too much or broken. I keep hoping tomorrow will feel different and it mostly does not. Also, I replay awkward moments until they feel larger than they were shame shows up when I cancel plans again. Honestly, I am not fixed but I can see a thinner path forward talking to a friend helped more than I expected. On top of that, I can laugh at a meme and feel hollow five minutes later.",self.depression
"For the last few weeks around my shifts I have felt hollow more than tearful. I get up, do the minimum, and then sit with that heavy quiet that makes ordinary tasks feel pointless. Friends still invite me; I say maybe and then do not go. Food tastes like cardboard some days. I am not trying to diagnose myself — I just want language for this flatness and the way interest keeps slipping away. Sleep is weird: either too much or broken. I keep hoping tomorrow will feel different and it mostly does not. Lately, I know what I should do next but my body will not start I feel parked between who I was and whoever comes next. In the mornings, I keep replaying the last conversation like I can edit it I catch myself writing messages I never send. On top of that, emotions arrive late or not at all I go through the motions and feel buffered from myself.",self.depression
some days my course im useless and flat. could be stress could be more. idk,self.depression
I talked about my room then shut down the next stretch Planning and spending feel pointless now Trying to track the low,self.depression
"Tonight the hopelessness around uni is loud. I am not making a plan and I do not want to describe anything graphic — I just keep having thoughts about not wanting to continue, then they ebb. I am staying somewhere safe and telling myself to get through the next hour. Writing this is me choosing help over silence. If it worsens I will contact a support line. On top of that, forward motion feels fake even when I force a routine plans sit in notes apps untouched for weeks. Some nights, I replay awkward moments until they feel larger than they were. Meanwhile, some days I miss the person, some days I miss who I was with them I catch myself writing messages I never send. Honestly, weekends stretch out and I pretend I planned to be alone. Some nights, I replay awkward moments until they feel larger than they were shame shows up when I cancel plans again.",self.SuicideWatch
not sure how to say this not a crisis just sick of pretending my ex is fine. small stuff kept piling up and i snapped at someone. whatever,self.offmychest
everything with money feels pointless and heavy sometimes i wonder what the point of next week is not saying im going to do anything just exhausted of fighting,self.SuicideWatch
everything with family feels pointless and heavy sometimes i wonder what the point of next week is not saying im going to do anything just exhausted of fighting,self.SuicideWatch
"I keep writing and deleting this because talking about low mood around my ex still feels dramatic even when it has lasted months. Mornings are the worst: I wake already tired, scroll without absorbing anything, and bargain with myself to shower. Showers help for twenty minutes. Then the flatness returns. I cancel plans, leave laundry in bags, and tell people I am busy when I am actually staring at a wall. Concentration for coursework or shifts is thin; I reread the same paragraph. There is guilt about being distant, then numbness that makes the guilt feel far away. Some evenings I cry without a clear story; other evenings I feel nothing and that scares me more. I am not looking for a clinical label from an app — I want a careful read of how heavy this has been and whether support options might help while I try to rebuild a bit of routine. On top of that, weekends stretch out and I pretend I planned to be alone rooms feel louder when nobody texts back. Some nights, I finished something small and felt a real spark of pride today was lighter than yesterday and that surprised me. Lately, I am not fixed but I can see a thinner path forward. Honestly, I catch myself writing messages I never send I still flinch when their name shows up somewhere random. When I try to explain it, I still flinch when their name shows up somewhere random some days I miss the person, some days I miss who I was with them. In the mornings, some days I miss the person, some days I miss who I was with them. Also, I keep thinking I made everything harder for people around me I replay awkward moments until they feel larger than they were. Also, shame shows up when I cancel plans again. Lately, irritation sits under my skin like static. Honestly, forward motion feels fake even when I force a routine. When I try to explain it, then a crash hits and answering a text feels huge. In the mornings, I finished something small and felt a real spark of pride today was lighter than yesterday and that surprised me.",self.depression
Energy around group chat will not sit still. Elevated spells feel risky; I talk too fast and try to track the restlessness.,self.Anxiety
"Stress around this term has stopped being a one-day spike. For weeks I wake with dread, scan for mistakes, and catastrophise tiny delays. My heart races in lectures or on the bus for no neat reason. I ask friends if everything is okay then distrust the answer. Deadlines feel like cliffs. I leave early from gatherings because my hands shake. Afterward I feel drained and a bit numb, which confuses me — is it anxiety, burnout, or both? I am trying to track triggers: sleep debt, caffeine, unread emails. I do not want clinical certainty from software; I want acknowledgement that this worry loop is real and that support exists if it keeps growing. Some nights, weekends stretch out and I pretend I planned to be alone. On top of that, music that used to hit does nothing emotions arrive late or not at all. In the mornings, weekends stretch out and I pretend I planned to be alone rooms feel louder when nobody texts back. Also, I finished something small and felt a real spark of pride. Honestly, I keep replaying the last conversation like I can edit it. On top of that, I snap over tiny things and then feel worse I am angry that I have to carry this alone. In the mornings, I keep thinking I made everything harder for people around me. On top of that, I keep replaying the last conversation like I can edit it some days I miss the person, some days I miss who I was with them. Also, irritation sits under my skin like static I am angry that I have to carry this alone. Meanwhile, music that used to hit does nothing I go through the motions and feel buffered from myself. Honestly, music that used to hit does nothing. In the mornings, friends notice I flip between wired and wiped. Also, rooms feel louder when nobody texts back. Lately, weekends stretch out and I pretend I planned to be alone I miss having someone who just checks in without being asked. Meanwhile, I finished something small and felt a real spark of pride.",self.Anxiety
"Tonight the hopelessness around my ex is loud. I am not making a plan and I do not want to describe anything graphic — I just keep having thoughts about not wanting to continue, then they ebb. I am staying somewhere safe and telling myself to get through the next hour. Writing this is me choosing help over silence. If it worsens I will contact a support line. Lately, I miss having someone who just checks in without being asked weekends stretch out and I pretend I planned to be alone. Also, I can laugh at a meme and feel hollow five minutes later relief and dread take turns without asking. On top of that, forward motion feels fake even when I force a routine I feel parked between who I was and whoever comes next. Also, I finished something small and felt a real spark of pride.",self.SuicideWatch
i talked about messages then shut down the next stretch. Planning and spending feel pointless now. Trying to track the low. idk,self.depression
"Around uni ive been low for a while. I still show up but interest is gone and I replay mistakes until I shut down. Not looking for a label, just stuck.",self.depression
then nothing after my mates. sleep appetite focus all crashed. sitting there empty,self.depression
people ask about the flat and i say im ok then do nothing all evening. like moving through glue. small stuff takes forever,self.depression
some days commute im wired and sharp could be stress could be more idk,self.Anxiety
some days sleep im wired and sharp. could be stress could be more. idk,self.Anxiety
just need to vent about sleep. annoying week nothing deep.,self.offmychest
"I am trying to describe the crash without claiming a clinical label. Around group chat, a drop hits: heavy limbs, flat mood, cancelled plans, and shame about what I started when I had more energy. Tracking sleep and appetite helps a bit. Stress can deepen the low. Mixed days confuse me — restless and empty at once, but the empty part is what I cannot shake. Please reflect the low-mood and energy-down pattern supportively and keep language non-diagnostic; I already know software cannot replace a clinician. When I try to explain it, hope shows up briefly then I talk myself out of it. Meanwhile, I scroll through chats and put my phone down again I miss having someone who just checks in without being asked. In the mornings, friends notice I flip between wired and wiped. Honestly, some days I miss the person, some days I miss who I was with them I catch myself writing messages I never send. Honestly, I keep thinking I made everything harder for people around me shame shows up when I cancel plans again. Meanwhile, I go through the motions and feel buffered from myself. Lately, I am not fixed but I can see a thinner path forward. Also, hope shows up briefly then I talk myself out of it relief and dread take turns without asking. Meanwhile, talking to a friend helped more than I expected. Honestly, I keep thinking I made everything harder for people around me I replay awkward moments until they feel larger than they were. On top of that, I snap over tiny things and then feel worse irritation sits under my skin like static. Lately, relief and dread take turns without asking I can laugh at a meme and feel hollow five minutes later. Lately, I finished something small and felt a real spark of pride. Meanwhile, relief and dread take turns without asking I can laugh at a meme and feel hollow five minutes later. Also, I still flinch when their name shows up somewhere random some days I miss the person, some days I miss who I was with them.",self.depression
"Hopelessness around money has been intense. I have thoughts about not wanting to continue, then they pass. I am trying to stay safe and talk to someone.",self.SuicideWatch
"Tonight the hopelessness around the relationship is loud. I am not making a plan and I do not want to describe anything graphic — I just keep having thoughts about not wanting to continue, then they ebb. I am staying somewhere safe and telling myself to get through the next hour. Writing this is me choosing help over silence. If it worsens I will contact a support line. When I try to explain it, irritation sits under my skin like static. On top of that, I go through the motions and feel buffered from myself. Lately, I keep replaying the last conversation like I can edit it I catch myself writing messages I never send. Some nights, I am grateful for small kindnesses and still tense underneath relief and dread take turns without asking. Honestly, relief and dread take turns without asking hope shows up briefly then I talk myself out of it.",self.SuicideWatch
people ask about the library and i say im ok then do nothing all evening. like moving through glue. small stuff takes forever,self.depression
I feel trapped by sleep Ideation comes in waves Writing this so it is not only in my head I want help more than I want to act on those thoughts yeah,self.SuicideWatch
"I need to put this somewhere before it only lives in my head. For days around the library I have had waves of not wanting to be here. They are thoughts, not a plan, and that distinction matters to me. Still, the heaviness makes ordinary life feel unreachable. I have told a friend I am struggling and I am trying to stay with people tonight. I want support more than I want those thoughts to win. Please treat this as distress that needs care pathways, not as something to analyse clinically. I will reach out further if the wave gets worse. Honestly, I keep replaying the last conversation like I can edit it. Honestly, emotions arrive late or not at all. Meanwhile, hope shows up briefly then I talk myself out of it. Honestly, I snap over tiny things and then feel worse. When I try to explain it, I still flinch when their name shows up somewhere random. When I try to explain it, appetite focus and spending change with the swings one stretch I barely sleep and ideas pile up too fast. Honestly, today was lighter than yesterday and that surprised me. When I try to explain it, I go through the motions and feel buffered from myself. Honestly, I miss having someone who just checks in without being asked weekends stretch out and I pretend I planned to be alone. On top of that, I keep thinking I made everything harder for people around me. In the mornings, I finished something small and felt a real spark of pride. Honestly, I keep thinking I made everything harder for people around me I replay awkward moments until they feel larger than they were. Meanwhile, I can laugh at a meme and feel hollow five minutes later relief and dread take turns without asking.",self.SuicideWatch
sleep vanished while dealing with deadlines. mood followed the restlessness. anyway lol,self.Anxiety
if i vanished would group chat even notice. that thought scares me a bit. trying not to spiral alone,self.SuicideWatch
not sure how to say this dark thoughts about not continuing keep looping when home hits. im staying with someone tonight and trying to get through the next hour,self.SuicideWatch
"I need to put this somewhere before it only lives in my head. For days around my course I have had waves of not wanting to be here. They are thoughts, not a plan, and that distinction matters to me. Still, the heaviness makes ordinary life feel unreachable. I have told a friend I am struggling and I am trying to stay with people tonight. I want support more than I want those thoughts to win. Please treat this as distress that needs care pathways, not as something to analyse clinically. I will reach out further if the wave gets worse. In the mornings, friends notice I flip between wired and wiped one stretch I barely sleep and ideas pile up too fast. Some nights, today was lighter than yesterday and that surprised me. On top of that, I am not fixed but I can see a thinner path forward today was lighter than yesterday and that surprised me. Some nights, today was lighter than yesterday and that surprised me I am not fixed but I can see a thinner path forward. On top of that, plans sit in notes apps untouched for weeks. Also, I scroll through chats and put my phone down again. Lately, I go through the motions and feel buffered from myself. On top of that, I am not fixed but I can see a thinner path forward talking to a friend helped more than I expected. Honestly, music that used to hit does nothing emotions arrive late or not at all. On top of that, shame shows up when I cancel plans again I keep thinking I made everything harder for people around me. Meanwhile, talking to a friend helped more than I expected. On top of that, I am grateful for small kindnesses and still tense underneath.",self.SuicideWatch
everything with my ex feels muted. not sad exactly just empty.,self.depression
"My energy around uni runs too fast. For a stretch I sleep little, talk quickly, start too many plans, and feel oddly wired. Friends say I seem restless across the week. I am not asking an app to diagnose anything medical — I want a careful theme read about racing thoughts and restlessness affecting daily life, sleep, and spending. Also, I can laugh at a meme and feel hollow five minutes later hope shows up briefly then I talk myself out of it. Meanwhile, music that used to hit does nothing. Also, I catch myself writing messages I never send. When I try to explain it, one stretch I barely sleep and ideas pile up too fast friends notice I flip between wired and wiped. Meanwhile, music that used to hit does nothing. Some nights, weekends stretch out and I pretend I planned to be alone I miss having someone who just checks in without being asked.",self.Anxiety
had to say this somewhere: work was messy and im annoyed. yeah,self.offmychest
"Tonight the hopelessness around my ex is loud. I am not making a plan and I do not want to describe anything graphic — I just keep having thoughts about not wanting to continue, then they ebb. I am staying somewhere safe and telling myself to get through the next hour. Writing this is me choosing help over silence. If it worsens I will contact a support line. Meanwhile, music that used to hit does nothing emotions arrive late or not at all. On top of that, one stretch I barely sleep and ideas pile up too fast. On top of that, some days I miss the person, some days I miss who I was with them. Meanwhile, I am not fixed but I can see a thinner path forward talking to a friend helped more than I expected. Meanwhile, I feel parked between who I was and whoever comes next I know what I should do next but my body will not start.",self.SuicideWatch
worried sick about messages and also weirdly flat after the panic fades. am i anxious or just burnt out ...,self.Anxiety
stressed about uni but also just... numb? worry comes then fades into nothing. hard to tell if im overthinking or just done,self.depression
"Tonight the hopelessness around the relationship is loud. I am not making a plan and I do not want to describe anything graphic — I just keep having thoughts about not wanting to continue, then they ebb. I am staying somewhere safe and telling myself to get through the next hour. Writing this is me choosing help over silence. If it worsens I will contact a support line. Lately, weekends stretch out and I pretend I planned to be alone I miss having someone who just checks in without being asked. In the mornings, I replay awkward moments until they feel larger than they were. Honestly, I am not fixed but I can see a thinner path forward I finished something small and felt a real spark of pride. Some nights, shame shows up when I cancel plans again I keep thinking I made everything harder for people around me.",self.SuicideWatch
"Tonight the hopelessness around my mates is loud. I am not making a plan and I do not want to describe anything graphic — I just keep having thoughts about not wanting to continue, then they ebb. I am staying somewhere safe and telling myself to get through the next hour. Writing this is me choosing help over silence. If it worsens I will contact a support line. Honestly, I keep thinking I made everything harder for people around me. Honestly, I can laugh at a meme and feel hollow five minutes later. Lately, music that used to hit does nothing. Meanwhile, I scroll through chats and put my phone down again rooms feel louder when nobody texts back. On top of that, I am grateful for small kindnesses and still tense underneath relief and dread take turns without asking.",self.SuicideWatch
feels stupid writing this started my shifts projects then i cant answer a text. friends notice im down and slow,self.depression
"My energy around the weekend runs too fast. For a stretch I sleep little, talk quickly, start too many plans, and feel oddly wired. Friends say I seem restless across the week. I am not asking an app to diagnose anything medical — I want a careful theme read about racing thoughts and restlessness affecting daily life, sleep, and spending. On top of that, relief and dread take turns without asking. Lately, I am angry that I have to carry this alone I snap over tiny things and then feel worse. Meanwhile, irritation sits under my skin like static I am angry that I have to carry this alone. Lately, emotions arrive late or not at all I go through the motions and feel buffered from myself. Also, I feel parked between who I was and whoever comes next I know what I should do next but my body will not start.",self.Anxiety
if i vanished would sleep even notice. that thought scares me a bit. trying not to spiral alone,self.SuicideWatch
whatever family is fine on paper but i cancel everything and sit there. food is meh friends feel far. not dramatic just flat for days,self.depression
everything with uni feels pointless and heavy. sometimes i wonder what the point of next week is. not saying im going to do anything. just exhausted of fighting,self.SuicideWatch
part of me wants the noise to stop no plan just my mates and this hollow feeling might message a support line if it gets worse idk,self.SuicideWatch
tired of the weekend and a bit low about it but mostly just annoyed and overthinking conversations. needed somewhere to dump it yeah,self.offmychest
I feel guilty admitting how frustrated the relationship made me. Writing it here releases the pressure without a big confrontation.,self.offmychest
sleep returned with a crash while dealing with my course. mood followed it down. not sure how to say this,self.depression
"This is a long vent about family and the pile of ordinary human feelings that came with it. Heartbreak from a friendship cooling off, loneliness on Sundays, stress about money, then a surprising afternoon where I felt genuinely happy walking home. I also feel stuck about next steps and a little ashamed that small things rattled me. Mixed feelings are the point: anger one hour, soft hope the next. I do not want clinical language — I want acknowledgement that dumping this out is allowed, plus gentle support options if I want them later. Tomorrow I will try again; tonight I just needed somewhere to put the words. When I try to explain it, I am not fixed but I can see a thinner path forward. When I try to explain it, hope shows up briefly then I talk myself out of it I am grateful for small kindnesses and still tense underneath. Some nights, emotions arrive late or not at all. Also, then a crash hits and answering a text feels huge. When I try to explain it, I scroll through chats and put my phone down again I miss having someone who just checks in without being asked. Also, irritation sits under my skin like static. On top of that, friends notice I flip between wired and wiped. Honestly, I replay awkward moments until they feel larger than they were. When I try to explain it, I finished something small and felt a real spark of pride. On top of that, I keep thinking I made everything harder for people around me. Meanwhile, plans sit in notes apps untouched for weeks. On top of that, talking to a friend helped more than I expected. Honestly, I keep thinking I made everything harder for people around me. Some nights, friends notice I flip between wired and wiped. Some nights, shame shows up when I cancel plans again I replay awkward moments until they feel larger than they were. On top of that, I replay awkward moments until they feel larger than they were I keep thinking I made everything harder for people around me.",self.offmychest
"My body treats work like a threat even when nothing has gone wrong yet. Chest tight, jaw locked, brain running disaster scripts. I check messages repeatedly, then feel embarrassed about checking. Sleep is shallow because I rehearse conversations at 2am. I cancel social things to avoid the spiral, which makes next week worse. This is not a diagnosis request — I want a clear reflection that this is worry and bodily tension piling up, and some gentle next steps. Some nights, forward motion feels fake even when I force a routine. On top of that, I miss having someone who just checks in without being asked. Some nights, rooms feel louder when nobody texts back I scroll through chats and put my phone down again. Lately, irritation sits under my skin like static. Some nights, irritation sits under my skin like static. Honestly, I feel parked between who I was and whoever comes next.",self.Anxiety
tbh family is fine on paper but i cancel everything and sit there. food is meh friends feel far. not dramatic just flat for days,self.depression
my ex has me drained. chest feels tight some nights then i feel nothing next morning. tbh yeah,self.depression
idk dark thoughts about not continuing keep looping when the library hits. im staying with someone tonight and trying to get through the next hour,self.SuicideWatch
"hopelessness around the weekend has been intense. I have thoughts about not wanting to continue, then they pass. I am trying to stay safe and talk to someone. idk",self.SuicideWatch
everything with my mates feels pointless and heavy sometimes i wonder what the point of next week is not saying im going to do anything just exhausted of fighting,self.SuicideWatch
worried sick about deadlines and also weirdly flat after the panic fades am i anxious or just burnt out yeah,self.Anxiety
some days my room im wired and sharp. could be stress could be more. idk,self.Anxiety
feels stupid writing this started the weekend projects at 2am felt unstoppable wired friends say i flip too quick,self.Anxiety
"My energy around my shifts dropped after a stretch of doing too much. Now the crash is here and I can barely reply to a message. Heavy limbs, flat mood, cancelled plans, and shame about what I started. I am not asking an app to diagnose anything medical — I want a careful theme read about low mood and energy-down days affecting daily life, sleep, and follow-through. In the mornings, I go through the motions and feel buffered from myself. On top of that, plans sit in notes apps untouched for weeks. Meanwhile, I am angry that I have to carry this alone. Lately, emotions arrive late or not at all. Some nights, irritation sits under my skin like static I am angry that I have to carry this alone. In the mornings, weekends stretch out and I pretend I planned to be alone. Honestly, emotions arrive late or not at all music that used to hit does nothing.",self.depression
stressed about my ex but also just... numb? worry comes then fades into nothing. hard to tell if im overthinking or just done yeah,self.depression
"This is a long vent about my mates and the pile of ordinary human feelings that came with it. Heartbreak from a friendship cooling off, loneliness on Sundays, stress about money, then a surprising afternoon where I felt genuinely happy walking home. I also feel stuck about next steps and a little ashamed that small things rattled me. Mixed feelings are the point: anger one hour, soft hope the next. I do not want clinical language — I want acknowledgement that dumping this out is allowed, plus gentle support options if I want them later. Tomorrow I will try again; tonight I just needed somewhere to put the words. Some nights, I keep thinking I made everything harder for people around me. Some nights, today was lighter than yesterday and that surprised me I am not fixed but I can see a thinner path forward. Also, shame shows up when I cancel plans again. When I try to explain it, I replay awkward moments until they feel larger than they were. Meanwhile, I am angry that I have to carry this alone irritation sits under my skin like static. On top of that, forward motion feels fake even when I force a routine. On top of that, emotions arrive late or not at all I go through the motions and feel buffered from myself. Honestly, I can laugh at a meme and feel hollow five minutes later I am grateful for small kindnesses and still tense underneath. Meanwhile, I am grateful for small kindnesses and still tense underneath I can laugh at a meme and feel hollow five minutes later. When I try to explain it, I feel parked between who I was and whoever comes next. On top of that, I snap over tiny things and then feel worse. Also, hope shows up briefly then I talk myself out of it relief and dread take turns without asking. Honestly, I am not fixed but I can see a thinner path forward talking to a friend helped more than I expected. Some nights, I know what I should do next but my body will not start I feel parked between who I was and whoever comes next.",self.offmychest
worried sick about the weekend and also weirdly flat after the panic fades am i anxious or just burnt out,self.Anxiety
This is more of a vent than anything else: my course went sideways and I keep replaying the awkward parts. Advice optional. yeah,self.offmychest
"Tonight the hopelessness around my shifts is loud. I am not making a plan and I do not want to describe anything graphic — I just keep having thoughts about not wanting to continue, then they ebb. I am staying somewhere safe and telling myself to get through the next hour. Writing this is me choosing help over silence. If it worsens I will contact a support line. Some nights, I keep thinking I made everything harder for people around me. Honestly, I still flinch when their name shows up somewhere random. In the mornings, I snap over tiny things and then feel worse. Lately, I catch myself writing messages I never send I still flinch when their name shows up somewhere random. Some nights, hope shows up briefly then I talk myself out of it relief and dread take turns without asking.",self.SuicideWatch
ideas for deadlines came then i cant move wiped out all week,self.depression
"Mostly I need to unload about uni. It is not a crisis and I am not asking for a diagnosis — just space to say I am frustrated, a bit lonely after a messy week, and weirdly relieved after writing this down. There were arguments, awkward silences, and a stretch where I felt happier than I have in months after a good conversation. Emotions are mixed: annoyance, guilt, hope, then back to annoyance. Advice optional; listening preferred. On top of that, shame shows up when I cancel plans again I keep thinking I made everything harder for people around me. Lately, I keep replaying the last conversation like I can edit it some days I miss the person, some days I miss who I was with them. Meanwhile, I keep thinking I made everything harder for people around me. Also, I go through the motions and feel buffered from myself music that used to hit does nothing.",self.offmychest
"For the last few weeks around work I have felt hollow more than tearful. I get up, do the minimum, and then sit with that heavy quiet that makes ordinary tasks feel pointless. Friends still invite me; I say maybe and then do not go. Food tastes like cardboard some days. I am not trying to diagnose myself — I just want language for this flatness and the way interest keeps slipping away. Sleep is weird: either too much or broken. I keep hoping tomorrow will feel different and it mostly does not. Some nights, I keep thinking I made everything harder for people around me. Meanwhile, I am not fixed but I can see a thinner path forward today was lighter than yesterday and that surprised me. Some nights, I feel parked between who I was and whoever comes next plans sit in notes apps untouched for weeks. Some nights, I go through the motions and feel buffered from myself.",self.depression
tired of this term and a bit low about it but mostly just annoyed and overthinking conversations. needed somewhere to dump it,self.offmychest
talking too fast about uni one week. Mood changes how I plan and spend. I feel wired and sharp.,self.Anxiety
Before sleep I spiral into what-ifs. I leave early even when people are kind.,self.Anxiety
"Tonight the hopelessness around the flat is loud. I am not making a plan and I do not want to describe anything graphic — I just keep having thoughts about not wanting to continue, then they ebb. I am staying somewhere safe and telling myself to get through the next hour. Writing this is me choosing help over silence. If it worsens I will contact a support line. Honestly, I miss having someone who just checks in without being asked weekends stretch out and I pretend I planned to be alone. In the mornings, I replay awkward moments until they feel larger than they were shame shows up when I cancel plans again. On top of that, I replay awkward moments until they feel larger than they were shame shows up when I cancel plans again. Lately, then a crash hits and answering a text feels huge one stretch I barely sleep and ideas pile up too fast.",self.SuicideWatch
uncertainty around deadlines keeps me scanning for danger. I seek reassurance then doubt it five minutes later. Physical tension will not switch off. idk,self.Anxiety
talking too fast about my mates one week Mood changes how I plan and spend I feel wired and sharp,self.Anxiety
maybe its nothing home makes my stomach drop i rehearse conversations then avoid them sleep is broken cos my brain wont shut up,self.Anxiety
Around the weekend ive been low for a while I still show up but interest is gone and I replay mistakes until I shut down Not looking for a label just stuck,self.depression
whatever not a crisis just sick of pretending home is fine. small stuff kept piling up and i snapped at someone. whatever yeah,self.offmychest
"Stress around money has stopped being a one-day spike. For weeks I wake with dread, scan for mistakes, and catastrophise tiny delays. My heart races in lectures or on the bus for no neat reason. I ask friends if everything is okay then distrust the answer. Deadlines feel like cliffs. I leave early from gatherings because my hands shake. Afterward I feel drained and a bit numb, which confuses me — is it anxiety, burnout, or both? I am trying to track triggers: sleep debt, caffeine, unread emails. I do not want clinical certainty from software; I want acknowledgement that this worry loop is real and that support exists if it keeps growing. Lately, talking to a friend helped more than I expected. Meanwhile, today was lighter than yesterday and that surprised me. Honestly, appetite focus and spending change with the swings. When I try to explain it, emotions arrive late or not at all music that used to hit does nothing. Some nights, irritation sits under my skin like static. When I try to explain it, talking to a friend helped more than I expected I finished something small and felt a real spark of pride. Meanwhile, weekends stretch out and I pretend I planned to be alone. Meanwhile, I go through the motions and feel buffered from myself. Meanwhile, I scroll through chats and put my phone down again weekends stretch out and I pretend I planned to be alone. When I try to explain it, I feel parked between who I was and whoever comes next forward motion feels fake even when I force a routine. Also, I replay awkward moments until they feel larger than they were. On top of that, I am not fixed but I can see a thinner path forward talking to a friend helped more than I expected. Honestly, I go through the motions and feel buffered from myself. Also, forward motion feels fake even when I force a routine I know what I should do next but my body will not start. Some nights, some days I miss the person, some days I miss who I was with them I still flinch when their name shows up somewhere random.",self.Anxiety
I talked about my course then shut down the next stretch. Planning and spending feel pointless now. Trying to track the low.,self.depression
wish i could disappear quietly. the weekend piled up and i feel like a burden.,self.SuicideWatch
Talking too fast about money one week. Mood changes how I plan and spend. I feel wired and sharp. ...,self.Anxiety
stressed about the library but also just numb? worry comes then fades into nothing hard to tell if im overthinking or just done,self.depression
"For the last few weeks around messages I have felt hollow more than tearful. I get up, do the minimum, and then sit with that heavy quiet that makes ordinary tasks feel pointless. Friends still invite me; I say maybe and then do not go. Food tastes like cardboard some days. I am not trying to diagnose myself — I just want language for this flatness and the way interest keeps slipping away. Sleep is weird: either too much or broken. I keep hoping tomorrow will feel different and it mostly does not. When I try to explain it, rooms feel louder when nobody texts back. In the mornings, music that used to hit does nothing I go through the motions and feel buffered from myself. Honestly, I miss having someone who just checks in without being asked. Meanwhile, I catch myself writing messages I never send I still flinch when their name shows up somewhere random.",self.depression
energy around uni will not sit still. Elevated spells feel risky; I talk too fast and try to track the restlessness. lol,self.Anxiety
everything with commute feels pointless and heavy sometimes i wonder what the point of next week is not saying im going to do anything just exhausted of fighting,self.SuicideWatch
I feel trapped by messages Ideation comes in waves Writing this so it is not only in my head I want help more than I want to act on those thoughts,self.SuicideWatch
"Tonight the hopelessness around deadlines is loud. I am not making a plan and I do not want to describe anything graphic — I just keep having thoughts about not wanting to continue, then they ebb. I am staying somewhere safe and telling myself to get through the next hour. Writing this is me choosing help over silence. If it worsens I will contact a support line. In the mornings, I am grateful for small kindnesses and still tense underneath relief and dread take turns without asking. When I try to explain it, I catch myself writing messages I never send I still flinch when their name shows up somewhere random. On top of that, I go through the motions and feel buffered from myself emotions arrive late or not at all. In the mornings, I feel parked between who I was and whoever comes next I know what I should do next but my body will not start.",self.SuicideWatch
keep thinking my room would be easier if i wasnt around not planning anything just tired of existing tonight ...,self.SuicideWatch
everything with group chat feels pointless and heavy sometimes i wonder what the point of next week is not saying im going to do anything just exhausted of fighting,self.SuicideWatch
Uncertainty around this term keeps me scanning for danger I seek reassurance then doubt it five minutes later Physical tension will not switch off ...,self.Anxiety
sleep vanished while dealing with the library. mood followed the restlessness. not sure how to say this,self.Anxiety
"Around commute I have been low for a while. I still show up but interest is gone and I replay mistakes until I shut down. Not looking for a label, just stuck.",self.depression
feels stupid writing this dark thoughts about not continuing keep looping when commute hits. im staying with someone tonight and trying to get through the next hour,self.SuicideWatch
"I keep writing and deleting this because talking about low mood around money still feels dramatic even when it has lasted months. Mornings are the worst: I wake already tired, scroll without absorbing anything, and bargain with myself to shower. Showers help for twenty minutes. Then the flatness returns. I cancel plans, leave laundry in bags, and tell people I am busy when I am actually staring at a wall. Concentration for coursework or shifts is thin; I reread the same paragraph. There is guilt about being distant, then numbness that makes the guilt feel far away. Some evenings I cry without a clear story; other evenings I feel nothing and that scares me more. I am not looking for a clinical label from an app — I want a careful read of how heavy this has been and whether support options might help while I try to rebuild a bit of routine. When I try to explain it, irritation sits under my skin like static I snap over tiny things and then feel worse. When I try to explain it, forward motion feels fake even when I force a routine. When I try to explain it, I miss having someone who just checks in without being asked. Lately, I replay awkward moments until they feel larger than they were. Meanwhile, I can laugh at a meme and feel hollow five minutes later I am grateful for small kindnesses and still tense underneath. In the mornings, friends notice I flip between wired and wiped. Honestly, I can laugh at a meme and feel hollow five minutes later relief and dread take turns without asking. When I try to explain it, appetite focus and spending change with the swings friends notice I flip between wired and wiped. On top of that, some days I miss the person, some days I miss who I was with them I keep replaying the last conversation like I can edit it. In the mornings, I finished something small and felt a real spark of pride. Meanwhile, some days I miss the person, some days I miss who I was with them.",self.depression
sleep vanished while dealing with my course. mood followed the restlessness. tbh ...,self.Anxiety
"energy around my course dropped hard. The crash wipes out what I started. I feel heavy and shut down, not looking for a label. lol",self.depression
"Around my mates I have been low for a while. I still show up but interest is gone and I replay mistakes until I shut down. Not looking for a label, just stuck.",self.depression
"My energy around messages runs too fast. For a stretch I sleep little, talk quickly, start too many plans, and feel oddly wired. Friends say I seem restless across the week. I am not asking an app to diagnose anything medical — I want a careful theme read about racing thoughts and restlessness affecting daily life, sleep, and spending. In the mornings, I go through the motions and feel buffered from myself. Lately, forward motion feels fake even when I force a routine I feel parked between who I was and whoever comes next. In the mornings, I can laugh at a meme and feel hollow five minutes later I am grateful for small kindnesses and still tense underneath. Also, appetite focus and spending change with the swings. When I try to explain it, I snap over tiny things and then feel worse. Lately, rooms feel louder when nobody texts back.",self.Anxiety
some days the relationship im useless and flat. could be stress could be more. idk,self.depression
tired of my course and a bit low about it but mostly just annoyed and overthinking conversations. needed somewhere to dump it lol,self.offmychest
unloading about deadlines. pride stopped me telling mates. tomorrow ill try again tonight im moaning,self.offmychest
cant stop checking this term. then checking again.,self.Anxiety
"Mostly I need to unload about work. It is not a crisis and I am not asking for a diagnosis — just space to say I am frustrated, a bit lonely after a messy week, and weirdly relieved after writing this down. There were arguments, awkward silences, and a stretch where I felt happier than I have in months after a good conversation. Emotions are mixed: annoyance, guilt, hope, then back to annoyance. Advice optional; listening preferred. Meanwhile, plans sit in notes apps untouched for weeks. Meanwhile, weekends stretch out and I pretend I planned to be alone I miss having someone who just checks in without being asked. When I try to explain it, emotions arrive late or not at all music that used to hit does nothing. Meanwhile, I am angry that I have to carry this alone irritation sits under my skin like static. On top of that, I know what I should do next but my body will not start.",self.offmychest
"Around my ex I have been low for a while. I still show up but interest is gone and I replay mistakes until I shut down. Not looking for a label, just stuck.",self.depression
i feel guilty admitting how frustrated the flat made me. Writing it here releases the pressure without a big confrontation. ...,self.offmychest
just need to vent about sleep annoying week nothing deep yeah,self.offmychest
"For the last few weeks around my shifts I have felt hollow more than tearful. I get up, do the minimum, and then sit with that heavy quiet that makes ordinary tasks feel pointless. Friends still invite me; I say maybe and then do not go. Food tastes like cardboard some days. I am not trying to diagnose myself — I just want language for this flatness and the way interest keeps slipping away. Sleep is weird: either too much or broken. I keep hoping tomorrow will feel different and it mostly does not. On top of that, I know what I should do next but my body will not start forward motion feels fake even when I force a routine. Lately, talking to a friend helped more than I expected today was lighter than yesterday and that surprised me. Also, one stretch I barely sleep and ideas pile up too fast.",self.depression
the flat has me drained chest feels tight some nights then i feel nothing next morning feels stupid writing this,self.depression
"My energy around work runs too fast. For a stretch I sleep little, talk quickly, start too many plans, and feel oddly wired. Friends say I seem restless across the week. I am not asking an app to diagnose anything medical — I want a careful theme read about racing thoughts and restlessness affecting daily life, sleep, and spending. Some nights, I keep replaying the last conversation like I can edit it I catch myself writing messages I never send. Honestly, plans sit in notes apps untouched for weeks. Also, irritation sits under my skin like static. Meanwhile, talking to a friend helped more than I expected today was lighter than yesterday and that surprised me. Honestly, friends notice I flip between wired and wiped then a crash hits and answering a text feels huge. On top of that, I miss having someone who just checks in without being asked weekends stretch out and I pretend I planned to be alone.",self.Anxiety
messages stress sits in my chest. not crying just restless and snappy. not sure how to say this,self.Anxiety
uni stress sits in my chest. not crying just restless and snappy. maybe its nothing,self.Anxiety
stressed about the weekend but also just numb? worry comes then fades into nothing hard to tell if im overthinking or just done idk,self.depression
sleep stressed me out and now i feel weirdly empty after venting to no one. probably fine. idk,self.offmychest
"I keep writing and deleting this because talking about low mood around the relationship still feels dramatic even when it has lasted months. Mornings are the worst: I wake already tired, scroll without absorbing anything, and bargain with myself to shower. Showers help for twenty minutes. Then the flatness returns. I cancel plans, leave laundry in bags, and tell people I am busy when I am actually staring at a wall. Concentration for coursework or shifts is thin; I reread the same paragraph. There is guilt about being distant, then numbness that makes the guilt feel far away. Some evenings I cry without a clear story; other evenings I feel nothing and that scares me more. I am not looking for a clinical label from an app — I want a careful read of how heavy this has been and whether support options might help while I try to rebuild a bit of routine. Some nights, relief and dread take turns without asking I can laugh at a meme and feel hollow five minutes later. Lately, I snap over tiny things and then feel worse. Honestly, appetite focus and spending change with the swings then a crash hits and answering a text feels huge. Meanwhile, weekends stretch out and I pretend I planned to be alone. On top of that, friends notice I flip between wired and wiped appetite focus and spending change with the swings. Some nights, shame shows up when I cancel plans again I keep thinking I made everything harder for people around me. When I try to explain it, I replay awkward moments until they feel larger than they were. Also, irritation sits under my skin like static I am angry that I have to carry this alone. On top of that, appetite focus and spending change with the swings. Lately, I am grateful for small kindnesses and still tense underneath. In the mornings, plans sit in notes apps untouched for weeks. In the mornings, I catch myself writing messages I never send. Lately, I catch myself writing messages I never send I keep replaying the last conversation like I can edit it.",self.depression
part of me wants the noise to stop. no plan. just my mates and this hollow feeling. might message a support line if it gets worse,self.SuicideWatch
people ask about money and i say im ok then do nothing all evening. like moving through glue. small stuff takes forever,self.depression
idk not a crisis just sick of pretending money is fine. small stuff kept piling up and i snapped at someone. whatever,self.offmychest
on edge all day about my room. sweaty hands shallow breath then i feel silly after,self.Anxiety
"Motivation for money disappeared. I sleep odd hours, leave messages unread, and feel heavy without a clear reason.",self.depression
Energy around messages will not sit still. Elevated spells feel risky; I talk too fast and try to track the restlessness. idk,self.Anxiety
"Motivation for this term disappeared. I sleep odd hours, leave messages unread, and feel heavy without a clear reason. yeah",self.depression
"My energy around uni runs too fast. For a stretch I sleep little, talk quickly, start too many plans, and feel oddly wired. Friends say I seem restless across the week. I am not asking an app to diagnose anything medical — I want a careful theme read about racing thoughts and restlessness affecting daily life, sleep, and spending. On top of that, rooms feel louder when nobody texts back I scroll through chats and put my phone down again. Honestly, emotions arrive late or not at all. Also, I finished something small and felt a real spark of pride. When I try to explain it, I go through the motions and feel buffered from myself. On top of that, I scroll through chats and put my phone down again rooms feel louder when nobody texts back. In the mornings, talking to a friend helped more than I expected. Lately, today was lighter than yesterday and that surprised me.",self.Anxiety
"I need to put this somewhere before it only lives in my head. For days around the weekend I have had waves of not wanting to be here. They are thoughts, not a plan, and that distinction matters to me. Still, the heaviness makes ordinary life feel unreachable. I have told a friend I am struggling and I am trying to stay with people tonight. I want support more than I want those thoughts to win. Please treat this as distress that needs care pathways, not as something to analyse clinically. I will reach out further if the wave gets worse. In the mornings, I go through the motions and feel buffered from myself. When I try to explain it, I snap over tiny things and then feel worse irritation sits under my skin like static. Some nights, music that used to hit does nothing I go through the motions and feel buffered from myself. In the mornings, irritation sits under my skin like static. Lately, I finished something small and felt a real spark of pride today was lighter than yesterday and that surprised me. When I try to explain it, one stretch I barely sleep and ideas pile up too fast. Meanwhile, I snap over tiny things and then feel worse. Some nights, I know what I should do next but my body will not start. Some nights, I catch myself writing messages I never send I still flinch when their name shows up somewhere random. Lately, I feel parked between who I was and whoever comes next I know what I should do next but my body will not start. Lately, I keep thinking I made everything harder for people around me I replay awkward moments until they feel larger than they were. Some nights, I keep replaying the last conversation like I can edit it.",self.SuicideWatch
tired of the library and a bit low about it but mostly just annoyed and overthinking conversations. needed somewhere to dump it,self.offmychest
"This is a long vent about the library and the pile of ordinary human feelings that came with it. Heartbreak from a friendship cooling off, loneliness on Sundays, stress about money, then a surprising afternoon where I felt genuinely happy walking home. I also feel stuck about next steps and a little ashamed that small things rattled me. Mixed feelings are the point: anger one hour, soft hope the next. I do not want clinical language — I want acknowledgement that dumping this out is allowed, plus gentle support options if I want them later. Tomorrow I will try again; tonight I just needed somewhere to put the words. Honestly, forward motion feels fake even when I force a routine. Meanwhile, shame shows up when I cancel plans again I keep thinking I made everything harder for people around me. On top of that, I can laugh at a meme and feel hollow five minutes later relief and dread take turns without asking. Meanwhile, I know what I should do next but my body will not start. Honestly, I can laugh at a meme and feel hollow five minutes later relief and dread take turns without asking. Also, today was lighter than yesterday and that surprised me talking to a friend helped more than I expected. In the mornings, relief and dread take turns without asking. Lately, some days I miss the person, some days I miss who I was with them I catch myself writing messages I never send. Some nights, friends notice I flip between wired and wiped. Honestly, some days I miss the person, some days I miss who I was with them. Honestly, I scroll through chats and put my phone down again I miss having someone who just checks in without being asked. Meanwhile, I feel parked between who I was and whoever comes next. In the mornings, I keep thinking I made everything harder for people around me I replay awkward moments until they feel larger than they were. Honestly, hope shows up briefly then I talk myself out of it. When I try to explain it, I miss having someone who just checks in without being asked weekends stretch out and I pretend I planned to be alone.",self.offmychest
just need to vent about work. annoying week nothing deep.,self.offmychest
not sure how to say this not a crisis just sick of pretending uni is fine small stuff kept piling up and i snapped at someone whatever,self.offmychest
"Mostly I need to unload about messages. It is not a crisis and I am not asking for a diagnosis — just space to say I am frustrated, a bit lonely after a messy week, and weirdly relieved after writing this down. There were arguments, awkward silences, and a stretch where I felt happier than I have in months after a good conversation. Emotions are mixed: annoyance, guilt, hope, then back to annoyance. Advice optional; listening preferred. Also, plans sit in notes apps untouched for weeks. When I try to explain it, hope shows up briefly then I talk myself out of it I am grateful for small kindnesses and still tense underneath. Honestly, I am not fixed but I can see a thinner path forward. In the mornings, then a crash hits and answering a text feels huge appetite focus and spending change with the swings. Honestly, plans sit in notes apps untouched for weeks I feel parked between who I was and whoever comes next.",self.offmychest
sleep returned with a crash while dealing with the weekend. mood followed it down. not sure how to say this,self.depression
"Tonight the hopelessness around work is loud. I am not making a plan and I do not want to describe anything graphic — I just keep having thoughts about not wanting to continue, then they ebb. I am staying somewhere safe and telling myself to get through the next hour. Writing this is me choosing help over silence. If it worsens I will contact a support line. In the mornings, I am not fixed but I can see a thinner path forward. Honestly, I feel parked between who I was and whoever comes next. When I try to explain it, I snap over tiny things and then feel worse I am angry that I have to carry this alone. Also, I am angry that I have to carry this alone. Lately, I am grateful for small kindnesses and still tense underneath hope shows up briefly then I talk myself out of it.",self.SuicideWatch
everything with my shifts feels pointless and heavy. sometimes i wonder what the point of next week is. not saying im going to do anything. just exhausted of fighting ...,self.SuicideWatch
uni has me drained chest feels tight some nights then i feel nothing next morning feels stupid writing this idk,self.depression
i keep typing then deleting started my shifts projects at 2am felt unstoppable wired. friends say i flip too quick,self.Anxiety
anyway dark thoughts about not continuing keep looping when the relationship hits. im staying with someone tonight and trying to get through the next hour ...,self.SuicideWatch
"I need to put this somewhere before it only lives in my head. For days around deadlines I have had waves of not wanting to be here. They are thoughts, not a plan, and that distinction matters to me. Still, the heaviness makes ordinary life feel unreachable. I have told a friend I am struggling and I am trying to stay with people tonight. I want support more than I want those thoughts to win. Please treat this as distress that needs care pathways, not as something to analyse clinically. I will reach out further if the wave gets worse. Honestly, forward motion feels fake even when I force a routine I feel parked between who I was and whoever comes next. When I try to explain it, I know what I should do next but my body will not start I feel parked between who I was and whoever comes next. In the mornings, shame shows up when I cancel plans again. Some nights, appetite focus and spending change with the swings. Some nights, I still flinch when their name shows up somewhere random. Lately, one stretch I barely sleep and ideas pile up too fast. Honestly, then a crash hits and answering a text feels huge. On top of that, one stretch I barely sleep and ideas pile up too fast. Honestly, I scroll through chats and put my phone down again rooms feel louder when nobody texts back. Also, I catch myself writing messages I never send some days I miss the person, some days I miss who I was with them. When I try to explain it, I go through the motions and feel buffered from myself. In the mornings, I know what I should do next but my body will not start I feel parked between who I was and whoever comes next.",self.SuicideWatch
This is more of a vent than anything else: home went sideways and I keep replaying the awkward parts. Advice optional. idk,self.offmychest
sleep vanished while dealing with family mood followed the restlessness feels stupid writing this ...,self.Anxiety
"Mostly I need to unload about my ex. It is not a crisis and I am not asking for a diagnosis — just space to say I am frustrated, a bit lonely after a messy week, and weirdly relieved after writing this down. There were arguments, awkward silences, and a stretch where I felt happier than I have in months after a good conversation. Emotions are mixed: annoyance, guilt, hope, then back to annoyance. Advice optional; listening preferred. Lately, I know what I should do next but my body will not start. Honestly, shame shows up when I cancel plans again. Meanwhile, hope shows up briefly then I talk myself out of it relief and dread take turns without asking. Honestly, I scroll through chats and put my phone down again weekends stretch out and I pretend I planned to be alone. Some nights, I go through the motions and feel buffered from myself.",self.offmychest
woke up already tired of my room scrolling then nothing idk,self.depression
"Mostly I need to unload about commute. It is not a crisis and I am not asking for a diagnosis — just space to say I am frustrated, a bit lonely after a messy week, and weirdly relieved after writing this down. There were arguments, awkward silences, and a stretch where I felt happier than I have in months after a good conversation. Emotions are mixed: annoyance, guilt, hope, then back to annoyance. Advice optional; listening preferred. Also, forward motion feels fake even when I force a routine. Some nights, friends notice I flip between wired and wiped. Some nights, forward motion feels fake even when I force a routine I feel parked between who I was and whoever comes next. On top of that, appetite focus and spending change with the swings friends notice I flip between wired and wiped. Some nights, I keep thinking I made everything harder for people around me shame shows up when I cancel plans again.",self.offmychest
hopelessness around messages has been intense ive thoughts about not wanting to continue then they pass im trying to stay safe and talk to someone,self.SuicideWatch
"This is a long vent about this term and the pile of ordinary human feelings that came with it. Heartbreak from a friendship cooling off, loneliness on Sundays, stress about money, then a surprising afternoon where I felt genuinely happy walking home. I also feel stuck about next steps and a little ashamed that small things rattled me. Mixed feelings are the point: anger one hour, soft hope the next. I do not want clinical language — I want acknowledgement that dumping this out is allowed, plus gentle support options if I want them later. Tomorrow I will try again; tonight I just needed somewhere to put the words. Some nights, emotions arrive late or not at all music that used to hit does nothing. In the mornings, some days I miss the person, some days I miss who I was with them I catch myself writing messages I never send. Some nights, I miss having someone who just checks in without being asked. Honestly, I snap over tiny things and then feel worse I am angry that I have to carry this alone. Meanwhile, I miss having someone who just checks in without being asked. In the mornings, I miss having someone who just checks in without being asked. Honestly, rooms feel louder when nobody texts back. Some nights, I miss having someone who just checks in without being asked weekends stretch out and I pretend I planned to be alone. On top of that, I miss having someone who just checks in without being asked weekends stretch out and I pretend I planned to be alone. Meanwhile, friends notice I flip between wired and wiped appetite focus and spending change with the swings. In the mornings, I keep thinking I made everything harder for people around me. Lately, hope shows up briefly then I talk myself out of it relief and dread take turns without asking. Honestly, irritation sits under my skin like static. When I try to explain it, I am grateful for small kindnesses and still tense underneath hope shows up briefly then I talk myself out of it.",self.offmychest
sleep returned with a crash while dealing with my ex mood followed it down maybe its nothing idk,self.depression
I feel guilty admitting how frustrated messages made me. Writing it here releases the pressure without a big confrontation.,self.offmychest
"I need to put this somewhere before it only lives in my head. For days around commute I have had waves of not wanting to be here. They are thoughts, not a plan, and that distinction matters to me. Still, the heaviness makes ordinary life feel unreachable. I have told a friend I am struggling and I am trying to stay with people tonight. I want support more than I want those thoughts to win. Please treat this as distress that needs care pathways, not as something to analyse clinically. I will reach out further if the wave gets worse. Some nights, I am angry that I have to carry this alone. Lately, talking to a friend helped more than I expected I finished something small and felt a real spark of pride. Also, rooms feel louder when nobody texts back I miss having someone who just checks in without being asked. On top of that, I feel parked between who I was and whoever comes next plans sit in notes apps untouched for weeks. When I try to explain it, I replay awkward moments until they feel larger than they were. When I try to explain it, I can laugh at a meme and feel hollow five minutes later I am grateful for small kindnesses and still tense underneath. In the mornings, plans sit in notes apps untouched for weeks forward motion feels fake even when I force a routine. Lately, appetite focus and spending change with the swings. When I try to explain it, I still flinch when their name shows up somewhere random. Lately, talking to a friend helped more than I expected. When I try to explain it, I still flinch when their name shows up somewhere random. Meanwhile, rooms feel louder when nobody texts back.",self.SuicideWatch
whatever dark thoughts about not continuing keep looping when messages hits. im staying with someone tonight and trying to get through the next hour yeah,self.SuicideWatch
"I need to put this somewhere before it only lives in my head. For days around deadlines I have had waves of not wanting to be here. They are thoughts, not a plan, and that distinction matters to me. Still, the heaviness makes ordinary life feel unreachable. I have told a friend I am struggling and I am trying to stay with people tonight. I want support more than I want those thoughts to win. Please treat this as distress that needs care pathways, not as something to analyse clinically. I will reach out further if the wave gets worse. Lately, I know what I should do next but my body will not start. Lately, plans sit in notes apps untouched for weeks. On top of that, I miss having someone who just checks in without being asked. Also, I can laugh at a meme and feel hollow five minutes later I am grateful for small kindnesses and still tense underneath. When I try to explain it, I can laugh at a meme and feel hollow five minutes later. On top of that, I keep replaying the last conversation like I can edit it I catch myself writing messages I never send. In the mornings, I feel parked between who I was and whoever comes next. Honestly, I replay awkward moments until they feel larger than they were shame shows up when I cancel plans again. When I try to explain it, relief and dread take turns without asking. Lately, I am angry that I have to carry this alone. Also, I go through the motions and feel buffered from myself emotions arrive late or not at all. Honestly, I am not fixed but I can see a thinner path forward. Honestly, I know what I should do next but my body will not start.",self.SuicideWatch
tbh the relationship is fine on paper but i cancel everything and sit there. food is meh friends feel far. not dramatic just flat for days lol,self.depression
feels stupid writing this not a crisis just sick of pretending group chat is fine. small stuff kept piling up and i snapped at someone. whatever yeah,self.offmychest
woke up already tired of my course. scrolling then nothing.,self.depression
"This is a long vent about commute and the pile of ordinary human feelings that came with it. Heartbreak from a friendship cooling off, loneliness on Sundays, stress about money, then a surprising afternoon where I felt genuinely happy walking home. I also feel stuck about next steps and a little ashamed that small things rattled me. Mixed feelings are the point: anger one hour, soft hope the next. I do not want clinical language — I want acknowledgement that dumping this out is allowed, plus gentle support options if I want them later. Tomorrow I will try again; tonight I just needed somewhere to put the words. When I try to explain it, today was lighter than yesterday and that surprised me I finished something small and felt a real spark of pride. Honestly, I am angry that I have to carry this alone irritation sits under my skin like static. Lately, I miss having someone who just checks in without being asked. Lately, weekends stretch out and I pretend I planned to be alone. Lately, I go through the motions and feel buffered from myself. On top of that, I keep replaying the last conversation like I can edit it some days I miss the person, some days I miss who I was with them. Also, I catch myself writing messages I never send. Some nights, I replay awkward moments until they feel larger than they were I keep thinking I made everything harder for people around me. Also, some days I miss the person, some days I miss who I was with them. Meanwhile, I replay awkward moments until they feel larger than they were. On top of that, I keep replaying the last conversation like I can edit it I still flinch when their name shows up somewhere random. Lately, today was lighter than yesterday and that surprised me talking to a friend helped more than I expected. Honestly, rooms feel louder when nobody texts back. In the mornings, shame shows up when I cancel plans again. Some nights, emotions arrive late or not at all I go through the motions and feel buffered from myself.",self.offmychest
"Stress around my shifts has stopped being a one-day spike. For weeks I wake with dread, scan for mistakes, and catastrophise tiny delays. My heart races in lectures or on the bus for no neat reason. I ask friends if everything is okay then distrust the answer. Deadlines feel like cliffs. I leave early from gatherings because my hands shake. Afterward I feel drained and a bit numb, which confuses me — is it anxiety, burnout, or both? I am trying to track triggers: sleep debt, caffeine, unread emails. I do not want clinical certainty from software; I want acknowledgement that this worry loop is real and that support exists if it keeps growing. Some nights, I finished something small and felt a real spark of pride today was lighter than yesterday and that surprised me. On top of that, one stretch I barely sleep and ideas pile up too fast appetite focus and spending change with the swings. Also, music that used to hit does nothing. Meanwhile, appetite focus and spending change with the swings then a crash hits and answering a text feels huge. Lately, I miss having someone who just checks in without being asked. In the mornings, I keep replaying the last conversation like I can edit it. When I try to explain it, rooms feel louder when nobody texts back. Meanwhile, friends notice I flip between wired and wiped. Also, talking to a friend helped more than I expected. Honestly, music that used to hit does nothing emotions arrive late or not at all. In the mornings, I keep thinking I made everything harder for people around me. Honestly, I am grateful for small kindnesses and still tense underneath I can laugh at a meme and feel hollow five minutes later. When I try to explain it, emotions arrive late or not at all I go through the motions and feel buffered from myself. On top of that, forward motion feels fake even when I force a routine. On top of that, I replay awkward moments until they feel larger than they were I keep thinking I made everything harder for people around me.",self.Anxiety
unloading about money. pride stopped me telling mates. tomorrow ill try again tonight im moaning,self.offmychest
hopelessness around family has been intense I have thoughts about not wanting to continue then they pass I am trying to stay safe and talk to someone,self.SuicideWatch
"My energy around family runs too fast. For a stretch I sleep little, talk quickly, start too many plans, and feel oddly wired. Friends say I seem restless across the week. I am not asking an app to diagnose anything medical — I want a careful theme read about racing thoughts and restlessness affecting daily life, sleep, and spending. In the mornings, emotions arrive late or not at all. On top of that, emotions arrive late or not at all I go through the motions and feel buffered from myself. On top of that, one stretch I barely sleep and ideas pile up too fast. Honestly, forward motion feels fake even when I force a routine. Some nights, then a crash hits and answering a text feels huge. Meanwhile, appetite focus and spending change with the swings. Some nights, I go through the motions and feel buffered from myself. Lately, today was lighter than yesterday and that surprised me I finished something small and felt a real spark of pride.",self.Anxiety
"I am trying to describe the crash without claiming a clinical label. Around the weekend, a drop hits: heavy limbs, flat mood, cancelled plans, and shame about what I started when I had more energy. Tracking sleep and appetite helps a bit. Stress can deepen the low. Mixed days confuse me — restless and empty at once, but the empty part is what I cannot shake. Please reflect the low-mood and energy-down pattern supportively and keep language non-diagnostic; I already know software cannot replace a clinician. Meanwhile, relief and dread take turns without asking. In the mornings, today was lighter than yesterday and that surprised me. In the mornings, friends notice I flip between wired and wiped one stretch I barely sleep and ideas pile up too fast. When I try to explain it, I miss having someone who just checks in without being asked rooms feel louder when nobody texts back. When I try to explain it, I am angry that I have to carry this alone I snap over tiny things and then feel worse. When I try to explain it, forward motion feels fake even when I force a routine plans sit in notes apps untouched for weeks. Some nights, I finished something small and felt a real spark of pride today was lighter than yesterday and that surprised me. When I try to explain it, I go through the motions and feel buffered from myself. In the mornings, irritation sits under my skin like static. Some nights, plans sit in notes apps untouched for weeks forward motion feels fake even when I force a routine. Also, I am angry that I have to carry this alone irritation sits under my skin like static. Lately, one stretch I barely sleep and ideas pile up too fast. Honestly, I replay awkward moments until they feel larger than they were I keep thinking I made everything harder for people around me. Some nights, music that used to hit does nothing emotions arrive late or not at all. In the mornings, relief and dread take turns without asking hope shows up briefly then I talk myself out of it.",self.depression
"This is a long vent about work and the pile of ordinary human feelings that came with it. Heartbreak from a friendship cooling off, loneliness on Sundays, stress about money, then a surprising afternoon where I felt genuinely happy walking home. I also feel stuck about next steps and a little ashamed that small things rattled me. Mixed feelings are the point: anger one hour, soft hope the next. I do not want clinical language — I want acknowledgement that dumping this out is allowed, plus gentle support options if I want them later. Tomorrow I will try again; tonight I just needed somewhere to put the words. Lately, I feel parked between who I was and whoever comes next I know what I should do next but my body will not start. When I try to explain it, talking to a friend helped more than I expected I am not fixed but I can see a thinner path forward. Lately, music that used to hit does nothing. Lately, I miss having someone who just checks in without being asked rooms feel louder when nobody texts back. When I try to explain it, some days I miss the person, some days I miss who I was with them I keep replaying the last conversation like I can edit it. Lately, I catch myself writing messages I never send I keep replaying the last conversation like I can edit it. Some nights, I know what I should do next but my body will not start forward motion feels fake even when I force a routine. Lately, emotions arrive late or not at all I go through the motions and feel buffered from myself. Some nights, I still flinch when their name shows up somewhere random. Honestly, weekends stretch out and I pretend I planned to be alone rooms feel louder when nobody texts back. Lately, I go through the motions and feel buffered from myself music that used to hit does nothing. Meanwhile, rooms feel louder when nobody texts back I miss having someone who just checks in without being asked.",self.offmychest
had to say this somewhere: the library was messy and im annoyed.,self.offmychest
"My energy around messages runs too fast. For a stretch I sleep little, talk quickly, start too many plans, and feel oddly wired. Friends say I seem restless across the week. I am not asking an app to diagnose anything medical — I want a careful theme read about racing thoughts and restlessness affecting daily life, sleep, and spending. When I try to explain it, I miss having someone who just checks in without being asked weekends stretch out and I pretend I planned to be alone. Some nights, I snap over tiny things and then feel worse I am angry that I have to carry this alone. Honestly, I catch myself writing messages I never send some days I miss the person, some days I miss who I was with them. Honestly, friends notice I flip between wired and wiped then a crash hits and answering a text feels huge.",self.Anxiety
work stressed me out and now i feel weirdly empty after venting to no one. probably fine. i keep typing then deleting lol,self.offmychest
people ask about my mates and i say im ok then do nothing all evening. like moving through glue. small stuff takes forever,self.depression
"My energy around my mates dropped after a stretch of doing too much. Now the crash is here and I can barely reply to a message. Heavy limbs, flat mood, cancelled plans, and shame about what I started. I am not asking an app to diagnose anything medical — I want a careful theme read about low mood and energy-down days affecting daily life, sleep, and follow-through. On top of that, I am grateful for small kindnesses and still tense underneath. Also, I am angry that I have to carry this alone. Meanwhile, I catch myself writing messages I never send. In the mornings, appetite focus and spending change with the swings. Also, I am grateful for small kindnesses and still tense underneath I can laugh at a meme and feel hollow five minutes later. Lately, rooms feel louder when nobody texts back. On top of that, I still flinch when their name shows up somewhere random.",self.depression
tbh not a crisis just sick of pretending group chat is fine small stuff kept piling up and i snapped at someone whatever,self.offmychest
before messages I spiral into what-ifs. I leave early even when people are kind.,self.Anxiety
"Stress around the flat has stopped being a one-day spike. For weeks I wake with dread, scan for mistakes, and catastrophise tiny delays. My heart races in lectures or on the bus for no neat reason. I ask friends if everything is okay then distrust the answer. Deadlines feel like cliffs. I leave early from gatherings because my hands shake. Afterward I feel drained and a bit numb, which confuses me — is it anxiety, burnout, or both? I am trying to track triggers: sleep debt, caffeine, unread emails. I do not want clinical certainty from software; I want acknowledgement that this worry loop is real and that support exists if it keeps growing. Some nights, talking to a friend helped more than I expected today was lighter than yesterday and that surprised me. Meanwhile, irritation sits under my skin like static I snap over tiny things and then feel worse. Also, some days I miss the person, some days I miss who I was with them. When I try to explain it, relief and dread take turns without asking I can laugh at a meme and feel hollow five minutes later. Lately, I know what I should do next but my body will not start. On top of that, hope shows up briefly then I talk myself out of it relief and dread take turns without asking. Meanwhile, I finished something small and felt a real spark of pride talking to a friend helped more than I expected. Honestly, I scroll through chats and put my phone down again weekends stretch out and I pretend I planned to be alone. Also, I replay awkward moments until they feel larger than they were I keep thinking I made everything harder for people around me. Some nights, then a crash hits and answering a text feels huge friends notice I flip between wired and wiped. Meanwhile, I keep thinking I made everything harder for people around me. Honestly, I go through the motions and feel buffered from myself music that used to hit does nothing. Some nights, today was lighter than yesterday and that surprised me.",self.Anxiety
idk dark thoughts about not continuing keep looping when sleep hits im staying with someone tonight and trying to get through the next hour,self.SuicideWatch
"Stress around work has stopped being a one-day spike. For weeks I wake with dread, scan for mistakes, and catastrophise tiny delays. My heart races in lectures or on the bus for no neat reason. I ask friends if everything is okay then distrust the answer. Deadlines feel like cliffs. I leave early from gatherings because my hands shake. Afterward I feel drained and a bit numb, which confuses me — is it anxiety, burnout, or both? I am trying to track triggers: sleep debt, caffeine, unread emails. I do not want clinical certainty from software; I want acknowledgement that this worry loop is real and that support exists if it keeps growing. Some nights, I am angry that I have to carry this alone irritation sits under my skin like static. Some nights, relief and dread take turns without asking. Honestly, I still flinch when their name shows up somewhere random. Lately, music that used to hit does nothing. Also, then a crash hits and answering a text feels huge appetite focus and spending change with the swings. Some nights, I keep replaying the last conversation like I can edit it I catch myself writing messages I never send. Meanwhile, some days I miss the person, some days I miss who I was with them I keep replaying the last conversation like I can edit it. Lately, I snap over tiny things and then feel worse I am angry that I have to carry this alone. Honestly, plans sit in notes apps untouched for weeks forward motion feels fake even when I force a routine. When I try to explain it, then a crash hits and answering a text feels huge. Some nights, music that used to hit does nothing emotions arrive late or not at all. Meanwhile, I feel parked between who I was and whoever comes next. When I try to explain it, I scroll through chats and put my phone down again I miss having someone who just checks in without being asked. Also, appetite focus and spending change with the swings. In the mornings, I know what I should do next but my body will not start plans sit in notes apps untouched for weeks.",self.Anxiety
tired of the flat and a bit low about it but mostly just annoyed and overthinking conversations needed somewhere to dump it,self.offmychest
tired of my ex and a bit low about it but mostly just annoyed and overthinking conversations. needed somewhere to dump it,self.offmychest
unloading about the flat. pride stopped me telling mates. tomorrow ill try again tonight im moaning lol,self.offmychest
"Hopelessness around family has been intense. ive thoughts about not wanting to continue, then they pass. im trying to stay safe and talk to someone. yeah",self.SuicideWatch
"Stress around home has stopped being a one-day spike. For weeks I wake with dread, scan for mistakes, and catastrophise tiny delays. My heart races in lectures or on the bus for no neat reason. I ask friends if everything is okay then distrust the answer. Deadlines feel like cliffs. I leave early from gatherings because my hands shake. Afterward I feel drained and a bit numb, which confuses me — is it anxiety, burnout, or both? I am trying to track triggers: sleep debt, caffeine, unread emails. I do not want clinical certainty from software; I want acknowledgement that this worry loop is real and that support exists if it keeps growing. Meanwhile, shame shows up when I cancel plans again I replay awkward moments until they feel larger than they were. In the mornings, appetite focus and spending change with the swings. When I try to explain it, hope shows up briefly then I talk myself out of it. On top of that, one stretch I barely sleep and ideas pile up too fast. In the mornings, talking to a friend helped more than I expected. On top of that, music that used to hit does nothing. Lately, I finished something small and felt a real spark of pride today was lighter than yesterday and that surprised me. Meanwhile, I keep thinking I made everything harder for people around me. When I try to explain it, shame shows up when I cancel plans again. When I try to explain it, appetite focus and spending change with the swings then a crash hits and answering a text feels huge. Honestly, I go through the motions and feel buffered from myself. Meanwhile, irritation sits under my skin like static. In the mornings, relief and dread take turns without asking I can laugh at a meme and feel hollow five minutes later. Some nights, I miss having someone who just checks in without being asked. Honestly, I know what I should do next but my body will not start forward motion feels fake even when I force a routine. In the mornings, I scroll through chats and put my phone down again.",self.Anxiety
i feel trapped by the library. Ideation comes in waves. Writing this so it is not only in my head. I want help more than I want to act on those thoughts. idk,self.SuicideWatch
part of me wants the noise to stop. no plan. just commute and this hollow feeling. might message a support line if it gets worse,self.SuicideWatch
group chat has me drained. chest feels tight some nights then i feel nothing next morning. anyway,self.depression
everything with work feels pointless and heavy. sometimes i wonder what the point of next week is. not saying im going to do anything. just exhausted of fighting ...,self.SuicideWatch
the library stressed me out and now i feel weirdly empty after venting to no one. probably fine. whatever,self.offmychest
this is more of a vent than anything else: my room went sideways and I keep replaying the awkward parts. Advice optional.,self.offmychest
"For the last few weeks around commute I have felt hollow more than tearful. I get up, do the minimum, and then sit with that heavy quiet that makes ordinary tasks feel pointless. Friends still invite me; I say maybe and then do not go. Food tastes like cardboard some days. I am not trying to diagnose myself — I just want language for this flatness and the way interest keeps slipping away. Sleep is weird: either too much or broken. I keep hoping tomorrow will feel different and it mostly does not. On top of that, I snap over tiny things and then feel worse I am angry that I have to carry this alone. Meanwhile, I am not fixed but I can see a thinner path forward I finished something small and felt a real spark of pride. On top of that, I am grateful for small kindnesses and still tense underneath relief and dread take turns without asking.",self.depression
had to say this somewhere: commute was messy and im annoyed.,self.offmychest
"My energy around the relationship dropped after a stretch of doing too much. Now the crash is here and I can barely reply to a message. Heavy limbs, flat mood, cancelled plans, and shame about what I started. I am not asking an app to diagnose anything medical — I want a careful theme read about low mood and energy-down days affecting daily life, sleep, and follow-through. Lately, hope shows up briefly then I talk myself out of it I am grateful for small kindnesses and still tense underneath. Some nights, today was lighter than yesterday and that surprised me talking to a friend helped more than I expected. Meanwhile, I am grateful for small kindnesses and still tense underneath relief and dread take turns without asking. When I try to explain it, plans sit in notes apps untouched for weeks. When I try to explain it, I know what I should do next but my body will not start.",self.depression
"Mostly I need to unload about this term. It is not a crisis and I am not asking for a diagnosis — just space to say I am frustrated, a bit lonely after a messy week, and weirdly relieved after writing this down. There were arguments, awkward silences, and a stretch where I felt happier than I have in months after a good conversation. Emotions are mixed: annoyance, guilt, hope, then back to annoyance. Advice optional; listening preferred. On top of that, I know what I should do next but my body will not start I feel parked between who I was and whoever comes next. When I try to explain it, irritation sits under my skin like static I am angry that I have to carry this alone. Honestly, appetite focus and spending change with the swings. When I try to explain it, rooms feel louder when nobody texts back I miss having someone who just checks in without being asked.",self.offmychest
"around my mates I have been low for a while. I still show up but interest is gone and I replay mistakes until I shut down. Not looking for a label, just stuck.",self.depression
everything with the flat feels pointless and heavy. sometimes i wonder what the point of next week is. not saying im going to do anything. just exhausted of fighting ...,self.SuicideWatch
wish i could disappear quietly deadlines piled up and i feel like a burden,self.SuicideWatch
"Mostly I need to unload about my mates. It is not a crisis and I am not asking for a diagnosis — just space to say I am frustrated, a bit lonely after a messy week, and weirdly relieved after writing this down. There were arguments, awkward silences, and a stretch where I felt happier than I have in months after a good conversation. Emotions are mixed: annoyance, guilt, hope, then back to annoyance. Advice optional; listening preferred. Some nights, friends notice I flip between wired and wiped appetite focus and spending change with the swings. Also, I scroll through chats and put my phone down again rooms feel louder when nobody texts back. Lately, I finished something small and felt a real spark of pride today was lighter than yesterday and that surprised me. Meanwhile, I catch myself writing messages I never send I keep replaying the last conversation like I can edit it.",self.offmychest
whatever dark thoughts about not continuing keep looping when my mates hits. im staying with someone tonight and trying to get through the next hour,self.SuicideWatch
"For the last few weeks around my shifts I have felt hollow more than tearful. I get up, do the minimum, and then sit with that heavy quiet that makes ordinary tasks feel pointless. Friends still invite me; I say maybe and then do not go. Food tastes like cardboard some days. I am not trying to diagnose myself — I just want language for this flatness and the way interest keeps slipping away. Sleep is weird: either too much or broken. I keep hoping tomorrow will feel different and it mostly does not. Honestly, I catch myself writing messages I never send I still flinch when their name shows up somewhere random. When I try to explain it, I know what I should do next but my body will not start. When I try to explain it, talking to a friend helped more than I expected. When I try to explain it, I miss having someone who just checks in without being asked I scroll through chats and put my phone down again.",self.depression
"My body treats my course like a threat even when nothing has gone wrong yet. Chest tight, jaw locked, brain running disaster scripts. I check messages repeatedly, then feel embarrassed about checking. Sleep is shallow because I rehearse conversations at 2am. I cancel social things to avoid the spiral, which makes next week worse. This is not a diagnosis request — I want a clear reflection that this is worry and bodily tension piling up, and some gentle next steps. Meanwhile, I am angry that I have to carry this alone. Meanwhile, I am not fixed but I can see a thinner path forward. Lately, I snap over tiny things and then feel worse irritation sits under my skin like static. Lately, I feel parked between who I was and whoever comes next forward motion feels fake even when I force a routine. Honestly, irritation sits under my skin like static I snap over tiny things and then feel worse.",self.Anxiety
Energy around my mates dropped hard The crash wipes out what I started I feel heavy and shut down not looking for a label yeah,self.depression
anyway not a crisis just sick of pretending my room is fine. small stuff kept piling up and i snapped at someone. whatever,self.offmychest
my room stressed me out and now i feel weirdly empty after venting to no one. probably fine. tbh,self.offmychest
sleep has me drained. chest feels tight some nights then i feel nothing next morning. not sure how to say this,self.depression
some days my mates im useless and flat. could be stress could be more. idk,self.depression
"Tonight the hopelessness around work is loud. I am not making a plan and I do not want to describe anything graphic — I just keep having thoughts about not wanting to continue, then they ebb. I am staying somewhere safe and telling myself to get through the next hour. Writing this is me choosing help over silence. If it worsens I will contact a support line. Lately, I feel parked between who I was and whoever comes next. Also, plans sit in notes apps untouched for weeks I feel parked between who I was and whoever comes next. Honestly, I feel parked between who I was and whoever comes next. When I try to explain it, I keep replaying the last conversation like I can edit it. On top of that, hope shows up briefly then I talk myself out of it.",self.SuicideWatch
before uni I spiral into what-ifs. I leave early even when people are kind.,self.Anxiety
"Tonight the hopelessness around home is loud. I am not making a plan and I do not want to describe anything graphic — I just keep having thoughts about not wanting to continue, then they ebb. I am staying somewhere safe and telling myself to get through the next hour. Writing this is me choosing help over silence. If it worsens I will contact a support line. Some nights, hope shows up briefly then I talk myself out of it. Meanwhile, I replay awkward moments until they feel larger than they were. In the mornings, music that used to hit does nothing emotions arrive late or not at all. Honestly, talking to a friend helped more than I expected I finished something small and felt a real spark of pride. In the mornings, I scroll through chats and put my phone down again.",self.SuicideWatch
"My body treats the weekend like a threat even when nothing has gone wrong yet. Chest tight, jaw locked, brain running disaster scripts. I check messages repeatedly, then feel embarrassed about checking. Sleep is shallow because I rehearse conversations at 2am. I cancel social things to avoid the spiral, which makes next week worse. This is not a diagnosis request — I want a clear reflection that this is worry and bodily tension piling up, and some gentle next steps. Meanwhile, forward motion feels fake even when I force a routine. Lately, I feel parked between who I was and whoever comes next. Lately, emotions arrive late or not at all music that used to hit does nothing. On top of that, music that used to hit does nothing emotions arrive late or not at all. On top of that, I know what I should do next but my body will not start.",self.Anxiety
"I keep writing and deleting this because talking about low mood around the relationship still feels dramatic even when it has lasted months. Mornings are the worst: I wake already tired, scroll without absorbing anything, and bargain with myself to shower. Showers help for twenty minutes. Then the flatness returns. I cancel plans, leave laundry in bags, and tell people I am busy when I am actually staring at a wall. Concentration for coursework or shifts is thin; I reread the same paragraph. There is guilt about being distant, then numbness that makes the guilt feel far away. Some evenings I cry without a clear story; other evenings I feel nothing and that scares me more. I am not looking for a clinical label from an app — I want a careful read of how heavy this has been and whether support options might help while I try to rebuild a bit of routine. In the mornings, music that used to hit does nothing. When I try to explain it, I keep thinking I made everything harder for people around me I replay awkward moments until they feel larger than they were. Meanwhile, I still flinch when their name shows up somewhere random I keep replaying the last conversation like I can edit it. In the mornings, appetite focus and spending change with the swings. In the mornings, today was lighter than yesterday and that surprised me. Some nights, I go through the motions and feel buffered from myself. Lately, emotions arrive late or not at all I go through the motions and feel buffered from myself. Lately, friends notice I flip between wired and wiped then a crash hits and answering a text feels huge. Also, some days I miss the person, some days I miss who I was with them I still flinch when their name shows up somewhere random. Honestly, I go through the motions and feel buffered from myself. On top of that, one stretch I barely sleep and ideas pile up too fast. On top of that, I replay awkward moments until they feel larger than they were I keep thinking I made everything harder for people around me.",self.depression
"My energy around work dropped after a stretch of doing too much. Now the crash is here and I can barely reply to a message. Heavy limbs, flat mood, cancelled plans, and shame about what I started. I am not asking an app to diagnose anything medical — I want a careful theme read about low mood and energy-down days affecting daily life, sleep, and follow-through. On top of that, music that used to hit does nothing. In the mornings, weekends stretch out and I pretend I planned to be alone I scroll through chats and put my phone down again. Some nights, I feel parked between who I was and whoever comes next I know what I should do next but my body will not start. On top of that, I scroll through chats and put my phone down again. On top of that, I feel parked between who I was and whoever comes next.",self.depression
then nothing after the weekend. sleep appetite focus all crashed. sitting there empty,self.depression
on edge all day about the relationship sweaty hands shallow breath then i feel silly after,self.Anxiety
wish i could disappear quietly. this term piled up and i feel like a burden.,self.SuicideWatch
stressed about the relationship but also just... numb? worry comes then fades into nothing. hard to tell if im overthinking or just done,self.depression
I feel trapped by sleep Ideation comes in waves Writing this so it is not only in my head I want help more than I want to act on those thoughts,self.SuicideWatch
keep thinking my ex would be easier if i wasnt around. not planning anything. just tired of existing tonight.,self.SuicideWatch
uncertainty around the relationship keeps me scanning for danger. I seek reassurance then doubt it five minutes later. Physical tension will not switch off.,self.Anxiety
tbh started the relationship projects then i cant answer a text. friends notice im down and slow lol,self.depression
some days my ex im wired and sharp. could be stress could be more. idk,self.Anxiety
cant get moving after a crash around my ex. energy gone. just heavy. idk,self.depression
"This is a long vent about money and the pile of ordinary human feelings that came with it. Heartbreak from a friendship cooling off, loneliness on Sundays, stress about money, then a surprising afternoon where I felt genuinely happy walking home. I also feel stuck about next steps and a little ashamed that small things rattled me. Mixed feelings are the point: anger one hour, soft hope the next. I do not want clinical language — I want acknowledgement that dumping this out is allowed, plus gentle support options if I want them later. Tomorrow I will try again; tonight I just needed somewhere to put the words. Also, I keep replaying the last conversation like I can edit it some days I miss the person, some days I miss who I was with them. Lately, I am grateful for small kindnesses and still tense underneath. Lately, I go through the motions and feel buffered from myself music that used to hit does nothing. Meanwhile, I keep thinking I made everything harder for people around me I replay awkward moments until they feel larger than they were. Meanwhile, forward motion feels fake even when I force a routine. Honestly, irritation sits under my skin like static I am angry that I have to carry this alone. Meanwhile, I scroll through chats and put my phone down again rooms feel louder when nobody texts back. Lately, I scroll through chats and put my phone down again weekends stretch out and I pretend I planned to be alone. Honestly, I miss having someone who just checks in without being asked rooms feel louder when nobody texts back. Meanwhile, then a crash hits and answering a text feels huge one stretch I barely sleep and ideas pile up too fast. Lately, I am not fixed but I can see a thinner path forward. Also, emotions arrive late or not at all I go through the motions and feel buffered from myself. Honestly, I catch myself writing messages I never send I keep replaying the last conversation like I can edit it. On top of that, I catch myself writing messages I never send I keep replaying the last conversation like I can edit it.",self.offmychest
"Hopelessness around commute has been intense. ive thoughts about not wanting to continue, then they pass. im trying to stay safe and talk to someone. ...",self.SuicideWatch
everything with money feels pointless and heavy. sometimes i wonder what the point of next week is. not saying im going to do anything. just exhausted of fighting,self.SuicideWatch
just need to vent about work. annoying week nothing deep. idk,self.offmychest
keep thinking my mates would be easier if i wasnt around not planning anything just tired of existing tonight,self.SuicideWatch
"This is a long vent about uni and the pile of ordinary human feelings that came with it. Heartbreak from a friendship cooling off, loneliness on Sundays, stress about money, then a surprising afternoon where I felt genuinely happy walking home. I also feel stuck about next steps and a little ashamed that small things rattled me. Mixed feelings are the point: anger one hour, soft hope the next. I do not want clinical language — I want acknowledgement that dumping this out is allowed, plus gentle support options if I want them later. Tomorrow I will try again; tonight I just needed somewhere to put the words. Also, I scroll through chats and put my phone down again weekends stretch out and I pretend I planned to be alone. On top of that, emotions arrive late or not at all. Meanwhile, I go through the motions and feel buffered from myself emotions arrive late or not at all. On top of that, I keep replaying the last conversation like I can edit it I catch myself writing messages I never send. Also, music that used to hit does nothing emotions arrive late or not at all. Meanwhile, rooms feel louder when nobody texts back I miss having someone who just checks in without being asked. On top of that, weekends stretch out and I pretend I planned to be alone. Lately, I am grateful for small kindnesses and still tense underneath relief and dread take turns without asking. Honestly, I miss having someone who just checks in without being asked weekends stretch out and I pretend I planned to be alone. When I try to explain it, emotions arrive late or not at all. In the mornings, I still flinch when their name shows up somewhere random I keep replaying the last conversation like I can edit it. Honestly, shame shows up when I cancel plans again I replay awkward moments until they feel larger than they were. Lately, I keep thinking I made everything harder for people around me shame shows up when I cancel plans again. Also, I am grateful for small kindnesses and still tense underneath I can laugh at a meme and feel hollow five minutes later.",self.offmychest
whatever dark thoughts about not continuing keep looping when work hits. im staying with someone tonight and trying to get through the next hour,self.SuicideWatch
"Mostly I need to unload about uni. It is not a crisis and I am not asking for a diagnosis — just space to say I am frustrated, a bit lonely after a messy week, and weirdly relieved after writing this down. There were arguments, awkward silences, and a stretch where I felt happier than I have in months after a good conversation. Emotions are mixed: annoyance, guilt, hope, then back to annoyance. Advice optional; listening preferred. Honestly, I replay awkward moments until they feel larger than they were. Lately, I am not fixed but I can see a thinner path forward I finished something small and felt a real spark of pride. Some nights, one stretch I barely sleep and ideas pile up too fast then a crash hits and answering a text feels huge. On top of that, I know what I should do next but my body will not start plans sit in notes apps untouched for weeks.",self.offmychest
"Stress around my ex has stopped being a one-day spike. For weeks I wake with dread, scan for mistakes, and catastrophise tiny delays. My heart races in lectures or on the bus for no neat reason. I ask friends if everything is okay then distrust the answer. Deadlines feel like cliffs. I leave early from gatherings because my hands shake. Afterward I feel drained and a bit numb, which confuses me — is it anxiety, burnout, or both? I am trying to track triggers: sleep debt, caffeine, unread emails. I do not want clinical certainty from software; I want acknowledgement that this worry loop is real and that support exists if it keeps growing. On top of that, I keep replaying the last conversation like I can edit it some days I miss the person, some days I miss who I was with them. Also, I finished something small and felt a real spark of pride I am not fixed but I can see a thinner path forward. Also, irritation sits under my skin like static. Lately, I finished something small and felt a real spark of pride. Some nights, relief and dread take turns without asking I am grateful for small kindnesses and still tense underneath. Lately, irritation sits under my skin like static. Meanwhile, I know what I should do next but my body will not start. Also, emotions arrive late or not at all music that used to hit does nothing. Lately, I can laugh at a meme and feel hollow five minutes later. When I try to explain it, music that used to hit does nothing. When I try to explain it, I snap over tiny things and then feel worse. Honestly, rooms feel louder when nobody texts back. When I try to explain it, I snap over tiny things and then feel worse irritation sits under my skin like static. On top of that, one stretch I barely sleep and ideas pile up too fast. Meanwhile, I can laugh at a meme and feel hollow five minutes later. Also, I snap over tiny things and then feel worse I am angry that I have to carry this alone.",self.Anxiety
Talking too fast about my room one week. Mood changes how I plan and spend. I feel wired and sharp.,self.Anxiety
"I am trying to describe the wired stretch without claiming a clinical label. Around uni, racing ideas, irritability, and nights where sleep feels optional show up together. I spend more, promise more, and feel sharp in a way that later looks reckless. Tracking sleep helps a bit. Stress can trigger the restlessness. Mixed days confuse me — restless and tense at once. Please reflect the racing and worry pattern supportively and keep language non-diagnostic; I already know software cannot replace a clinician. Meanwhile, friends notice I flip between wired and wiped appetite focus and spending change with the swings. Also, relief and dread take turns without asking. Honestly, irritation sits under my skin like static I snap over tiny things and then feel worse. When I try to explain it, talking to a friend helped more than I expected. Honestly, relief and dread take turns without asking. Also, I snap over tiny things and then feel worse. When I try to explain it, I am grateful for small kindnesses and still tense underneath. In the mornings, I replay awkward moments until they feel larger than they were. When I try to explain it, I am grateful for small kindnesses and still tense underneath. Lately, talking to a friend helped more than I expected. Also, I go through the motions and feel buffered from myself emotions arrive late or not at all. Meanwhile, one stretch I barely sleep and ideas pile up too fast friends notice I flip between wired and wiped. Also, then a crash hits and answering a text feels huge appetite focus and spending change with the swings. When I try to explain it, I scroll through chats and put my phone down again. Lately, I snap over tiny things and then feel worse. On top of that, talking to a friend helped more than I expected I finished something small and felt a real spark of pride. In the mornings, I miss having someone who just checks in without being asked I scroll through chats and put my phone down again. Some nights, shame shows up when I cancel plans again I keep thinking I made everything harder for people around me.",self.Anxiety
tired of my course and a bit low about it but mostly just annoyed and overthinking conversations. needed somewhere to dump it yeah,self.offmychest
part of me wants the noise to stop no plan just money and this hollow feeling might message a support line if it gets worse,self.SuicideWatch
sleep returned with a crash while dealing with my ex mood followed it down idk,self.depression
maybe its nothing not a crisis just sick of pretending the flat is fine. small stuff kept piling up and i snapped at someone. whatever yeah,self.offmychest
"I need to put this somewhere before it only lives in my head. For days around the flat I have had waves of not wanting to be here. They are thoughts, not a plan, and that distinction matters to me. Still, the heaviness makes ordinary life feel unreachable. I have told a friend I am struggling and I am trying to stay with people tonight. I want support more than I want those thoughts to win. Please treat this as distress that needs care pathways, not as something to analyse clinically. I will reach out further if the wave gets worse. Honestly, some days I miss the person, some days I miss who I was with them I still flinch when their name shows up somewhere random. Some nights, appetite focus and spending change with the swings. On top of that, I still flinch when their name shows up somewhere random I keep replaying the last conversation like I can edit it. Some nights, I replay awkward moments until they feel larger than they were. On top of that, rooms feel louder when nobody texts back. Lately, plans sit in notes apps untouched for weeks I feel parked between who I was and whoever comes next. When I try to explain it, music that used to hit does nothing I go through the motions and feel buffered from myself. When I try to explain it, I replay awkward moments until they feel larger than they were. Honestly, relief and dread take turns without asking. Honestly, I catch myself writing messages I never send. Lately, I replay awkward moments until they feel larger than they were shame shows up when I cancel plans again. Lately, I miss having someone who just checks in without being asked. In the mornings, rooms feel louder when nobody texts back weekends stretch out and I pretend I planned to be alone.",self.SuicideWatch
maybe its nothing not a crisis just sick of pretending home is fine. small stuff kept piling up and i snapped at someone. whatever,self.offmychest
ideas for my room come too fast. racing and restless all week. idk,self.Anxiety
"My energy around money runs too fast. For a stretch I sleep little, talk quickly, start too many plans, and feel oddly wired. Friends say I seem restless across the week. I am not asking an app to diagnose anything medical — I want a careful theme read about racing thoughts and restlessness affecting daily life, sleep, and spending. On top of that, appetite focus and spending change with the swings. When I try to explain it, I miss having someone who just checks in without being asked. When I try to explain it, then a crash hits and answering a text feels huge appetite focus and spending change with the swings. Lately, relief and dread take turns without asking. Honestly, then a crash hits and answering a text feels huge one stretch I barely sleep and ideas pile up too fast. In the mornings, I replay awkward moments until they feel larger than they were.",self.Anxiety
"Tonight the hopelessness around family is loud. I am not making a plan and I do not want to describe anything graphic — I just keep having thoughts about not wanting to continue, then they ebb. I am staying somewhere safe and telling myself to get through the next hour. Writing this is me choosing help over silence. If it worsens I will contact a support line. Some nights, relief and dread take turns without asking I am grateful for small kindnesses and still tense underneath. On top of that, I am angry that I have to carry this alone irritation sits under my skin like static. Also, irritation sits under my skin like static I snap over tiny things and then feel worse. On top of that, I keep thinking I made everything harder for people around me. Lately, rooms feel louder when nobody texts back.",self.SuicideWatch
not sure how to say this dark thoughts about not continuing keep looping when the relationship hits. im staying with someone tonight and trying to get through the next hour,self.SuicideWatch
"My body treats deadlines like a threat even when nothing has gone wrong yet. Chest tight, jaw locked, brain running disaster scripts. I check messages repeatedly, then feel embarrassed about checking. Sleep is shallow because I rehearse conversations at 2am. I cancel social things to avoid the spiral, which makes next week worse. This is not a diagnosis request — I want a clear reflection that this is worry and bodily tension piling up, and some gentle next steps. Honestly, emotions arrive late or not at all. Lately, forward motion feels fake even when I force a routine. On top of that, relief and dread take turns without asking I am grateful for small kindnesses and still tense underneath. On top of that, I scroll through chats and put my phone down again rooms feel louder when nobody texts back. When I try to explain it, relief and dread take turns without asking I can laugh at a meme and feel hollow five minutes later.",self.Anxiety
wish i could disappear quietly. money piled up and i feel like a burden.,self.SuicideWatch
if i vanished would uni even notice. that thought scares me a bit. trying not to spiral alone,self.SuicideWatch
"My body treats the library like a threat even when nothing has gone wrong yet. Chest tight, jaw locked, brain running disaster scripts. I check messages repeatedly, then feel embarrassed about checking. Sleep is shallow because I rehearse conversations at 2am. I cancel social things to avoid the spiral, which makes next week worse. This is not a diagnosis request — I want a clear reflection that this is worry and bodily tension piling up, and some gentle next steps. Some nights, some days I miss the person, some days I miss who I was with them. When I try to explain it, I snap over tiny things and then feel worse. Lately, then a crash hits and answering a text feels huge friends notice I flip between wired and wiped. Some nights, relief and dread take turns without asking. When I try to explain it, relief and dread take turns without asking I am grateful for small kindnesses and still tense underneath.",self.Anxiety
some days money im wired and sharp. could be stress could be more. idk,self.Anxiety
people ask about commute and i say im ok then do nothing all evening. like moving through glue. small stuff takes forever yeah,self.depression
people ask about messages and i say im ok then do nothing all evening. like moving through glue. small stuff takes forever,self.depression
people ask about commute and i say im ok then do nothing all evening. like moving through glue. small stuff takes forever lol,self.depression
"Tonight the hopelessness around money is loud. I am not making a plan and I do not want to describe anything graphic — I just keep having thoughts about not wanting to continue, then they ebb. I am staying somewhere safe and telling myself to get through the next hour. Writing this is me choosing help over silence. If it worsens I will contact a support line. When I try to explain it, today was lighter than yesterday and that surprised me. Lately, I am not fixed but I can see a thinner path forward. On top of that, I snap over tiny things and then feel worse irritation sits under my skin like static. When I try to explain it, emotions arrive late or not at all. Meanwhile, irritation sits under my skin like static. On top of that, I go through the motions and feel buffered from myself.",self.SuicideWatch
irritable then suddenly on a high about group chat sleep appetite focus all over the place,self.Anxiety
"My energy around the relationship dropped after a stretch of doing too much. Now the crash is here and I can barely reply to a message. Heavy limbs, flat mood, cancelled plans, and shame about what I started. I am not asking an app to diagnose anything medical — I want a careful theme read about low mood and energy-down days affecting daily life, sleep, and follow-through. Lately, I replay awkward moments until they feel larger than they were. When I try to explain it, I am grateful for small kindnesses and still tense underneath. When I try to explain it, I snap over tiny things and then feel worse. In the mornings, shame shows up when I cancel plans again I keep thinking I made everything harder for people around me. On top of that, irritation sits under my skin like static. Honestly, I am angry that I have to carry this alone I snap over tiny things and then feel worse.",self.depression
anyway started my room projects then i cant answer a text friends notice im down and slow,self.depression
"Tonight the hopelessness around uni is loud. I am not making a plan and I do not want to describe anything graphic — I just keep having thoughts about not wanting to continue, then they ebb. I am staying somewhere safe and telling myself to get through the next hour. Writing this is me choosing help over silence. If it worsens I will contact a support line. Also, irritation sits under my skin like static. In the mornings, I am grateful for small kindnesses and still tense underneath. Lately, I am grateful for small kindnesses and still tense underneath. Some nights, I am grateful for small kindnesses and still tense underneath I can laugh at a meme and feel hollow five minutes later. Lately, music that used to hit does nothing. Honestly, shame shows up when I cancel plans again.",self.SuicideWatch
"My body treats home like a threat even when nothing has gone wrong yet. Chest tight, jaw locked, brain running disaster scripts. I check messages repeatedly, then feel embarrassed about checking. Sleep is shallow because I rehearse conversations at 2am. I cancel social things to avoid the spiral, which makes next week worse. This is not a diagnosis request — I want a clear reflection that this is worry and bodily tension piling up, and some gentle next steps. Also, irritation sits under my skin like static. Honestly, I keep replaying the last conversation like I can edit it. On top of that, I snap over tiny things and then feel worse. Also, appetite focus and spending change with the swings then a crash hits and answering a text feels huge. On top of that, hope shows up briefly then I talk myself out of it I can laugh at a meme and feel hollow five minutes later.",self.Anxiety
tired of my shifts and a bit low about it but mostly just annoyed and overthinking conversations. needed somewhere to dump it ...,self.offmychest
worried sick about group chat and also weirdly flat after the panic fades. am i anxious or just burnt out,self.Anxiety
if i vanished would the flat even notice. that thought scares me a bit. trying not to spiral alone,self.SuicideWatch
Energy around deadlines will not sit still Elevated spells feel risky; I talk too fast and try to track the restlessness,self.Anxiety
some days uni im wired and sharp. could be stress could be more. idk,self.Anxiety
"This is a long vent about this term and the pile of ordinary human feelings that came with it. Heartbreak from a friendship cooling off, loneliness on Sundays, stress about money, then a surprising afternoon where I felt genuinely happy walking home. I also feel stuck about next steps and a little ashamed that small things rattled me. Mixed feelings are the point: anger one hour, soft hope the next. I do not want clinical language — I want acknowledgement that dumping this out is allowed, plus gentle support options if I want them later. Tomorrow I will try again; tonight I just needed somewhere to put the words. Lately, forward motion feels fake even when I force a routine. Some nights, I finished something small and felt a real spark of pride. Some nights, plans sit in notes apps untouched for weeks. When I try to explain it, I still flinch when their name shows up somewhere random. When I try to explain it, relief and dread take turns without asking. Meanwhile, I snap over tiny things and then feel worse I am angry that I have to carry this alone. Some nights, talking to a friend helped more than I expected today was lighter than yesterday and that surprised me. Also, then a crash hits and answering a text feels huge friends notice I flip between wired and wiped. Also, plans sit in notes apps untouched for weeks forward motion feels fake even when I force a routine. Meanwhile, I am not fixed but I can see a thinner path forward I finished something small and felt a real spark of pride. When I try to explain it, I still flinch when their name shows up somewhere random I keep replaying the last conversation like I can edit it. Meanwhile, talking to a friend helped more than I expected. Meanwhile, talking to a friend helped more than I expected today was lighter than yesterday and that surprised me. Some nights, I can laugh at a meme and feel hollow five minutes later relief and dread take turns without asking.",self.offmychest
just need to vent about group chat annoying week nothing deep,self.offmychest
unloading about the relationship. pride stopped me telling mates. tomorrow ill try again tonight im moaning,self.offmychest
i feel guilty admitting how frustrated the flat made me. Writing it here releases the pressure without a big confrontation.,self.offmychest
"Mostly I need to unload about my ex. It is not a crisis and I am not asking for a diagnosis — just space to say I am frustrated, a bit lonely after a messy week, and weirdly relieved after writing this down. There were arguments, awkward silences, and a stretch where I felt happier than I have in months after a good conversation. Emotions are mixed: annoyance, guilt, hope, then back to annoyance. Advice optional; listening preferred. Lately, I feel parked between who I was and whoever comes next forward motion feels fake even when I force a routine. Honestly, hope shows up briefly then I talk myself out of it. On top of that, I replay awkward moments until they feel larger than they were. Meanwhile, appetite focus and spending change with the swings friends notice I flip between wired and wiped. Some nights, I can laugh at a meme and feel hollow five minutes later relief and dread take turns without asking.",self.offmychest
talking too fast about home one week Mood changes how I plan and spend I feel wired and sharp lol,self.Anxiety
cant stop checking the weekend. then checking again.,self.Anxiety
"This is a long vent about the relationship and the pile of ordinary human feelings that came with it. Heartbreak from a friendship cooling off, loneliness on Sundays, stress about money, then a surprising afternoon where I felt genuinely happy walking home. I also feel stuck about next steps and a little ashamed that small things rattled me. Mixed feelings are the point: anger one hour, soft hope the next. I do not want clinical language — I want acknowledgement that dumping this out is allowed, plus gentle support options if I want them later. Tomorrow I will try again; tonight I just needed somewhere to put the words. Some nights, I keep thinking I made everything harder for people around me shame shows up when I cancel plans again. In the mornings, I finished something small and felt a real spark of pride I am not fixed but I can see a thinner path forward. When I try to explain it, I catch myself writing messages I never send some days I miss the person, some days I miss who I was with them. Lately, friends notice I flip between wired and wiped appetite focus and spending change with the swings. Lately, talking to a friend helped more than I expected. When I try to explain it, I am angry that I have to carry this alone I snap over tiny things and then feel worse. When I try to explain it, I go through the motions and feel buffered from myself. Also, I finished something small and felt a real spark of pride today was lighter than yesterday and that surprised me. Also, I go through the motions and feel buffered from myself emotions arrive late or not at all. When I try to explain it, then a crash hits and answering a text feels huge one stretch I barely sleep and ideas pile up too fast. Some nights, friends notice I flip between wired and wiped. Also, I am grateful for small kindnesses and still tense underneath hope shows up briefly then I talk myself out of it.",self.offmychest
"Tonight the hopelessness around my ex is loud. I am not making a plan and I do not want to describe anything graphic — I just keep having thoughts about not wanting to continue, then they ebb. I am staying somewhere safe and telling myself to get through the next hour. Writing this is me choosing help over silence. If it worsens I will contact a support line. Meanwhile, plans sit in notes apps untouched for weeks. In the mornings, I am angry that I have to carry this alone. On top of that, I miss having someone who just checks in without being asked I scroll through chats and put my phone down again. Lately, irritation sits under my skin like static. Some nights, friends notice I flip between wired and wiped. Also, I go through the motions and feel buffered from myself music that used to hit does nothing.",self.SuicideWatch
"Motivation for home disappeared. I sleep odd hours, leave messages unread, and feel heavy without a clear reason.",self.depression
"My body treats the library like a threat even when nothing has gone wrong yet. Chest tight, jaw locked, brain running disaster scripts. I check messages repeatedly, then feel embarrassed about checking. Sleep is shallow because I rehearse conversations at 2am. I cancel social things to avoid the spiral, which makes next week worse. This is not a diagnosis request — I want a clear reflection that this is worry and bodily tension piling up, and some gentle next steps. Lately, I feel parked between who I was and whoever comes next I know what I should do next but my body will not start. On top of that, hope shows up briefly then I talk myself out of it. Meanwhile, emotions arrive late or not at all. Lately, forward motion feels fake even when I force a routine. When I try to explain it, irritation sits under my skin like static.",self.Anxiety
my course stressed me out and now i feel weirdly empty after venting to no one. probably fine. i keep typing then deleting,self.offmychest
sleep vanished while dealing with messages mood followed the restlessness i keep typing then deleting idk,self.Anxiety
"My energy around family dropped after a stretch of doing too much. Now the crash is here and I can barely reply to a message. Heavy limbs, flat mood, cancelled plans, and shame about what I started. I am not asking an app to diagnose anything medical — I want a careful theme read about low mood and energy-down days affecting daily life, sleep, and follow-through. Also, I keep thinking I made everything harder for people around me. In the mornings, I scroll through chats and put my phone down again. Meanwhile, I am angry that I have to carry this alone irritation sits under my skin like static. When I try to explain it, I snap over tiny things and then feel worse I am angry that I have to carry this alone. Honestly, shame shows up when I cancel plans again I replay awkward moments until they feel larger than they were.",self.depression
"Tonight the hopelessness around my shifts is loud. I am not making a plan and I do not want to describe anything graphic — I just keep having thoughts about not wanting to continue, then they ebb. I am staying somewhere safe and telling myself to get through the next hour. Writing this is me choosing help over silence. If it worsens I will contact a support line. In the mornings, emotions arrive late or not at all. On top of that, today was lighter than yesterday and that surprised me I am not fixed but I can see a thinner path forward. When I try to explain it, I snap over tiny things and then feel worse irritation sits under my skin like static. Also, I go through the motions and feel buffered from myself. On top of that, then a crash hits and answering a text feels huge.",self.SuicideWatch
tired of work and a bit low about it but mostly just annoyed and overthinking conversations. needed somewhere to dump it,self.offmychest
feels stupid writing this started family projects at 2am felt unstoppable wired friends say i flip too quick lol,self.Anxiety
"I am trying to describe the crash without claiming a clinical label. Around the library, a drop hits: heavy limbs, flat mood, cancelled plans, and shame about what I started when I had more energy. Tracking sleep and appetite helps a bit. Stress can deepen the low. Mixed days confuse me — restless and empty at once, but the empty part is what I cannot shake. Please reflect the low-mood and energy-down pattern supportively and keep language non-diagnostic; I already know software cannot replace a clinician. In the mornings, I am not fixed but I can see a thinner path forward. Meanwhile, I still flinch when their name shows up somewhere random I catch myself writing messages I never send. Lately, I am not fixed but I can see a thinner path forward. Also, music that used to hit does nothing I go through the motions and feel buffered from myself. Lately, I am grateful for small kindnesses and still tense underneath. Meanwhile, I miss having someone who just checks in without being asked. In the mornings, then a crash hits and answering a text feels huge appetite focus and spending change with the swings. When I try to explain it, friends notice I flip between wired and wiped. In the mornings, I feel parked between who I was and whoever comes next plans sit in notes apps untouched for weeks. Some nights, weekends stretch out and I pretend I planned to be alone I scroll through chats and put my phone down again. Honestly, music that used to hit does nothing. When I try to explain it, shame shows up when I cancel plans again I keep thinking I made everything harder for people around me. Meanwhile, I replay awkward moments until they feel larger than they were. Honestly, I feel parked between who I was and whoever comes next. When I try to explain it, one stretch I barely sleep and ideas pile up too fast friends notice I flip between wired and wiped. Some nights, I catch myself writing messages I never send. Honestly, I replay awkward moments until they feel larger than they were.",self.depression
deadlines stressed me out and now i feel weirdly empty after venting to no one. probably fine. anyway idk,self.offmychest
"Tonight the hopelessness around family is loud. I am not making a plan and I do not want to describe anything graphic — I just keep having thoughts about not wanting to continue, then they ebb. I am staying somewhere safe and telling myself to get through the next hour. Writing this is me choosing help over silence. If it worsens I will contact a support line. On top of that, relief and dread take turns without asking I am grateful for small kindnesses and still tense underneath. Meanwhile, rooms feel louder when nobody texts back. On top of that, forward motion feels fake even when I force a routine. In the mornings, I feel parked between who I was and whoever comes next. Honestly, I am angry that I have to carry this alone. Lately, I keep thinking I made everything harder for people around me shame shows up when I cancel plans again.",self.SuicideWatch
Uncertainty around uni keeps me scanning for danger. I seek reassurance then doubt it five minutes later. Physical tension will not switch off.,self.Anxiety
people ask about the flat and i say im ok then do nothing all evening like moving through glue small stuff takes forever,self.depression
"Around work ive been low for a while. I still show up but interest is gone and I replay mistakes until I shut down. Not looking for a label, just stuck.",self.depression
keep thinking money would be easier if i wasnt around not planning anything just tired of existing tonight,self.SuicideWatch
"Tonight the hopelessness around commute is loud. I am not making a plan and I do not want to describe anything graphic — I just keep having thoughts about not wanting to continue, then they ebb. I am staying somewhere safe and telling myself to get through the next hour. Writing this is me choosing help over silence. If it worsens I will contact a support line. In the mornings, I can laugh at a meme and feel hollow five minutes later. In the mornings, hope shows up briefly then I talk myself out of it I am grateful for small kindnesses and still tense underneath. On top of that, irritation sits under my skin like static I am angry that I have to carry this alone. Lately, I still flinch when their name shows up somewhere random I keep replaying the last conversation like I can edit it.",self.SuicideWatch
anyway dark thoughts about not continuing keep looping when this term hits im staying with someone tonight and trying to get through the next hour,self.SuicideWatch
"I need to put this somewhere before it only lives in my head. For days around my room I have had waves of not wanting to be here. They are thoughts, not a plan, and that distinction matters to me. Still, the heaviness makes ordinary life feel unreachable. I have told a friend I am struggling and I am trying to stay with people tonight. I want support more than I want those thoughts to win. Please treat this as distress that needs care pathways, not as something to analyse clinically. I will reach out further if the wave gets worse. On top of that, I am grateful for small kindnesses and still tense underneath. Also, I keep thinking I made everything harder for people around me shame shows up when I cancel plans again. On top of that, relief and dread take turns without asking hope shows up briefly then I talk myself out of it. When I try to explain it, I keep thinking I made everything harder for people around me. Honestly, I snap over tiny things and then feel worse I am angry that I have to carry this alone. Meanwhile, I am angry that I have to carry this alone. Also, I still flinch when their name shows up somewhere random. In the mornings, rooms feel louder when nobody texts back I scroll through chats and put my phone down again. Some nights, relief and dread take turns without asking. Honestly, some days I miss the person, some days I miss who I was with them I catch myself writing messages I never send. Some nights, emotions arrive late or not at all music that used to hit does nothing. On top of that, I finished something small and felt a real spark of pride.",self.SuicideWatch
"I need to put this somewhere before it only lives in my head. For days around messages I have had waves of not wanting to be here. They are thoughts, not a plan, and that distinction matters to me. Still, the heaviness makes ordinary life feel unreachable. I have told a friend I am struggling and I am trying to stay with people tonight. I want support more than I want those thoughts to win. Please treat this as distress that needs care pathways, not as something to analyse clinically. I will reach out further if the wave gets worse. On top of that, irritation sits under my skin like static I snap over tiny things and then feel worse. Honestly, some days I miss the person, some days I miss who I was with them I still flinch when their name shows up somewhere random. Meanwhile, I snap over tiny things and then feel worse. Some nights, I am grateful for small kindnesses and still tense underneath. Lately, I snap over tiny things and then feel worse irritation sits under my skin like static. When I try to explain it, plans sit in notes apps untouched for weeks I know what I should do next but my body will not start. In the mornings, plans sit in notes apps untouched for weeks. Some nights, appetite focus and spending change with the swings friends notice I flip between wired and wiped. In the mornings, hope shows up briefly then I talk myself out of it relief and dread take turns without asking. In the mornings, I feel parked between who I was and whoever comes next forward motion feels fake even when I force a routine. When I try to explain it, irritation sits under my skin like static I am angry that I have to carry this alone.",self.SuicideWatch
sleep vanished while dealing with group chat mood followed the restlessness not sure how to say this,self.Anxiety
everything with the weekend feels pointless and heavy. sometimes i wonder what the point of next week is. not saying im going to do anything. just exhausted of fighting,self.SuicideWatch
not sure how to say this not a crisis just sick of pretending deadlines is fine small stuff kept piling up and i snapped at someone whatever,self.offmychest
"Tonight the hopelessness around family is loud. I am not making a plan and I do not want to describe anything graphic — I just keep having thoughts about not wanting to continue, then they ebb. I am staying somewhere safe and telling myself to get through the next hour. Writing this is me choosing help over silence. If it worsens I will contact a support line. When I try to explain it, I still flinch when their name shows up somewhere random I catch myself writing messages I never send. Honestly, I am grateful for small kindnesses and still tense underneath. In the mornings, I miss having someone who just checks in without being asked. When I try to explain it, relief and dread take turns without asking. On top of that, I catch myself writing messages I never send some days I miss the person, some days I miss who I was with them.",self.SuicideWatch
"My body treats uni like a threat even when nothing has gone wrong yet. Chest tight, jaw locked, brain running disaster scripts. I check messages repeatedly, then feel embarrassed about checking. Sleep is shallow because I rehearse conversations at 2am. I cancel social things to avoid the spiral, which makes next week worse. This is not a diagnosis request — I want a clear reflection that this is worry and bodily tension piling up, and some gentle next steps. On top of that, I am angry that I have to carry this alone. When I try to explain it, then a crash hits and answering a text feels huge friends notice I flip between wired and wiped. In the mornings, I can laugh at a meme and feel hollow five minutes later. Lately, I scroll through chats and put my phone down again I miss having someone who just checks in without being asked.",self.Anxiety
"Tonight the hopelessness around the weekend is loud. I am not making a plan and I do not want to describe anything graphic — I just keep having thoughts about not wanting to continue, then they ebb. I am staying somewhere safe and telling myself to get through the next hour. Writing this is me choosing help over silence. If it worsens I will contact a support line. Also, one stretch I barely sleep and ideas pile up too fast then a crash hits and answering a text feels huge. Meanwhile, I am angry that I have to carry this alone irritation sits under my skin like static. Lately, I go through the motions and feel buffered from myself. On top of that, rooms feel louder when nobody texts back I miss having someone who just checks in without being asked.",self.SuicideWatch
stressed about money but also just... numb? worry comes then fades into nothing. hard to tell if im overthinking or just done,self.depression
I feel trapped by home. Ideation comes in waves. Writing this so it is not only in my head. I want help more than I want to act on those thoughts.,self.SuicideWatch
"I need to put this somewhere before it only lives in my head. For days around the relationship I have had waves of not wanting to be here. They are thoughts, not a plan, and that distinction matters to me. Still, the heaviness makes ordinary life feel unreachable. I have told a friend I am struggling and I am trying to stay with people tonight. I want support more than I want those thoughts to win. Please treat this as distress that needs care pathways, not as something to analyse clinically. I will reach out further if the wave gets worse. When I try to explain it, music that used to hit does nothing. Honestly, appetite focus and spending change with the swings friends notice I flip between wired and wiped. Honestly, I feel parked between who I was and whoever comes next forward motion feels fake even when I force a routine. Also, I go through the motions and feel buffered from myself emotions arrive late or not at all. Honestly, relief and dread take turns without asking. When I try to explain it, relief and dread take turns without asking hope shows up briefly then I talk myself out of it. Some nights, shame shows up when I cancel plans again. Meanwhile, then a crash hits and answering a text feels huge. Also, talking to a friend helped more than I expected today was lighter than yesterday and that surprised me. Honestly, I go through the motions and feel buffered from myself emotions arrive late or not at all. In the mornings, shame shows up when I cancel plans again I replay awkward moments until they feel larger than they were. Honestly, today was lighter than yesterday and that surprised me I am not fixed but I can see a thinner path forward.",self.SuicideWatch
whatever dark thoughts about not continuing keep looping when sleep hits. im staying with someone tonight and trying to get through the next hour idk,self.SuicideWatch
Before home I spiral into what-ifs I leave early even when people are kind,self.Anxiety
I feel guilty admitting how frustrated the relationship made me. Writing it here releases the pressure without a big confrontation. lol,self.offmychest
"For the last few weeks around the flat I have felt hollow more than tearful. I get up, do the minimum, and then sit with that heavy quiet that makes ordinary tasks feel pointless. Friends still invite me; I say maybe and then do not go. Food tastes like cardboard some days. I am not trying to diagnose myself — I just want language for this flatness and the way interest keeps slipping away. Sleep is weird: either too much or broken. I keep hoping tomorrow will feel different and it mostly does not. Lately, forward motion feels fake even when I force a routine plans sit in notes apps untouched for weeks. Also, I snap over tiny things and then feel worse. Lately, irritation sits under my skin like static I snap over tiny things and then feel worse. Honestly, I am angry that I have to carry this alone.",self.depression
tired of my course and a bit low about it but mostly just annoyed and overthinking conversations. needed somewhere to dump it,self.offmychest
"My body treats deadlines like a threat even when nothing has gone wrong yet. Chest tight, jaw locked, brain running disaster scripts. I check messages repeatedly, then feel embarrassed about checking. Sleep is shallow because I rehearse conversations at 2am. I cancel social things to avoid the spiral, which makes next week worse. This is not a diagnosis request — I want a clear reflection that this is worry and bodily tension piling up, and some gentle next steps. On top of that, emotions arrive late or not at all. Honestly, then a crash hits and answering a text feels huge. In the mornings, I catch myself writing messages I never send. Meanwhile, hope shows up briefly then I talk myself out of it. When I try to explain it, emotions arrive late or not at all. Some nights, I finished something small and felt a real spark of pride I am not fixed but I can see a thinner path forward.",self.Anxiety
on edge all day about my room. sweaty hands shallow breath then i feel silly after yeah,self.Anxiety
"Tonight the hopelessness around deadlines is loud. I am not making a plan and I do not want to describe anything graphic — I just keep having thoughts about not wanting to continue, then they ebb. I am staying somewhere safe and telling myself to get through the next hour. Writing this is me choosing help over silence. If it worsens I will contact a support line. On top of that, irritation sits under my skin like static I snap over tiny things and then feel worse. Lately, emotions arrive late or not at all music that used to hit does nothing. When I try to explain it, appetite focus and spending change with the swings one stretch I barely sleep and ideas pile up too fast. Meanwhile, rooms feel louder when nobody texts back weekends stretch out and I pretend I planned to be alone.",self.SuicideWatch
talking too fast about home one week. Mood changes how I plan and spend. I feel wired and sharp.,self.Anxiety
"Stress around my mates has stopped being a one-day spike. For weeks I wake with dread, scan for mistakes, and catastrophise tiny delays. My heart races in lectures or on the bus for no neat reason. I ask friends if everything is okay then distrust the answer. Deadlines feel like cliffs. I leave early from gatherings because my hands shake. Afterward I feel drained and a bit numb, which confuses me — is it anxiety, burnout, or both? I am trying to track triggers: sleep debt, caffeine, unread emails. I do not want clinical certainty from software; I want acknowledgement that this worry loop is real and that support exists if it keeps growing. Also, some days I miss the person, some days I miss who I was with them. Some nights, then a crash hits and answering a text feels huge appetite focus and spending change with the swings. Also, relief and dread take turns without asking hope shows up briefly then I talk myself out of it. Meanwhile, I am grateful for small kindnesses and still tense underneath. Honestly, weekends stretch out and I pretend I planned to be alone. Meanwhile, weekends stretch out and I pretend I planned to be alone. Honestly, I finished something small and felt a real spark of pride today was lighter than yesterday and that surprised me. When I try to explain it, I am not fixed but I can see a thinner path forward. Meanwhile, I replay awkward moments until they feel larger than they were shame shows up when I cancel plans again. In the mornings, then a crash hits and answering a text feels huge friends notice I flip between wired and wiped. In the mornings, I keep thinking I made everything harder for people around me. Some nights, I still flinch when their name shows up somewhere random some days I miss the person, some days I miss who I was with them. Meanwhile, relief and dread take turns without asking. On top of that, I feel parked between who I was and whoever comes next. When I try to explain it, I replay awkward moments until they feel larger than they were I keep thinking I made everything harder for people around me.",self.Anxiety
I feel trapped by my room. Ideation comes in waves. Writing this so it is not only in my head. I want help more than I want to act on those thoughts.,self.SuicideWatch
"This is a long vent about the flat and the pile of ordinary human feelings that came with it. Heartbreak from a friendship cooling off, loneliness on Sundays, stress about money, then a surprising afternoon where I felt genuinely happy walking home. I also feel stuck about next steps and a little ashamed that small things rattled me. Mixed feelings are the point: anger one hour, soft hope the next. I do not want clinical language — I want acknowledgement that dumping this out is allowed, plus gentle support options if I want them later. Tomorrow I will try again; tonight I just needed somewhere to put the words. In the mornings, I snap over tiny things and then feel worse. Honestly, music that used to hit does nothing. On top of that, I scroll through chats and put my phone down again. Some nights, I miss having someone who just checks in without being asked. On top of that, appetite focus and spending change with the swings friends notice I flip between wired and wiped. Meanwhile, I am not fixed but I can see a thinner path forward. In the mornings, I know what I should do next but my body will not start plans sit in notes apps untouched for weeks. Also, I feel parked between who I was and whoever comes next. Also, I know what I should do next but my body will not start plans sit in notes apps untouched for weeks. On top of that, I finished something small and felt a real spark of pride. In the mornings, I am not fixed but I can see a thinner path forward. When I try to explain it, talking to a friend helped more than I expected I finished something small and felt a real spark of pride. Also, I am angry that I have to carry this alone. When I try to explain it, talking to a friend helped more than I expected. Meanwhile, I keep thinking I made everything harder for people around me I replay awkward moments until they feel larger than they were.",self.offmychest
tired of my ex and a bit low about it but mostly just annoyed and overthinking conversations. needed somewhere to dump it idk,self.offmychest
uni stress sits in my chest. not crying just restless and snappy. whatever yeah,self.Anxiety
uni has me drained chest feels tight some nights then i feel nothing next morning not sure how to say this,self.depression
idk dark thoughts about not continuing keep looping when this term hits. im staying with someone tonight and trying to get through the next hour lol,self.SuicideWatch
"I need to put this somewhere before it only lives in my head. For days around deadlines I have had waves of not wanting to be here. They are thoughts, not a plan, and that distinction matters to me. Still, the heaviness makes ordinary life feel unreachable. I have told a friend I am struggling and I am trying to stay with people tonight. I want support more than I want those thoughts to win. Please treat this as distress that needs care pathways, not as something to analyse clinically. I will reach out further if the wave gets worse. Lately, talking to a friend helped more than I expected I finished something small and felt a real spark of pride. In the mornings, I snap over tiny things and then feel worse I am angry that I have to carry this alone. Honestly, I can laugh at a meme and feel hollow five minutes later. Lately, one stretch I barely sleep and ideas pile up too fast friends notice I flip between wired and wiped. Some nights, irritation sits under my skin like static. When I try to explain it, I miss having someone who just checks in without being asked I scroll through chats and put my phone down again. Honestly, I still flinch when their name shows up somewhere random. Honestly, friends notice I flip between wired and wiped. Meanwhile, I feel parked between who I was and whoever comes next. Honestly, today was lighter than yesterday and that surprised me talking to a friend helped more than I expected. Lately, shame shows up when I cancel plans again. In the mornings, emotions arrive late or not at all I go through the motions and feel buffered from myself. In the mornings, relief and dread take turns without asking I am grateful for small kindnesses and still tense underneath.",self.SuicideWatch
"Mostly I need to unload about the weekend. It is not a crisis and I am not asking for a diagnosis — just space to say I am frustrated, a bit lonely after a messy week, and weirdly relieved after writing this down. There were arguments, awkward silences, and a stretch where I felt happier than I have in months after a good conversation. Emotions are mixed: annoyance, guilt, hope, then back to annoyance. Advice optional; listening preferred. Honestly, emotions arrive late or not at all. In the mornings, I feel parked between who I was and whoever comes next forward motion feels fake even when I force a routine. Meanwhile, rooms feel louder when nobody texts back. In the mornings, shame shows up when I cancel plans again. On top of that, I still flinch when their name shows up somewhere random some days I miss the person, some days I miss who I was with them.",self.offmychest
tbh home makes my stomach drop. i rehearse conversations then avoid them. sleep is broken cos my brain wont shut up,self.Anxiety
"This is a long vent about the flat and the pile of ordinary human feelings that came with it. Heartbreak from a friendship cooling off, loneliness on Sundays, stress about money, then a surprising afternoon where I felt genuinely happy walking home. I also feel stuck about next steps and a little ashamed that small things rattled me. Mixed feelings are the point: anger one hour, soft hope the next. I do not want clinical language — I want acknowledgement that dumping this out is allowed, plus gentle support options if I want them later. Tomorrow I will try again; tonight I just needed somewhere to put the words. Also, plans sit in notes apps untouched for weeks forward motion feels fake even when I force a routine. When I try to explain it, I know what I should do next but my body will not start. Also, weekends stretch out and I pretend I planned to be alone I scroll through chats and put my phone down again. In the mornings, plans sit in notes apps untouched for weeks. Lately, friends notice I flip between wired and wiped. In the mornings, I catch myself writing messages I never send. Meanwhile, I go through the motions and feel buffered from myself. When I try to explain it, I go through the motions and feel buffered from myself emotions arrive late or not at all. On top of that, I can laugh at a meme and feel hollow five minutes later hope shows up briefly then I talk myself out of it. On top of that, I still flinch when their name shows up somewhere random I catch myself writing messages I never send. Meanwhile, then a crash hits and answering a text feels huge. Also, I am angry that I have to carry this alone irritation sits under my skin like static. Honestly, hope shows up briefly then I talk myself out of it I can laugh at a meme and feel hollow five minutes later. Also, I go through the motions and feel buffered from myself. When I try to explain it, I am grateful for small kindnesses and still tense underneath.",self.offmychest
on edge all day about home sweaty hands shallow breath then i feel silly after yeah,self.Anxiety
on edge all day about money. sweaty hands shallow breath then i feel silly after,self.Anxiety
"My energy around work dropped after a stretch of doing too much. Now the crash is here and I can barely reply to a message. Heavy limbs, flat mood, cancelled plans, and shame about what I started. I am not asking an app to diagnose anything medical — I want a careful theme read about low mood and energy-down days affecting daily life, sleep, and follow-through. When I try to explain it, shame shows up when I cancel plans again I keep thinking I made everything harder for people around me. In the mornings, I miss having someone who just checks in without being asked I scroll through chats and put my phone down again. In the mornings, one stretch I barely sleep and ideas pile up too fast. Some nights, shame shows up when I cancel plans again I replay awkward moments until they feel larger than they were.",self.depression
feels stupid writing this not a crisis just sick of pretending uni is fine. small stuff kept piling up and i snapped at someone. whatever,self.offmychest
Uncertainty around deadlines keeps me scanning for danger I seek reassurance then doubt it five minutes later Physical tension will not switch off,self.Anxiety
the weekend stressed me out and now i feel weirdly empty after venting to no one. probably fine. idk,self.offmychest
unloading about this term. pride stopped me telling mates. tomorrow ill try again tonight im moaning,self.offmychest
"I keep writing and deleting this because talking about low mood around family still feels dramatic even when it has lasted months. Mornings are the worst: I wake already tired, scroll without absorbing anything, and bargain with myself to shower. Showers help for twenty minutes. Then the flatness returns. I cancel plans, leave laundry in bags, and tell people I am busy when I am actually staring at a wall. Concentration for coursework or shifts is thin; I reread the same paragraph. There is guilt about being distant, then numbness that makes the guilt feel far away. Some evenings I cry without a clear story; other evenings I feel nothing and that scares me more. I am not looking for a clinical label from an app — I want a careful read of how heavy this has been and whether support options might help while I try to rebuild a bit of routine. In the mornings, I feel parked between who I was and whoever comes next forward motion feels fake even when I force a routine. Lately, then a crash hits and answering a text feels huge. On top of that, I finished something small and felt a real spark of pride talking to a friend helped more than I expected. Honestly, one stretch I barely sleep and ideas pile up too fast then a crash hits and answering a text feels huge. Meanwhile, shame shows up when I cancel plans again I keep thinking I made everything harder for people around me. Also, I scroll through chats and put my phone down again rooms feel louder when nobody texts back. Some nights, relief and dread take turns without asking hope shows up briefly then I talk myself out of it. Lately, I feel parked between who I was and whoever comes next. Honestly, friends notice I flip between wired and wiped. Lately, I catch myself writing messages I never send. When I try to explain it, one stretch I barely sleep and ideas pile up too fast then a crash hits and answering a text feels huge. Also, I replay awkward moments until they feel larger than they were I keep thinking I made everything harder for people around me.",self.depression
Talking too fast about deadlines one week Mood changes how I plan and spend I feel wired and sharp,self.Anxiety
"Tonight the hopelessness around my ex is loud. I am not making a plan and I do not want to describe anything graphic — I just keep having thoughts about not wanting to continue, then they ebb. I am staying somewhere safe and telling myself to get through the next hour. Writing this is me choosing help over silence. If it worsens I will contact a support line. Lately, I feel parked between who I was and whoever comes next. Lately, I keep thinking I made everything harder for people around me I replay awkward moments until they feel larger than they were. Some nights, rooms feel louder when nobody texts back. Meanwhile, I keep replaying the last conversation like I can edit it. When I try to explain it, I catch myself writing messages I never send I still flinch when their name shows up somewhere random.",self.SuicideWatch
everything with my mates feels pointless and heavy. sometimes i wonder what the point of next week is. not saying im going to do anything. just exhausted of fighting yeah,self.SuicideWatch
"Energy around my mates dropped hard. The crash wipes out what I started. I feel heavy and shut down, not looking for a label. yeah",self.depression
ideas for my course come too fast. racing and restless all week.,self.Anxiety
some days group chat im wired and sharp. could be stress could be more. idk,self.Anxiety
Before my shifts I spiral into what-ifs. I leave early even when people are kind.,self.Anxiety
I feel guilty admitting how frustrated my shifts made me. Writing it here releases the pressure without a big confrontation.,self.offmychest
"My energy around commute dropped after a stretch of doing too much. Now the crash is here and I can barely reply to a message. Heavy limbs, flat mood, cancelled plans, and shame about what I started. I am not asking an app to diagnose anything medical — I want a careful theme read about low mood and energy-down days affecting daily life, sleep, and follow-through. On top of that, I go through the motions and feel buffered from myself music that used to hit does nothing. When I try to explain it, I snap over tiny things and then feel worse. Also, then a crash hits and answering a text feels huge. When I try to explain it, I miss having someone who just checks in without being asked weekends stretch out and I pretend I planned to be alone. Honestly, then a crash hits and answering a text feels huge one stretch I barely sleep and ideas pile up too fast.",self.depression
"For the last few weeks around messages I have felt hollow more than tearful. I get up, do the minimum, and then sit with that heavy quiet that makes ordinary tasks feel pointless. Friends still invite me; I say maybe and then do not go. Food tastes like cardboard some days. I am not trying to diagnose myself — I just want language for this flatness and the way interest keeps slipping away. Sleep is weird: either too much or broken. I keep hoping tomorrow will feel different and it mostly does not. Some nights, friends notice I flip between wired and wiped appetite focus and spending change with the swings. In the mornings, today was lighter than yesterday and that surprised me talking to a friend helped more than I expected. Some nights, plans sit in notes apps untouched for weeks. On top of that, irritation sits under my skin like static I am angry that I have to carry this alone.",self.depression
heart racing before uni again. worst case playlist on loop.,self.Anxiety
everything with the flat feels pointless and heavy. sometimes i wonder what the point of next week is. not saying im going to do anything. just exhausted of fighting,self.SuicideWatch
Energy around my course will not sit still. Elevated spells feel risky; I talk too fast and try to track the restlessness. yeah,self.Anxiety
some days messages im wired and sharp. could be stress could be more. idk,self.Anxiety
"My energy around the flat runs too fast. For a stretch I sleep little, talk quickly, start too many plans, and feel oddly wired. Friends say I seem restless across the week. I am not asking an app to diagnose anything medical — I want a careful theme read about racing thoughts and restlessness affecting daily life, sleep, and spending. On top of that, some days I miss the person, some days I miss who I was with them. In the mornings, friends notice I flip between wired and wiped one stretch I barely sleep and ideas pile up too fast. In the mornings, I snap over tiny things and then feel worse. Also, I keep thinking I made everything harder for people around me. Also, I replay awkward moments until they feel larger than they were I keep thinking I made everything harder for people around me. Meanwhile, I replay awkward moments until they feel larger than they were I keep thinking I made everything harder for people around me.",self.Anxiety
group chat stress sits in my chest. not crying just restless and snappy. idk ...,self.Anxiety
"My body treats deadlines like a threat even when nothing has gone wrong yet. Chest tight, jaw locked, brain running disaster scripts. I check messages repeatedly, then feel embarrassed about checking. Sleep is shallow because I rehearse conversations at 2am. I cancel social things to avoid the spiral, which makes next week worse. This is not a diagnosis request — I want a clear reflection that this is worry and bodily tension piling up, and some gentle next steps. Meanwhile, I still flinch when their name shows up somewhere random. Also, I still flinch when their name shows up somewhere random I keep replaying the last conversation like I can edit it. On top of that, I miss having someone who just checks in without being asked. Lately, hope shows up briefly then I talk myself out of it. When I try to explain it, emotions arrive late or not at all music that used to hit does nothing.",self.Anxiety
the relationship stressed me out and now i feel weirdly empty after venting to no one. probably fine. i keep typing then deleting,self.offmychest
"My energy around the weekend runs too fast. For a stretch I sleep little, talk quickly, start too many plans, and feel oddly wired. Friends say I seem restless across the week. I am not asking an app to diagnose anything medical — I want a careful theme read about racing thoughts and restlessness affecting daily life, sleep, and spending. Honestly, I miss having someone who just checks in without being asked weekends stretch out and I pretend I planned to be alone. Lately, I finished something small and felt a real spark of pride talking to a friend helped more than I expected. When I try to explain it, I scroll through chats and put my phone down again rooms feel louder when nobody texts back. On top of that, I still flinch when their name shows up somewhere random. When I try to explain it, shame shows up when I cancel plans again.",self.Anxiety
sleep vanished while dealing with my mates. mood followed the restlessness. not sure how to say this,self.Anxiety
then nothing after the library. sleep appetite focus all crashed. sitting there empty,self.depression
"I am trying to describe the wired stretch without claiming a clinical label. Around the library, racing ideas, irritability, and nights where sleep feels optional show up together. I spend more, promise more, and feel sharp in a way that later looks reckless. Tracking sleep helps a bit. Stress can trigger the restlessness. Mixed days confuse me — restless and tense at once. Please reflect the racing and worry pattern supportively and keep language non-diagnostic; I already know software cannot replace a clinician. In the mornings, irritation sits under my skin like static I am angry that I have to carry this alone. Honestly, some days I miss the person, some days I miss who I was with them. Also, I keep thinking I made everything harder for people around me I replay awkward moments until they feel larger than they were. On top of that, shame shows up when I cancel plans again I replay awkward moments until they feel larger than they were. Meanwhile, talking to a friend helped more than I expected. In the mornings, shame shows up when I cancel plans again I replay awkward moments until they feel larger than they were. Some nights, I keep replaying the last conversation like I can edit it. Honestly, today was lighter than yesterday and that surprised me talking to a friend helped more than I expected. Lately, I finished something small and felt a real spark of pride. Lately, hope shows up briefly then I talk myself out of it I can laugh at a meme and feel hollow five minutes later. Honestly, I snap over tiny things and then feel worse I am angry that I have to carry this alone. Lately, I miss having someone who just checks in without being asked. Lately, weekends stretch out and I pretend I planned to be alone rooms feel louder when nobody texts back. Also, one stretch I barely sleep and ideas pile up too fast appetite focus and spending change with the swings. Lately, I am angry that I have to carry this alone. Some nights, rooms feel louder when nobody texts back I miss having someone who just checks in without being asked.",self.Anxiety
Energy around family will not sit still. Elevated spells feel risky; I talk too fast and try to track the restlessness.,self.Anxiety
"hopelessness around sleep has been intense. I have thoughts about not wanting to continue, then they pass. I am trying to stay safe and talk to someone.",self.SuicideWatch
"Tonight the hopelessness around my shifts is loud. I am not making a plan and I do not want to describe anything graphic — I just keep having thoughts about not wanting to continue, then they ebb. I am staying somewhere safe and telling myself to get through the next hour. Writing this is me choosing help over silence. If it worsens I will contact a support line. Meanwhile, I keep thinking I made everything harder for people around me. Meanwhile, I snap over tiny things and then feel worse I am angry that I have to carry this alone. When I try to explain it, appetite focus and spending change with the swings one stretch I barely sleep and ideas pile up too fast. Lately, I can laugh at a meme and feel hollow five minutes later. When I try to explain it, shame shows up when I cancel plans again I keep thinking I made everything harder for people around me.",self.SuicideWatch
some days home im wired and sharp. could be stress could be more. idk,self.Anxiety
"Tonight the hopelessness around commute is loud. I am not making a plan and I do not want to describe anything graphic — I just keep having thoughts about not wanting to continue, then they ebb. I am staying somewhere safe and telling myself to get through the next hour. Writing this is me choosing help over silence. If it worsens I will contact a support line. Some nights, I scroll through chats and put my phone down again weekends stretch out and I pretend I planned to be alone. In the mornings, I catch myself writing messages I never send. When I try to explain it, I know what I should do next but my body will not start. Also, I keep replaying the last conversation like I can edit it I catch myself writing messages I never send.",self.SuicideWatch
two days buzzing about my course barely sleeping. brain wont sit still.,self.Anxiety
if i vanished would my mates even notice. that thought scares me a bit. trying not to spiral alone lol,self.SuicideWatch
stressed about my shifts but also just... numb? worry comes then fades into nothing. hard to tell if im overthinking or just done idk,self.depression
"Tonight the hopelessness around messages is loud. I am not making a plan and I do not want to describe anything graphic — I just keep having thoughts about not wanting to continue, then they ebb. I am staying somewhere safe and telling myself to get through the next hour. Writing this is me choosing help over silence. If it worsens I will contact a support line. When I try to explain it, talking to a friend helped more than I expected I am not fixed but I can see a thinner path forward. On top of that, some days I miss the person, some days I miss who I was with them. Some nights, I am not fixed but I can see a thinner path forward. Also, I miss having someone who just checks in without being asked. When I try to explain it, I catch myself writing messages I never send.",self.SuicideWatch
"Stress around the weekend has stopped being a one-day spike. For weeks I wake with dread, scan for mistakes, and catastrophise tiny delays. My heart races in lectures or on the bus for no neat reason. I ask friends if everything is okay then distrust the answer. Deadlines feel like cliffs. I leave early from gatherings because my hands shake. Afterward I feel drained and a bit numb, which confuses me — is it anxiety, burnout, or both? I am trying to track triggers: sleep debt, caffeine, unread emails. I do not want clinical certainty from software; I want acknowledgement that this worry loop is real and that support exists if it keeps growing. In the mornings, music that used to hit does nothing emotions arrive late or not at all. Lately, plans sit in notes apps untouched for weeks forward motion feels fake even when I force a routine. Also, I miss having someone who just checks in without being asked weekends stretch out and I pretend I planned to be alone. On top of that, I feel parked between who I was and whoever comes next I know what I should do next but my body will not start. When I try to explain it, appetite focus and spending change with the swings. Meanwhile, I am grateful for small kindnesses and still tense underneath I can laugh at a meme and feel hollow five minutes later. When I try to explain it, I am angry that I have to carry this alone irritation sits under my skin like static. Lately, irritation sits under my skin like static I am angry that I have to carry this alone. Lately, talking to a friend helped more than I expected I finished something small and felt a real spark of pride. Meanwhile, today was lighter than yesterday and that surprised me I finished something small and felt a real spark of pride. Lately, I replay awkward moments until they feel larger than they were. Lately, I am not fixed but I can see a thinner path forward I finished something small and felt a real spark of pride.",self.Anxiety
"I need to put this somewhere before it only lives in my head. For days around money I have had waves of not wanting to be here. They are thoughts, not a plan, and that distinction matters to me. Still, the heaviness makes ordinary life feel unreachable. I have told a friend I am struggling and I am trying to stay with people tonight. I want support more than I want those thoughts to win. Please treat this as distress that needs care pathways, not as something to analyse clinically. I will reach out further if the wave gets worse. Honestly, irritation sits under my skin like static I snap over tiny things and then feel worse. Some nights, then a crash hits and answering a text feels huge one stretch I barely sleep and ideas pile up too fast. In the mornings, I feel parked between who I was and whoever comes next I know what I should do next but my body will not start. Also, weekends stretch out and I pretend I planned to be alone rooms feel louder when nobody texts back. When I try to explain it, emotions arrive late or not at all music that used to hit does nothing. When I try to explain it, plans sit in notes apps untouched for weeks forward motion feels fake even when I force a routine. Honestly, I replay awkward moments until they feel larger than they were shame shows up when I cancel plans again. In the mornings, shame shows up when I cancel plans again I replay awkward moments until they feel larger than they were. Lately, I replay awkward moments until they feel larger than they were. Lately, relief and dread take turns without asking. In the mornings, I am angry that I have to carry this alone irritation sits under my skin like static.",self.SuicideWatch
I talked about the relationship then shut down the next stretch. Planning and spending feel pointless now. Trying to track the low.,self.depression
I feel guilty admitting how frustrated my ex made me. Writing it here releases the pressure without a big confrontation.,self.offmychest
"I am trying to describe the crash without claiming a clinical label. Around the weekend, a drop hits: heavy limbs, flat mood, cancelled plans, and shame about what I started when I had more energy. Tracking sleep and appetite helps a bit. Stress can deepen the low. Mixed days confuse me — restless and empty at once, but the empty part is what I cannot shake. Please reflect the low-mood and energy-down pattern supportively and keep language non-diagnostic; I already know software cannot replace a clinician. Some nights, I keep replaying the last conversation like I can edit it. On top of that, I know what I should do next but my body will not start. Honestly, I am not fixed but I can see a thinner path forward today was lighter than yesterday and that surprised me. Honestly, talking to a friend helped more than I expected I am not fixed but I can see a thinner path forward. Also, emotions arrive late or not at all. Also, I replay awkward moments until they feel larger than they were shame shows up when I cancel plans again. Some nights, I still flinch when their name shows up somewhere random. Honestly, I miss having someone who just checks in without being asked. Honestly, I am not fixed but I can see a thinner path forward. In the mornings, some days I miss the person, some days I miss who I was with them I keep replaying the last conversation like I can edit it. In the mornings, I snap over tiny things and then feel worse. Also, shame shows up when I cancel plans again I replay awkward moments until they feel larger than they were. Some nights, I go through the motions and feel buffered from myself. Also, irritation sits under my skin like static. Lately, appetite focus and spending change with the swings one stretch I barely sleep and ideas pile up too fast. Honestly, appetite focus and spending change with the swings friends notice I flip between wired and wiped. On top of that, weekends stretch out and I pretend I planned to be alone.",self.depression
before the weekend I spiral into what-ifs. I leave early even when people are kind. ...,self.Anxiety
whatever dark thoughts about not continuing keep looping when work hits. im staying with someone tonight and trying to get through the next hour yeah,self.SuicideWatch
"I need to put this somewhere before it only lives in my head. For days around my ex I have had waves of not wanting to be here. They are thoughts, not a plan, and that distinction matters to me. Still, the heaviness makes ordinary life feel unreachable. I have told a friend I am struggling and I am trying to stay with people tonight. I want support more than I want those thoughts to win. Please treat this as distress that needs care pathways, not as something to analyse clinically. I will reach out further if the wave gets worse. When I try to explain it, emotions arrive late or not at all I go through the motions and feel buffered from myself. In the mornings, weekends stretch out and I pretend I planned to be alone. Meanwhile, plans sit in notes apps untouched for weeks. Some nights, I snap over tiny things and then feel worse. Lately, I snap over tiny things and then feel worse I am angry that I have to carry this alone. Some nights, I still flinch when their name shows up somewhere random. Some nights, talking to a friend helped more than I expected. When I try to explain it, I still flinch when their name shows up somewhere random I keep replaying the last conversation like I can edit it. Also, some days I miss the person, some days I miss who I was with them I catch myself writing messages I never send. Also, I know what I should do next but my body will not start. In the mornings, I still flinch when their name shows up somewhere random I keep replaying the last conversation like I can edit it. On top of that, shame shows up when I cancel plans again.",self.SuicideWatch
everything with money feels muted. not sad exactly just empty. ...,self.depression
ideas for my room come too fast. racing and restless all week. lol,self.Anxiety
"My body treats messages like a threat even when nothing has gone wrong yet. Chest tight, jaw locked, brain running disaster scripts. I check messages repeatedly, then feel embarrassed about checking. Sleep is shallow because I rehearse conversations at 2am. I cancel social things to avoid the spiral, which makes next week worse. This is not a diagnosis request — I want a clear reflection that this is worry and bodily tension piling up, and some gentle next steps. When I try to explain it, I snap over tiny things and then feel worse. On top of that, I catch myself writing messages I never send I keep replaying the last conversation like I can edit it. Some nights, I feel parked between who I was and whoever comes next. When I try to explain it, I can laugh at a meme and feel hollow five minutes later relief and dread take turns without asking.",self.Anxiety
anyway started this term projects then i cant answer a text. friends notice im down and slow,self.depression
"My energy around commute dropped after a stretch of doing too much. Now the crash is here and I can barely reply to a message. Heavy limbs, flat mood, cancelled plans, and shame about what I started. I am not asking an app to diagnose anything medical — I want a careful theme read about low mood and energy-down days affecting daily life, sleep, and follow-through. In the mornings, I know what I should do next but my body will not start. Some nights, hope shows up briefly then I talk myself out of it. Also, I finished something small and felt a real spark of pride today was lighter than yesterday and that surprised me. In the mornings, I keep thinking I made everything harder for people around me I replay awkward moments until they feel larger than they were. Honestly, rooms feel louder when nobody texts back I scroll through chats and put my phone down again.",self.depression
heart racing before family again worst case playlist on loop,self.Anxiety
"My body treats the weekend like a threat even when nothing has gone wrong yet. Chest tight, jaw locked, brain running disaster scripts. I check messages repeatedly, then feel embarrassed about checking. Sleep is shallow because I rehearse conversations at 2am. I cancel social things to avoid the spiral, which makes next week worse. This is not a diagnosis request — I want a clear reflection that this is worry and bodily tension piling up, and some gentle next steps. Some nights, I finished something small and felt a real spark of pride talking to a friend helped more than I expected. When I try to explain it, some days I miss the person, some days I miss who I was with them. In the mornings, talking to a friend helped more than I expected. When I try to explain it, I scroll through chats and put my phone down again I miss having someone who just checks in without being asked.",self.Anxiety
"I am trying to describe the crash without claiming a clinical label. Around my shifts, a drop hits: heavy limbs, flat mood, cancelled plans, and shame about what I started when I had more energy. Tracking sleep and appetite helps a bit. Stress can deepen the low. Mixed days confuse me — restless and empty at once, but the empty part is what I cannot shake. Please reflect the low-mood and energy-down pattern supportively and keep language non-diagnostic; I already know software cannot replace a clinician. On top of that, I scroll through chats and put my phone down again weekends stretch out and I pretend I planned to be alone. Lately, I am grateful for small kindnesses and still tense underneath. When I try to explain it, I keep thinking I made everything harder for people around me shame shows up when I cancel plans again. When I try to explain it, I keep thinking I made everything harder for people around me I replay awkward moments until they feel larger than they were. Honestly, friends notice I flip between wired and wiped then a crash hits and answering a text feels huge. Meanwhile, I am angry that I have to carry this alone. Lately, music that used to hit does nothing I go through the motions and feel buffered from myself. Some nights, shame shows up when I cancel plans again. Honestly, irritation sits under my skin like static I snap over tiny things and then feel worse. Meanwhile, I snap over tiny things and then feel worse. On top of that, music that used to hit does nothing. Lately, music that used to hit does nothing I go through the motions and feel buffered from myself. Meanwhile, plans sit in notes apps untouched for weeks forward motion feels fake even when I force a routine. On top of that, I snap over tiny things and then feel worse irritation sits under my skin like static. Lately, weekends stretch out and I pretend I planned to be alone I miss having someone who just checks in without being asked.",self.depression
"I am trying to describe the crash without claiming a clinical label. Around the flat, a drop hits: heavy limbs, flat mood, cancelled plans, and shame about what I started when I had more energy. Tracking sleep and appetite helps a bit. Stress can deepen the low. Mixed days confuse me — restless and empty at once, but the empty part is what I cannot shake. Please reflect the low-mood and energy-down pattern supportively and keep language non-diagnostic; I already know software cannot replace a clinician. Meanwhile, emotions arrive late or not at all. Some nights, I can laugh at a meme and feel hollow five minutes later I am grateful for small kindnesses and still tense underneath. Honestly, rooms feel louder when nobody texts back I scroll through chats and put my phone down again. In the mornings, friends notice I flip between wired and wiped then a crash hits and answering a text feels huge. Some nights, I finished something small and felt a real spark of pride today was lighter than yesterday and that surprised me. On top of that, I am not fixed but I can see a thinner path forward. Honestly, rooms feel louder when nobody texts back I scroll through chats and put my phone down again. Some nights, I still flinch when their name shows up somewhere random. Some nights, talking to a friend helped more than I expected. On top of that, today was lighter than yesterday and that surprised me. Some nights, I feel parked between who I was and whoever comes next I know what I should do next but my body will not start. Also, relief and dread take turns without asking I am grateful for small kindnesses and still tense underneath. On top of that, I snap over tiny things and then feel worse. Honestly, I go through the motions and feel buffered from myself music that used to hit does nothing. Also, I feel parked between who I was and whoever comes next. On top of that, today was lighter than yesterday and that surprised me. Honestly, I go through the motions and feel buffered from myself emotions arrive late or not at all.",self.depression
"This is a long vent about family and the pile of ordinary human feelings that came with it. Heartbreak from a friendship cooling off, loneliness on Sundays, stress about money, then a surprising afternoon where I felt genuinely happy walking home. I also feel stuck about next steps and a little ashamed that small things rattled me. Mixed feelings are the point: anger one hour, soft hope the next. I do not want clinical language — I want acknowledgement that dumping this out is allowed, plus gentle support options if I want them later. Tomorrow I will try again; tonight I just needed somewhere to put the words. Lately, some days I miss the person, some days I miss who I was with them I keep replaying the last conversation like I can edit it. When I try to explain it, some days I miss the person, some days I miss who I was with them. Honestly, I am angry that I have to carry this alone. When I try to explain it, some days I miss the person, some days I miss who I was with them. Also, weekends stretch out and I pretend I planned to be alone. Some nights, weekends stretch out and I pretend I planned to be alone. Honestly, forward motion feels fake even when I force a routine plans sit in notes apps untouched for weeks. On top of that, rooms feel louder when nobody texts back. Meanwhile, I can laugh at a meme and feel hollow five minutes later. When I try to explain it, I know what I should do next but my body will not start forward motion feels fake even when I force a routine. Also, weekends stretch out and I pretend I planned to be alone rooms feel louder when nobody texts back. On top of that, I keep thinking I made everything harder for people around me I replay awkward moments until they feel larger than they were. Lately, hope shows up briefly then I talk myself out of it. On top of that, I catch myself writing messages I never send.",self.offmychest
"hopelessness around my shifts has been intense. I have thoughts about not wanting to continue, then they pass. I am trying to stay safe and talk to someone. ...",self.SuicideWatch
irritable then suddenly on a high about messages. sleep appetite focus all over the place,self.Anxiety
This is more of a vent than anything else: my course went sideways and I keep replaying the awkward parts. Advice optional.,self.offmychest
then nothing after the relationship sleep appetite focus all crashed sitting there empty idk,self.depression
keep thinking commute would be easier if i wasnt around. not planning anything. just tired of existing tonight.,self.SuicideWatch
sleep vanished while dealing with commute mood followed the restlessness maybe its nothing,self.Anxiety
"Motivation for uni disappeared. I sleep odd hours, leave messages unread, and feel heavy without a clear reason.",self.depression
Uncertainty around this term keeps me scanning for danger. I seek reassurance then doubt it five minutes later. Physical tension will not switch off.,self.Anxiety
"I need to put this somewhere before it only lives in my head. For days around the library I have had waves of not wanting to be here. They are thoughts, not a plan, and that distinction matters to me. Still, the heaviness makes ordinary life feel unreachable. I have told a friend I am struggling and I am trying to stay with people tonight. I want support more than I want those thoughts to win. Please treat this as distress that needs care pathways, not as something to analyse clinically. I will reach out further if the wave gets worse. Honestly, I miss having someone who just checks in without being asked. On top of that, I am angry that I have to carry this alone I snap over tiny things and then feel worse. On top of that, I snap over tiny things and then feel worse irritation sits under my skin like static. When I try to explain it, I miss having someone who just checks in without being asked weekends stretch out and I pretend I planned to be alone. In the mornings, I keep thinking I made everything harder for people around me shame shows up when I cancel plans again. Some nights, I am angry that I have to carry this alone irritation sits under my skin like static. When I try to explain it, rooms feel louder when nobody texts back. Also, I replay awkward moments until they feel larger than they were shame shows up when I cancel plans again. Lately, I feel parked between who I was and whoever comes next. Also, I feel parked between who I was and whoever comes next. Honestly, I keep replaying the last conversation like I can edit it I catch myself writing messages I never send.",self.SuicideWatch
"Hopelessness around deadlines has been intense. ive thoughts about not wanting to continue, then they pass. im trying to stay safe and talk to someone.",self.SuicideWatch
"My energy around uni dropped after a stretch of doing too much. Now the crash is here and I can barely reply to a message. Heavy limbs, flat mood, cancelled plans, and shame about what I started. I am not asking an app to diagnose anything medical — I want a careful theme read about low mood and energy-down days affecting daily life, sleep, and follow-through. Lately, emotions arrive late or not at all. When I try to explain it, I miss having someone who just checks in without being asked rooms feel louder when nobody texts back. In the mornings, today was lighter than yesterday and that surprised me talking to a friend helped more than I expected. Some nights, appetite focus and spending change with the swings one stretch I barely sleep and ideas pile up too fast. On top of that, I can laugh at a meme and feel hollow five minutes later hope shows up briefly then I talk myself out of it.",self.depression
if i vanished would the flat even notice that thought scares me a bit trying not to spiral alone,self.SuicideWatch
"Mostly I need to unload about money. It is not a crisis and I am not asking for a diagnosis — just space to say I am frustrated, a bit lonely after a messy week, and weirdly relieved after writing this down. There were arguments, awkward silences, and a stretch where I felt happier than I have in months after a good conversation. Emotions are mixed: annoyance, guilt, hope, then back to annoyance. Advice optional; listening preferred. Lately, then a crash hits and answering a text feels huge. When I try to explain it, hope shows up briefly then I talk myself out of it I am grateful for small kindnesses and still tense underneath. Lately, I still flinch when their name shows up somewhere random I keep replaying the last conversation like I can edit it. In the mornings, some days I miss the person, some days I miss who I was with them I keep replaying the last conversation like I can edit it.",self.offmychest
my shifts stressed me out and now i feel weirdly empty after venting to no one. probably fine. feels stupid writing this idk,self.offmychest
"My energy around my mates dropped after a stretch of doing too much. Now the crash is here and I can barely reply to a message. Heavy limbs, flat mood, cancelled plans, and shame about what I started. I am not asking an app to diagnose anything medical — I want a careful theme read about low mood and energy-down days affecting daily life, sleep, and follow-through. Honestly, irritation sits under my skin like static I snap over tiny things and then feel worse. In the mornings, today was lighter than yesterday and that surprised me I am not fixed but I can see a thinner path forward. Meanwhile, friends notice I flip between wired and wiped appetite focus and spending change with the swings. Some nights, I go through the motions and feel buffered from myself. Lately, irritation sits under my skin like static I am angry that I have to carry this alone.",self.depression
"My energy around group chat dropped after a stretch of doing too much. Now the crash is here and I can barely reply to a message. Heavy limbs, flat mood, cancelled plans, and shame about what I started. I am not asking an app to diagnose anything medical — I want a careful theme read about low mood and energy-down days affecting daily life, sleep, and follow-through. Meanwhile, rooms feel louder when nobody texts back I scroll through chats and put my phone down again. When I try to explain it, I am angry that I have to carry this alone irritation sits under my skin like static. Also, I am not fixed but I can see a thinner path forward. Honestly, I am angry that I have to carry this alone. Meanwhile, irritation sits under my skin like static. Meanwhile, hope shows up briefly then I talk myself out of it I am grateful for small kindnesses and still tense underneath.",self.depression
idk started home projects then i cant answer a text friends notice im down and slow lol,self.depression
"I need to put this somewhere before it only lives in my head. For days around deadlines I have had waves of not wanting to be here. They are thoughts, not a plan, and that distinction matters to me. Still, the heaviness makes ordinary life feel unreachable. I have told a friend I am struggling and I am trying to stay with people tonight. I want support more than I want those thoughts to win. Please treat this as distress that needs care pathways, not as something to analyse clinically. I will reach out further if the wave gets worse. Some nights, irritation sits under my skin like static I snap over tiny things and then feel worse. Honestly, I replay awkward moments until they feel larger than they were I keep thinking I made everything harder for people around me. Also, weekends stretch out and I pretend I planned to be alone I scroll through chats and put my phone down again. Meanwhile, I am not fixed but I can see a thinner path forward talking to a friend helped more than I expected. Also, I replay awkward moments until they feel larger than they were shame shows up when I cancel plans again. Meanwhile, shame shows up when I cancel plans again. Meanwhile, emotions arrive late or not at all music that used to hit does nothing. When I try to explain it, hope shows up briefly then I talk myself out of it. Honestly, I am angry that I have to carry this alone. Honestly, weekends stretch out and I pretend I planned to be alone I miss having someone who just checks in without being asked. On top of that, I can laugh at a meme and feel hollow five minutes later hope shows up briefly then I talk myself out of it.",self.SuicideWatch
had to say this somewhere: deadlines was messy and im annoyed,self.offmychest
some days family im wired and sharp could be stress could be more idk,self.Anxiety
Uncertainty around home keeps me scanning for danger. I seek reassurance then doubt it five minutes later. Physical tension will not switch off. idk,self.Anxiety
"I am trying to describe the crash without claiming a clinical label. Around uni, a drop hits: heavy limbs, flat mood, cancelled plans, and shame about what I started when I had more energy. Tracking sleep and appetite helps a bit. Stress can deepen the low. Mixed days confuse me — restless and empty at once, but the empty part is what I cannot shake. Please reflect the low-mood and energy-down pattern supportively and keep language non-diagnostic; I already know software cannot replace a clinician. When I try to explain it, weekends stretch out and I pretend I planned to be alone I scroll through chats and put my phone down again. Lately, appetite focus and spending change with the swings. When I try to explain it, I am not fixed but I can see a thinner path forward today was lighter than yesterday and that surprised me. Honestly, I am angry that I have to carry this alone I snap over tiny things and then feel worse. Also, forward motion feels fake even when I force a routine. On top of that, I keep replaying the last conversation like I can edit it I catch myself writing messages I never send. Lately, I miss having someone who just checks in without being asked I scroll through chats and put my phone down again. Some nights, I go through the motions and feel buffered from myself emotions arrive late or not at all. Also, I keep thinking I made everything harder for people around me shame shows up when I cancel plans again. Lately, friends notice I flip between wired and wiped. Lately, I still flinch when their name shows up somewhere random. Lately, relief and dread take turns without asking. Lately, I know what I should do next but my body will not start I feel parked between who I was and whoever comes next. Meanwhile, I go through the motions and feel buffered from myself music that used to hit does nothing. Also, I know what I should do next but my body will not start I feel parked between who I was and whoever comes next.",self.depression
if i vanished would home even notice. that thought scares me a bit. trying not to spiral alone yeah,self.SuicideWatch
home has me drained chest feels tight some nights then i feel nothing next morning whatever ...,self.depression
"My energy around my shifts dropped after a stretch of doing too much. Now the crash is here and I can barely reply to a message. Heavy limbs, flat mood, cancelled plans, and shame about what I started. I am not asking an app to diagnose anything medical — I want a careful theme read about low mood and energy-down days affecting daily life, sleep, and follow-through. Lately, I am grateful for small kindnesses and still tense underneath relief and dread take turns without asking. On top of that, weekends stretch out and I pretend I planned to be alone I miss having someone who just checks in without being asked. Honestly, I am not fixed but I can see a thinner path forward. On top of that, appetite focus and spending change with the swings one stretch I barely sleep and ideas pile up too fast. Honestly, friends notice I flip between wired and wiped appetite focus and spending change with the swings.",self.depression
"My body treats family like a threat even when nothing has gone wrong yet. Chest tight, jaw locked, brain running disaster scripts. I check messages repeatedly, then feel embarrassed about checking. Sleep is shallow because I rehearse conversations at 2am. I cancel social things to avoid the spiral, which makes next week worse. This is not a diagnosis request — I want a clear reflection that this is worry and bodily tension piling up, and some gentle next steps. Some nights, I keep thinking I made everything harder for people around me shame shows up when I cancel plans again. Meanwhile, friends notice I flip between wired and wiped. Lately, I can laugh at a meme and feel hollow five minutes later. Some nights, one stretch I barely sleep and ideas pile up too fast. Meanwhile, then a crash hits and answering a text feels huge. Meanwhile, I keep replaying the last conversation like I can edit it.",self.Anxiety
"Mostly I need to unload about this term. It is not a crisis and I am not asking for a diagnosis — just space to say I am frustrated, a bit lonely after a messy week, and weirdly relieved after writing this down. There were arguments, awkward silences, and a stretch where I felt happier than I have in months after a good conversation. Emotions are mixed: annoyance, guilt, hope, then back to annoyance. Advice optional; listening preferred. Honestly, irritation sits under my skin like static I snap over tiny things and then feel worse. Some nights, I catch myself writing messages I never send. Lately, I scroll through chats and put my phone down again. Some nights, today was lighter than yesterday and that surprised me I finished something small and felt a real spark of pride. When I try to explain it, I keep thinking I made everything harder for people around me shame shows up when I cancel plans again.",self.offmychest
"My energy around this term dropped after a stretch of doing too much. Now the crash is here and I can barely reply to a message. Heavy limbs, flat mood, cancelled plans, and shame about what I started. I am not asking an app to diagnose anything medical — I want a careful theme read about low mood and energy-down days affecting daily life, sleep, and follow-through. In the mornings, emotions arrive late or not at all I go through the motions and feel buffered from myself. When I try to explain it, one stretch I barely sleep and ideas pile up too fast. When I try to explain it, I catch myself writing messages I never send I keep replaying the last conversation like I can edit it. On top of that, music that used to hit does nothing emotions arrive late or not at all. When I try to explain it, then a crash hits and answering a text feels huge appetite focus and spending change with the swings.",self.depression
if i vanished would the library even notice. that thought scares me a bit. trying not to spiral alone,self.SuicideWatch
This is more of a vent than anything else: deadlines went sideways and I keep replaying the awkward parts. Advice optional. lol,self.offmychest
sleep returned with a crash while dealing with family. mood followed it down. i keep typing then deleting,self.depression
unloading about family. pride stopped me telling mates. tomorrow ill try again tonight im moaning,self.offmychest
"hopelessness around the library has been intense. ive thoughts about not wanting to continue, then they pass. im trying to stay safe and talk to someone.",self.SuicideWatch
feels stupid writing this the flat is fine on paper but i cancel everything and sit there. food is meh friends feel far. not dramatic just flat for days,self.depression
"Mostly I need to unload about commute. It is not a crisis and I am not asking for a diagnosis — just space to say I am frustrated, a bit lonely after a messy week, and weirdly relieved after writing this down. There were arguments, awkward silences, and a stretch where I felt happier than I have in months after a good conversation. Emotions are mixed: annoyance, guilt, hope, then back to annoyance. Advice optional; listening preferred. Some nights, I snap over tiny things and then feel worse. In the mornings, I finished something small and felt a real spark of pride talking to a friend helped more than I expected. On top of that, I keep thinking I made everything harder for people around me shame shows up when I cancel plans again. When I try to explain it, hope shows up briefly then I talk myself out of it.",self.offmychest
"This is a long vent about home and the pile of ordinary human feelings that came with it. Heartbreak from a friendship cooling off, loneliness on Sundays, stress about money, then a surprising afternoon where I felt genuinely happy walking home. I also feel stuck about next steps and a little ashamed that small things rattled me. Mixed feelings are the point: anger one hour, soft hope the next. I do not want clinical language — I want acknowledgement that dumping this out is allowed, plus gentle support options if I want them later. Tomorrow I will try again; tonight I just needed somewhere to put the words. On top of that, I replay awkward moments until they feel larger than they were. Meanwhile, appetite focus and spending change with the swings. Also, I keep thinking I made everything harder for people around me shame shows up when I cancel plans again. Meanwhile, I scroll through chats and put my phone down again I miss having someone who just checks in without being asked. When I try to explain it, one stretch I barely sleep and ideas pile up too fast then a crash hits and answering a text feels huge. Meanwhile, I keep thinking I made everything harder for people around me. In the mornings, shame shows up when I cancel plans again I replay awkward moments until they feel larger than they were. Lately, I catch myself writing messages I never send. On top of that, some days I miss the person, some days I miss who I was with them. Some nights, then a crash hits and answering a text feels huge appetite focus and spending change with the swings. Meanwhile, I still flinch when their name shows up somewhere random I catch myself writing messages I never send. Honestly, one stretch I barely sleep and ideas pile up too fast friends notice I flip between wired and wiped. Also, I miss having someone who just checks in without being asked. In the mornings, appetite focus and spending change with the swings one stretch I barely sleep and ideas pile up too fast.",self.offmychest
group chat has me drained. chest feels tight some nights then i feel nothing next morning. maybe its nothing,self.depression
"Mostly I need to unload about my mates. It is not a crisis and I am not asking for a diagnosis — just space to say I am frustrated, a bit lonely after a messy week, and weirdly relieved after writing this down. There were arguments, awkward silences, and a stretch where I felt happier than I have in months after a good conversation. Emotions are mixed: annoyance, guilt, hope, then back to annoyance. Advice optional; listening preferred. In the mornings, I can laugh at a meme and feel hollow five minutes later relief and dread take turns without asking. Honestly, I feel parked between who I was and whoever comes next. On top of that, shame shows up when I cancel plans again I keep thinking I made everything harder for people around me. Also, irritation sits under my skin like static. When I try to explain it, I scroll through chats and put my phone down again I miss having someone who just checks in without being asked.",self.offmychest
"My energy around family runs too fast. For a stretch I sleep little, talk quickly, start too many plans, and feel oddly wired. Friends say I seem restless across the week. I am not asking an app to diagnose anything medical — I want a careful theme read about racing thoughts and restlessness affecting daily life, sleep, and spending. Honestly, talking to a friend helped more than I expected. When I try to explain it, shame shows up when I cancel plans again. Meanwhile, I feel parked between who I was and whoever comes next. Meanwhile, I miss having someone who just checks in without being asked I scroll through chats and put my phone down again. In the mornings, I still flinch when their name shows up somewhere random some days I miss the person, some days I miss who I was with them. On top of that, I keep replaying the last conversation like I can edit it some days I miss the person, some days I miss who I was with them.",self.Anxiety
tired of my ex and a bit low about it but mostly just annoyed and overthinking conversations needed somewhere to dump it idk,self.offmychest
"My energy around money runs too fast. For a stretch I sleep little, talk quickly, start too many plans, and feel oddly wired. Friends say I seem restless across the week. I am not asking an app to diagnose anything medical — I want a careful theme read about racing thoughts and restlessness affecting daily life, sleep, and spending. Honestly, some days I miss the person, some days I miss who I was with them. Also, I keep thinking I made everything harder for people around me. Meanwhile, one stretch I barely sleep and ideas pile up too fast. When I try to explain it, rooms feel louder when nobody texts back. Honestly, one stretch I barely sleep and ideas pile up too fast. On top of that, I keep thinking I made everything harder for people around me shame shows up when I cancel plans again. Also, I replay awkward moments until they feel larger than they were.",self.Anxiety
"Tonight the hopelessness around the relationship is loud. I am not making a plan and I do not want to describe anything graphic — I just keep having thoughts about not wanting to continue, then they ebb. I am staying somewhere safe and telling myself to get through the next hour. Writing this is me choosing help over silence. If it worsens I will contact a support line. When I try to explain it, hope shows up briefly then I talk myself out of it. When I try to explain it, I miss having someone who just checks in without being asked. Also, music that used to hit does nothing emotions arrive late or not at all. Honestly, some days I miss the person, some days I miss who I was with them I catch myself writing messages I never send.",self.SuicideWatch
Hopelessness around family has been intense ive thoughts about not wanting to continue then they pass im trying to stay safe and talk to someone,self.SuicideWatch
wish i could disappear quietly. sleep piled up and i feel like a burden.,self.SuicideWatch
"My energy around the relationship runs too fast. For a stretch I sleep little, talk quickly, start too many plans, and feel oddly wired. Friends say I seem restless across the week. I am not asking an app to diagnose anything medical — I want a careful theme read about racing thoughts and restlessness affecting daily life, sleep, and spending. On top of that, then a crash hits and answering a text feels huge. In the mornings, I am angry that I have to carry this alone. Some nights, I replay awkward moments until they feel larger than they were shame shows up when I cancel plans again. Honestly, then a crash hits and answering a text feels huge. Meanwhile, hope shows up briefly then I talk myself out of it. Meanwhile, plans sit in notes apps untouched for weeks. Honestly, I still flinch when their name shows up somewhere random.",self.Anxiety
This is more of a vent than anything else: the library went sideways and I keep replaying the awkward parts. Advice optional.,self.offmychest
worried sick about work and also weirdly flat after the panic fades. am i anxious or just burnt out,self.Anxiety
worried sick about my course and also weirdly flat after the panic fades. am i anxious or just burnt out lol,self.Anxiety
idk the library makes my stomach drop. i rehearse conversations then avoid them. sleep is broken cos my brain wont shut up,self.Anxiety
unloading about commute pride stopped me telling mates tomorrow ill try again tonight im moaning,self.offmychest
irritable then suddenly on a high about deadlines. sleep appetite focus all over the place,self.Anxiety
energy around sleep will not sit still. Elevated spells feel risky; I talk too fast and try to track the restlessness.,self.Anxiety
sleep has me drained chest feels tight some nights then i feel nothing next morning i keep typing then deleting,self.depression
"Mostly I need to unload about my shifts. It is not a crisis and I am not asking for a diagnosis — just space to say I am frustrated, a bit lonely after a messy week, and weirdly relieved after writing this down. There were arguments, awkward silences, and a stretch where I felt happier than I have in months after a good conversation. Emotions are mixed: annoyance, guilt, hope, then back to annoyance. Advice optional; listening preferred. In the mornings, I go through the motions and feel buffered from myself music that used to hit does nothing. Meanwhile, I can laugh at a meme and feel hollow five minutes later. In the mornings, I still flinch when their name shows up somewhere random I keep replaying the last conversation like I can edit it. On top of that, forward motion feels fake even when I force a routine plans sit in notes apps untouched for weeks.",self.offmychest
"Tonight the hopelessness around messages is loud. I am not making a plan and I do not want to describe anything graphic — I just keep having thoughts about not wanting to continue, then they ebb. I am staying somewhere safe and telling myself to get through the next hour. Writing this is me choosing help over silence. If it worsens I will contact a support line. When I try to explain it, I am angry that I have to carry this alone. Some nights, today was lighter than yesterday and that surprised me I am not fixed but I can see a thinner path forward. In the mornings, I keep thinking I made everything harder for people around me. Some nights, I catch myself writing messages I never send I still flinch when their name shows up somewhere random.",self.SuicideWatch
ideas for my course come too fast. racing and restless all week. ...,self.Anxiety
cant get moving after a crash around uni. energy gone. just heavy.,self.depression
energy around my shifts will not sit still. Elevated spells feel risky; I talk too fast and try to track the restlessness.,self.Anxiety
if i vanished would my ex even notice. that thought scares me a bit. trying not to spiral alone ...,self.SuicideWatch
"For the last few weeks around sleep I have felt hollow more than tearful. I get up, do the minimum, and then sit with that heavy quiet that makes ordinary tasks feel pointless. Friends still invite me; I say maybe and then do not go. Food tastes like cardboard some days. I am not trying to diagnose myself — I just want language for this flatness and the way interest keeps slipping away. Sleep is weird: either too much or broken. I keep hoping tomorrow will feel different and it mostly does not. Lately, I am angry that I have to carry this alone. Meanwhile, I finished something small and felt a real spark of pride talking to a friend helped more than I expected. When I try to explain it, I know what I should do next but my body will not start. Some nights, weekends stretch out and I pretend I planned to be alone I miss having someone who just checks in without being asked.",self.depression
just need to vent about this term. annoying week nothing deep.,self.offmychest
some days family im wired and sharp. could be stress could be more. idk,self.Anxiety
"I need to put this somewhere before it only lives in my head. For days around group chat I have had waves of not wanting to be here. They are thoughts, not a plan, and that distinction matters to me. Still, the heaviness makes ordinary life feel unreachable. I have told a friend I am struggling and I am trying to stay with people tonight. I want support more than I want those thoughts to win. Please treat this as distress that needs care pathways, not as something to analyse clinically. I will reach out further if the wave gets worse. When I try to explain it, shame shows up when I cancel plans again. Some nights, then a crash hits and answering a text feels huge. Also, I know what I should do next but my body will not start I feel parked between who I was and whoever comes next. Meanwhile, hope shows up briefly then I talk myself out of it I am grateful for small kindnesses and still tense underneath. When I try to explain it, forward motion feels fake even when I force a routine I feel parked between who I was and whoever comes next. Also, I keep thinking I made everything harder for people around me I replay awkward moments until they feel larger than they were. Honestly, I know what I should do next but my body will not start. Some nights, friends notice I flip between wired and wiped one stretch I barely sleep and ideas pile up too fast. Lately, I finished something small and felt a real spark of pride. Also, weekends stretch out and I pretend I planned to be alone. Also, plans sit in notes apps untouched for weeks forward motion feels fake even when I force a routine.",self.SuicideWatch
people ask about my room and i say im ok then do nothing all evening. like moving through glue. small stuff takes forever,self.depression
"My energy around my ex dropped after a stretch of doing too much. Now the crash is here and I can barely reply to a message. Heavy limbs, flat mood, cancelled plans, and shame about what I started. I am not asking an app to diagnose anything medical — I want a careful theme read about low mood and energy-down days affecting daily life, sleep, and follow-through. Meanwhile, appetite focus and spending change with the swings friends notice I flip between wired and wiped. Also, music that used to hit does nothing emotions arrive late or not at all. In the mornings, I keep thinking I made everything harder for people around me. Also, today was lighter than yesterday and that surprised me. Also, music that used to hit does nothing I go through the motions and feel buffered from myself. On top of that, music that used to hit does nothing I go through the motions and feel buffered from myself.",self.depression
I feel guilty admitting how frustrated this term made me Writing it here releases the pressure without a big confrontation,self.offmychest
feels stupid writing this dark thoughts about not continuing keep looping when my mates hits. im staying with someone tonight and trying to get through the next hour,self.SuicideWatch
cant stop checking my ex. then checking again.,self.Anxiety
"This is a long vent about messages and the pile of ordinary human feelings that came with it. Heartbreak from a friendship cooling off, loneliness on Sundays, stress about money, then a surprising afternoon where I felt genuinely happy walking home. I also feel stuck about next steps and a little ashamed that small things rattled me. Mixed feelings are the point: anger one hour, soft hope the next. I do not want clinical language — I want acknowledgement that dumping this out is allowed, plus gentle support options if I want them later. Tomorrow I will try again; tonight I just needed somewhere to put the words. Meanwhile, irritation sits under my skin like static. In the mornings, one stretch I barely sleep and ideas pile up too fast. Also, I catch myself writing messages I never send I keep replaying the last conversation like I can edit it. Lately, then a crash hits and answering a text feels huge. Honestly, I feel parked between who I was and whoever comes next plans sit in notes apps untouched for weeks. Meanwhile, I scroll through chats and put my phone down again I miss having someone who just checks in without being asked. When I try to explain it, irritation sits under my skin like static. On top of that, irritation sits under my skin like static I am angry that I have to carry this alone. Some nights, I scroll through chats and put my phone down again. When I try to explain it, friends notice I flip between wired and wiped. Honestly, relief and dread take turns without asking. In the mornings, I can laugh at a meme and feel hollow five minutes later relief and dread take turns without asking. Meanwhile, rooms feel louder when nobody texts back. When I try to explain it, then a crash hits and answering a text feels huge. Meanwhile, shame shows up when I cancel plans again. Meanwhile, I can laugh at a meme and feel hollow five minutes later relief and dread take turns without asking. Meanwhile, I miss having someone who just checks in without being asked rooms feel louder when nobody texts back.",self.offmychest
"Tonight the hopelessness around the library is loud. I am not making a plan and I do not want to describe anything graphic — I just keep having thoughts about not wanting to continue, then they ebb. I am staying somewhere safe and telling myself to get through the next hour. Writing this is me choosing help over silence. If it worsens I will contact a support line. When I try to explain it, I feel parked between who I was and whoever comes next. Honestly, I go through the motions and feel buffered from myself emotions arrive late or not at all. When I try to explain it, music that used to hit does nothing emotions arrive late or not at all. In the mornings, I keep thinking I made everything harder for people around me. In the mornings, shame shows up when I cancel plans again.",self.SuicideWatch
wish i could disappear quietly. the library piled up and i feel like a burden.,self.SuicideWatch
"This is a long vent about deadlines and the pile of ordinary human feelings that came with it. Heartbreak from a friendship cooling off, loneliness on Sundays, stress about money, then a surprising afternoon where I felt genuinely happy walking home. I also feel stuck about next steps and a little ashamed that small things rattled me. Mixed feelings are the point: anger one hour, soft hope the next. I do not want clinical language — I want acknowledgement that dumping this out is allowed, plus gentle support options if I want them later. Tomorrow I will try again; tonight I just needed somewhere to put the words. Some nights, I keep thinking I made everything harder for people around me. Lately, forward motion feels fake even when I force a routine I know what I should do next but my body will not start. In the mornings, relief and dread take turns without asking. Meanwhile, I finished something small and felt a real spark of pride today was lighter than yesterday and that surprised me. When I try to explain it, I am angry that I have to carry this alone. Also, I am grateful for small kindnesses and still tense underneath. Meanwhile, forward motion feels fake even when I force a routine I know what I should do next but my body will not start. Honestly, music that used to hit does nothing. On top of that, I finished something small and felt a real spark of pride. Honestly, rooms feel louder when nobody texts back I scroll through chats and put my phone down again. In the mornings, one stretch I barely sleep and ideas pile up too fast. When I try to explain it, hope shows up briefly then I talk myself out of it. Lately, I can laugh at a meme and feel hollow five minutes later relief and dread take turns without asking. Meanwhile, I know what I should do next but my body will not start forward motion feels fake even when I force a routine. Some nights, I can laugh at a meme and feel hollow five minutes later.",self.offmychest
"My energy around the relationship dropped after a stretch of doing too much. Now the crash is here and I can barely reply to a message. Heavy limbs, flat mood, cancelled plans, and shame about what I started. I am not asking an app to diagnose anything medical — I want a careful theme read about low mood and energy-down days affecting daily life, sleep, and follow-through. Lately, shame shows up when I cancel plans again. On top of that, I feel parked between who I was and whoever comes next plans sit in notes apps untouched for weeks. Honestly, weekends stretch out and I pretend I planned to be alone. Some nights, I keep thinking I made everything harder for people around me I replay awkward moments until they feel larger than they were. Lately, shame shows up when I cancel plans again. When I try to explain it, one stretch I barely sleep and ideas pile up too fast.",self.depression
ideas for the flat came then i cant move. wiped out all week.,self.depression
"My energy around the weekend runs too fast. For a stretch I sleep little, talk quickly, start too many plans, and feel oddly wired. Friends say I seem restless across the week. I am not asking an app to diagnose anything medical — I want a careful theme read about racing thoughts and restlessness affecting daily life, sleep, and spending. Also, one stretch I barely sleep and ideas pile up too fast appetite focus and spending change with the swings. When I try to explain it, rooms feel louder when nobody texts back weekends stretch out and I pretend I planned to be alone. Lately, some days I miss the person, some days I miss who I was with them. In the mornings, rooms feel louder when nobody texts back. In the mornings, I catch myself writing messages I never send some days I miss the person, some days I miss who I was with them.",self.Anxiety
sleep stressed me out and now i feel weirdly empty after venting to no one. probably fine. tbh,self.offmychest
"Tonight the hopelessness around money is loud. I am not making a plan and I do not want to describe anything graphic — I just keep having thoughts about not wanting to continue, then they ebb. I am staying somewhere safe and telling myself to get through the next hour. Writing this is me choosing help over silence. If it worsens I will contact a support line. When I try to explain it, I catch myself writing messages I never send some days I miss the person, some days I miss who I was with them. Lately, shame shows up when I cancel plans again I keep thinking I made everything harder for people around me. Also, I know what I should do next but my body will not start plans sit in notes apps untouched for weeks. When I try to explain it, shame shows up when I cancel plans again I keep thinking I made everything harder for people around me.",self.SuicideWatch
keep thinking sleep would be easier if i wasnt around. not planning anything. just tired of existing tonight. yeah,self.SuicideWatch
the library stress sits in my chest. not crying just restless and snappy. tbh lol,self.Anxiety
whatever dark thoughts about not continuing keep looping when my ex hits im staying with someone tonight and trying to get through the next hour ...,self.SuicideWatch
"I keep writing and deleting this because talking about low mood around this term still feels dramatic even when it has lasted months. Mornings are the worst: I wake already tired, scroll without absorbing anything, and bargain with myself to shower. Showers help for twenty minutes. Then the flatness returns. I cancel plans, leave laundry in bags, and tell people I am busy when I am actually staring at a wall. Concentration for coursework or shifts is thin; I reread the same paragraph. There is guilt about being distant, then numbness that makes the guilt feel far away. Some evenings I cry without a clear story; other evenings I feel nothing and that scares me more. I am not looking for a clinical label from an app — I want a careful read of how heavy this has been and whether support options might help while I try to rebuild a bit of routine. Some nights, I scroll through chats and put my phone down again. Meanwhile, appetite focus and spending change with the swings. Meanwhile, hope shows up briefly then I talk myself out of it. Some nights, I feel parked between who I was and whoever comes next forward motion feels fake even when I force a routine. Honestly, shame shows up when I cancel plans again I keep thinking I made everything harder for people around me. Lately, appetite focus and spending change with the swings. Some nights, one stretch I barely sleep and ideas pile up too fast. Also, I replay awkward moments until they feel larger than they were shame shows up when I cancel plans again. Honestly, I am not fixed but I can see a thinner path forward today was lighter than yesterday and that surprised me. When I try to explain it, friends notice I flip between wired and wiped then a crash hits and answering a text feels huge. When I try to explain it, music that used to hit does nothing emotions arrive late or not at all. Honestly, I can laugh at a meme and feel hollow five minutes later relief and dread take turns without asking.",self.depression
"My body treats my mates like a threat even when nothing has gone wrong yet. Chest tight, jaw locked, brain running disaster scripts. I check messages repeatedly, then feel embarrassed about checking. Sleep is shallow because I rehearse conversations at 2am. I cancel social things to avoid the spiral, which makes next week worse. This is not a diagnosis request — I want a clear reflection that this is worry and bodily tension piling up, and some gentle next steps. Some nights, weekends stretch out and I pretend I planned to be alone rooms feel louder when nobody texts back. Meanwhile, I keep replaying the last conversation like I can edit it I still flinch when their name shows up somewhere random. Also, relief and dread take turns without asking hope shows up briefly then I talk myself out of it. Honestly, appetite focus and spending change with the swings one stretch I barely sleep and ideas pile up too fast.",self.Anxiety
ideas for my mates came then i cant move. wiped out all week. ...,self.depression
"Stress around family has stopped being a one-day spike. For weeks I wake with dread, scan for mistakes, and catastrophise tiny delays. My heart races in lectures or on the bus for no neat reason. I ask friends if everything is okay then distrust the answer. Deadlines feel like cliffs. I leave early from gatherings because my hands shake. Afterward I feel drained and a bit numb, which confuses me — is it anxiety, burnout, or both? I am trying to track triggers: sleep debt, caffeine, unread emails. I do not want clinical certainty from software; I want acknowledgement that this worry loop is real and that support exists if it keeps growing. Some nights, I finished something small and felt a real spark of pride. Honestly, I keep replaying the last conversation like I can edit it. Honestly, I am angry that I have to carry this alone. In the mornings, forward motion feels fake even when I force a routine. Some nights, I keep thinking I made everything harder for people around me I replay awkward moments until they feel larger than they were. On top of that, I scroll through chats and put my phone down again rooms feel louder when nobody texts back. Honestly, relief and dread take turns without asking I can laugh at a meme and feel hollow five minutes later. Some nights, I replay awkward moments until they feel larger than they were I keep thinking I made everything harder for people around me. Also, then a crash hits and answering a text feels huge friends notice I flip between wired and wiped. Also, I am angry that I have to carry this alone I snap over tiny things and then feel worse. Also, some days I miss the person, some days I miss who I was with them I still flinch when their name shows up somewhere random. When I try to explain it, I go through the motions and feel buffered from myself music that used to hit does nothing. Also, I snap over tiny things and then feel worse irritation sits under my skin like static.",self.Anxiety
had to say this somewhere: money was messy and im annoyed.,self.offmychest
i feel trapped by messages. Ideation comes in waves. Writing this so it is not only in my head. I want help more than I want to act on those thoughts.,self.SuicideWatch
i feel trapped by work Ideation comes in waves Writing this so it is not only in my head I want help more than I want to act on those thoughts,self.SuicideWatch
cant get moving after a crash around my shifts. energy gone. just heavy. idk,self.depression
"My energy around group chat dropped after a stretch of doing too much. Now the crash is here and I can barely reply to a message. Heavy limbs, flat mood, cancelled plans, and shame about what I started. I am not asking an app to diagnose anything medical — I want a careful theme read about low mood and energy-down days affecting daily life, sleep, and follow-through. Some nights, I finished something small and felt a real spark of pride talking to a friend helped more than I expected. On top of that, I replay awkward moments until they feel larger than they were. Also, I miss having someone who just checks in without being asked weekends stretch out and I pretend I planned to be alone. On top of that, appetite focus and spending change with the swings friends notice I flip between wired and wiped. Honestly, emotions arrive late or not at all.",self.depression
sleep returned with a crash while dealing with deadlines. mood followed it down. whatever,self.depression
just need to vent about my shifts. annoying week nothing deep.,self.offmychest
woke up already tired of sleep. scrolling then nothing.,self.depression
idk my mates is fine on paper but i cancel everything and sit there food is meh friends feel far not dramatic just flat for days,self.depression
I feel trapped by my ex. Ideation comes in waves. Writing this so it is not only in my head. I want help more than I want to act on those thoughts.,self.SuicideWatch
irritable then suddenly on a high about my room. sleep appetite focus all over the place,self.Anxiety
part of me wants the noise to stop. no plan. just sleep and this hollow feeling. might message a support line if it gets worse lol,self.SuicideWatch
family stress sits in my chest. not crying just restless and snappy. tbh idk,self.Anxiety
everything with my mates feels muted. not sad exactly just empty.,self.depression
people ask about commute and i say im ok then do nothing all evening. like moving through glue. small stuff takes forever,self.depression
on edge all day about messages. sweaty hands shallow breath then i feel silly after,self.Anxiety
"Stress around my shifts has stopped being a one-day spike. For weeks I wake with dread, scan for mistakes, and catastrophise tiny delays. My heart races in lectures or on the bus for no neat reason. I ask friends if everything is okay then distrust the answer. Deadlines feel like cliffs. I leave early from gatherings because my hands shake. Afterward I feel drained and a bit numb, which confuses me — is it anxiety, burnout, or both? I am trying to track triggers: sleep debt, caffeine, unread emails. I do not want clinical certainty from software; I want acknowledgement that this worry loop is real and that support exists if it keeps growing. When I try to explain it, relief and dread take turns without asking. Some nights, I miss having someone who just checks in without being asked weekends stretch out and I pretend I planned to be alone. Some nights, forward motion feels fake even when I force a routine plans sit in notes apps untouched for weeks. Honestly, one stretch I barely sleep and ideas pile up too fast. When I try to explain it, hope shows up briefly then I talk myself out of it. In the mornings, I know what I should do next but my body will not start. On top of that, I catch myself writing messages I never send. In the mornings, I am not fixed but I can see a thinner path forward. When I try to explain it, irritation sits under my skin like static I snap over tiny things and then feel worse. Honestly, plans sit in notes apps untouched for weeks. Meanwhile, forward motion feels fake even when I force a routine. On top of that, music that used to hit does nothing. When I try to explain it, I can laugh at a meme and feel hollow five minutes later hope shows up briefly then I talk myself out of it. Also, I am angry that I have to carry this alone irritation sits under my skin like static. In the mornings, appetite focus and spending change with the swings then a crash hits and answering a text feels huge.",self.Anxiety
had to say this somewhere: family was messy and im annoyed.,self.offmychest
unloading about family. pride stopped me telling mates. tomorrow ill try again tonight im moaning ...,self.offmychest
tbh not a crisis just sick of pretending commute is fine small stuff kept piling up and i snapped at someone whatever,self.offmychest
i feel guilty admitting how frustrated money made me. Writing it here releases the pressure without a big confrontation.,self.offmychest
everything with the relationship feels pointless and heavy sometimes i wonder what the point of next week is not saying im going to do anything just exhausted of fighting ...,self.SuicideWatch
i feel trapped by commute. Ideation comes in waves. Writing this so it is not only in my head. I want help more than I want to act on those thoughts. yeah,self.SuicideWatch
tired of the relationship and a bit low about it but mostly just annoyed and overthinking conversations. needed somewhere to dump it ...,self.offmychest
everything with messages feels muted. not sad exactly just empty.,self.depression
"I am trying to describe the crash without claiming a clinical label. Around my mates, a drop hits: heavy limbs, flat mood, cancelled plans, and shame about what I started when I had more energy. Tracking sleep and appetite helps a bit. Stress can deepen the low. Mixed days confuse me — restless and empty at once, but the empty part is what I cannot shake. Please reflect the low-mood and energy-down pattern supportively and keep language non-diagnostic; I already know software cannot replace a clinician. Lately, I replay awkward moments until they feel larger than they were. Honestly, I am angry that I have to carry this alone. Some nights, I snap over tiny things and then feel worse I am angry that I have to carry this alone. Some nights, I keep replaying the last conversation like I can edit it some days I miss the person, some days I miss who I was with them. Meanwhile, friends notice I flip between wired and wiped. Some nights, relief and dread take turns without asking I am grateful for small kindnesses and still tense underneath. Some nights, shame shows up when I cancel plans again I replay awkward moments until they feel larger than they were. Also, I go through the motions and feel buffered from myself. Meanwhile, I keep replaying the last conversation like I can edit it some days I miss the person, some days I miss who I was with them. On top of that, shame shows up when I cancel plans again I keep thinking I made everything harder for people around me. When I try to explain it, I feel parked between who I was and whoever comes next. On top of that, I go through the motions and feel buffered from myself. On top of that, some days I miss the person, some days I miss who I was with them I catch myself writing messages I never send. Honestly, I snap over tiny things and then feel worse. On top of that, I finished something small and felt a real spark of pride.",self.depression
"Tonight the hopelessness around the flat is loud. I am not making a plan and I do not want to describe anything graphic — I just keep having thoughts about not wanting to continue, then they ebb. I am staying somewhere safe and telling myself to get through the next hour. Writing this is me choosing help over silence. If it worsens I will contact a support line. Meanwhile, talking to a friend helped more than I expected today was lighter than yesterday and that surprised me. Honestly, I still flinch when their name shows up somewhere random. Honestly, one stretch I barely sleep and ideas pile up too fast. When I try to explain it, I finished something small and felt a real spark of pride. Meanwhile, I go through the motions and feel buffered from myself music that used to hit does nothing.",self.SuicideWatch
had to say this somewhere: my course was messy and im annoyed,self.offmychest
some days the relationship im wired and sharp. could be stress could be more. idk,self.Anxiety
"Tonight the hopelessness around my ex is loud. I am not making a plan and I do not want to describe anything graphic — I just keep having thoughts about not wanting to continue, then they ebb. I am staying somewhere safe and telling myself to get through the next hour. Writing this is me choosing help over silence. If it worsens I will contact a support line. Meanwhile, emotions arrive late or not at all. When I try to explain it, I feel parked between who I was and whoever comes next. Lately, I go through the motions and feel buffered from myself. Some nights, I catch myself writing messages I never send I still flinch when their name shows up somewhere random. Meanwhile, I catch myself writing messages I never send. Honestly, I still flinch when their name shows up somewhere random.",self.SuicideWatch
then nothing after uni. sleep appetite focus all crashed. sitting there empty,self.depression
Before the relationship I spiral into what-ifs. I leave early even when people are kind.,self.Anxiety
feels stupid writing this started deadlines projects at 2am felt unstoppable wired. friends say i flip too quick,self.Anxiety
just need to vent about family. annoying week nothing deep. ...,self.offmychest
"For the last few weeks around the library I have felt hollow more than tearful. I get up, do the minimum, and then sit with that heavy quiet that makes ordinary tasks feel pointless. Friends still invite me; I say maybe and then do not go. Food tastes like cardboard some days. I am not trying to diagnose myself — I just want language for this flatness and the way interest keeps slipping away. Sleep is weird: either too much or broken. I keep hoping tomorrow will feel different and it mostly does not. On top of that, I am angry that I have to carry this alone irritation sits under my skin like static. In the mornings, I catch myself writing messages I never send some days I miss the person, some days I miss who I was with them. In the mornings, forward motion feels fake even when I force a routine.",self.depression
ideas for money came then i cant move wiped out all week,self.depression
sleep vanished while dealing with my room. mood followed the restlessness. i keep typing then deleting,self.Anxiety
"Stress around messages has stopped being a one-day spike. For weeks I wake with dread, scan for mistakes, and catastrophise tiny delays. My heart races in lectures or on the bus for no neat reason. I ask friends if everything is okay then distrust the answer. Deadlines feel like cliffs. I leave early from gatherings because my hands shake. Afterward I feel drained and a bit numb, which confuses me — is it anxiety, burnout, or both? I am trying to track triggers: sleep debt, caffeine, unread emails. I do not want clinical certainty from software; I want acknowledgement that this worry loop is real and that support exists if it keeps growing. Also, I miss having someone who just checks in without being asked. Meanwhile, then a crash hits and answering a text feels huge one stretch I barely sleep and ideas pile up too fast. Also, I keep thinking I made everything harder for people around me. Lately, today was lighter than yesterday and that surprised me. Meanwhile, I snap over tiny things and then feel worse I am angry that I have to carry this alone. Some nights, emotions arrive late or not at all. When I try to explain it, one stretch I barely sleep and ideas pile up too fast. Meanwhile, I finished something small and felt a real spark of pride today was lighter than yesterday and that surprised me. Honestly, emotions arrive late or not at all music that used to hit does nothing. On top of that, appetite focus and spending change with the swings one stretch I barely sleep and ideas pile up too fast. Also, weekends stretch out and I pretend I planned to be alone. Meanwhile, shame shows up when I cancel plans again I replay awkward moments until they feel larger than they were. Meanwhile, forward motion feels fake even when I force a routine. Meanwhile, today was lighter than yesterday and that surprised me talking to a friend helped more than I expected. When I try to explain it, I feel parked between who I was and whoever comes next I know what I should do next but my body will not start.",self.Anxiety
"Mostly I need to unload about commute. It is not a crisis and I am not asking for a diagnosis — just space to say I am frustrated, a bit lonely after a messy week, and weirdly relieved after writing this down. There were arguments, awkward silences, and a stretch where I felt happier than I have in months after a good conversation. Emotions are mixed: annoyance, guilt, hope, then back to annoyance. Advice optional; listening preferred. Lately, I keep thinking I made everything harder for people around me. Meanwhile, shame shows up when I cancel plans again I replay awkward moments until they feel larger than they were. Meanwhile, shame shows up when I cancel plans again I replay awkward moments until they feel larger than they were. When I try to explain it, weekends stretch out and I pretend I planned to be alone. On top of that, relief and dread take turns without asking I can laugh at a meme and feel hollow five minutes later.",self.offmychest
just need to vent about home. annoying week nothing deep.,self.offmychest
"I need to put this somewhere before it only lives in my head. For days around the library I have had waves of not wanting to be here. They are thoughts, not a plan, and that distinction matters to me. Still, the heaviness makes ordinary life feel unreachable. I have told a friend I am struggling and I am trying to stay with people tonight. I want support more than I want those thoughts to win. Please treat this as distress that needs care pathways, not as something to analyse clinically. I will reach out further if the wave gets worse. Also, one stretch I barely sleep and ideas pile up too fast. Honestly, I miss having someone who just checks in without being asked. Some nights, weekends stretch out and I pretend I planned to be alone. Also, I scroll through chats and put my phone down again. When I try to explain it, I am not fixed but I can see a thinner path forward. Meanwhile, I know what I should do next but my body will not start forward motion feels fake even when I force a routine. On top of that, one stretch I barely sleep and ideas pile up too fast appetite focus and spending change with the swings. Some nights, I keep replaying the last conversation like I can edit it some days I miss the person, some days I miss who I was with them. Some nights, I am angry that I have to carry this alone I snap over tiny things and then feel worse. Some nights, I finished something small and felt a real spark of pride today was lighter than yesterday and that surprised me. Meanwhile, I go through the motions and feel buffered from myself emotions arrive late or not at all.",self.SuicideWatch
I talked about deadlines then shut down the next stretch Planning and spending feel pointless now Trying to track the low,self.depression
"Tonight the hopelessness around work is loud. I am not making a plan and I do not want to describe anything graphic — I just keep having thoughts about not wanting to continue, then they ebb. I am staying somewhere safe and telling myself to get through the next hour. Writing this is me choosing help over silence. If it worsens I will contact a support line. Also, today was lighter than yesterday and that surprised me talking to a friend helped more than I expected. Meanwhile, I am angry that I have to carry this alone irritation sits under my skin like static. Some nights, I miss having someone who just checks in without being asked. Lately, weekends stretch out and I pretend I planned to be alone rooms feel louder when nobody texts back. When I try to explain it, irritation sits under my skin like static I snap over tiny things and then feel worse.",self.SuicideWatch
i feel guilty admitting how frustrated commute made me. Writing it here releases the pressure without a big confrontation.,self.offmychest
everything with my course feels pointless and heavy. sometimes i wonder what the point of next week is. not saying im going to do anything. just exhausted of fighting ...,self.SuicideWatch
"This is a long vent about my mates and the pile of ordinary human feelings that came with it. Heartbreak from a friendship cooling off, loneliness on Sundays, stress about money, then a surprising afternoon where I felt genuinely happy walking home. I also feel stuck about next steps and a little ashamed that small things rattled me. Mixed feelings are the point: anger one hour, soft hope the next. I do not want clinical language — I want acknowledgement that dumping this out is allowed, plus gentle support options if I want them later. Tomorrow I will try again; tonight I just needed somewhere to put the words. Also, rooms feel louder when nobody texts back weekends stretch out and I pretend I planned to be alone. Lately, I catch myself writing messages I never send some days I miss the person, some days I miss who I was with them. Meanwhile, weekends stretch out and I pretend I planned to be alone. Meanwhile, I still flinch when their name shows up somewhere random I keep replaying the last conversation like I can edit it. On top of that, weekends stretch out and I pretend I planned to be alone. When I try to explain it, I miss having someone who just checks in without being asked. Meanwhile, I still flinch when their name shows up somewhere random some days I miss the person, some days I miss who I was with them. On top of that, weekends stretch out and I pretend I planned to be alone. In the mornings, some days I miss the person, some days I miss who I was with them. Lately, I finished something small and felt a real spark of pride today was lighter than yesterday and that surprised me. When I try to explain it, I snap over tiny things and then feel worse. Meanwhile, rooms feel louder when nobody texts back I scroll through chats and put my phone down again. In the mornings, I can laugh at a meme and feel hollow five minutes later hope shows up briefly then I talk myself out of it.",self.offmychest
the weekend stress sits in my chest. not crying just restless and snappy. maybe its nothing,self.Anxiety
sleep returned with a crash while dealing with the relationship. mood followed it down. tbh,self.depression
on edge all day about deadlines. sweaty hands shallow breath then i feel silly after,self.Anxiety
wish i could disappear quietly. the relationship piled up and i feel like a burden.,self.SuicideWatch
This is more of a vent than anything else: my mates went sideways and I keep replaying the awkward parts. Advice optional.,self.offmychest
the flat stressed me out and now i feel weirdly empty after venting to no one. probably fine. maybe its nothing,self.offmychest
tired of family and a bit low about it but mostly just annoyed and overthinking conversations needed somewhere to dump it,self.offmychest
"My body treats messages like a threat even when nothing has gone wrong yet. Chest tight, jaw locked, brain running disaster scripts. I check messages repeatedly, then feel embarrassed about checking. Sleep is shallow because I rehearse conversations at 2am. I cancel social things to avoid the spiral, which makes next week worse. This is not a diagnosis request — I want a clear reflection that this is worry and bodily tension piling up, and some gentle next steps. Some nights, I feel parked between who I was and whoever comes next. Some nights, I am grateful for small kindnesses and still tense underneath. On top of that, then a crash hits and answering a text feels huge. Lately, plans sit in notes apps untouched for weeks I know what I should do next but my body will not start. Lately, plans sit in notes apps untouched for weeks. On top of that, I snap over tiny things and then feel worse.",self.Anxiety
some days deadlines im wired and sharp. could be stress could be more. idk,self.Anxiety
tbh commute makes my stomach drop. i rehearse conversations then avoid them. sleep is broken cos my brain wont shut up,self.Anxiety
i keep typing then deleting dark thoughts about not continuing keep looping when the flat hits. im staying with someone tonight and trying to get through the next hour idk,self.SuicideWatch
I feel guilty admitting how frustrated this term made me Writing it here releases the pressure without a big confrontation idk,self.offmychest
"For the last few weeks around the relationship I have felt hollow more than tearful. I get up, do the minimum, and then sit with that heavy quiet that makes ordinary tasks feel pointless. Friends still invite me; I say maybe and then do not go. Food tastes like cardboard some days. I am not trying to diagnose myself — I just want language for this flatness and the way interest keeps slipping away. Sleep is weird: either too much or broken. I keep hoping tomorrow will feel different and it mostly does not. Honestly, I keep thinking I made everything harder for people around me shame shows up when I cancel plans again. Meanwhile, today was lighter than yesterday and that surprised me I finished something small and felt a real spark of pride. Some nights, plans sit in notes apps untouched for weeks. In the mornings, I go through the motions and feel buffered from myself.",self.depression
feels stupid writing this home is fine on paper but i cancel everything and sit there. food is meh friends feel far. not dramatic just flat for days,self.depression
"My body treats my mates like a threat even when nothing has gone wrong yet. Chest tight, jaw locked, brain running disaster scripts. I check messages repeatedly, then feel embarrassed about checking. Sleep is shallow because I rehearse conversations at 2am. I cancel social things to avoid the spiral, which makes next week worse. This is not a diagnosis request — I want a clear reflection that this is worry and bodily tension piling up, and some gentle next steps. In the mornings, forward motion feels fake even when I force a routine. Also, I replay awkward moments until they feel larger than they were I keep thinking I made everything harder for people around me. Honestly, I keep replaying the last conversation like I can edit it. Honestly, I keep thinking I made everything harder for people around me. Some nights, emotions arrive late or not at all I go through the motions and feel buffered from myself.",self.Anxiety
"My energy around the library dropped after a stretch of doing too much. Now the crash is here and I can barely reply to a message. Heavy limbs, flat mood, cancelled plans, and shame about what I started. I am not asking an app to diagnose anything medical — I want a careful theme read about low mood and energy-down days affecting daily life, sleep, and follow-through. Meanwhile, I snap over tiny things and then feel worse irritation sits under my skin like static. Some nights, friends notice I flip between wired and wiped. Meanwhile, I miss having someone who just checks in without being asked rooms feel louder when nobody texts back. Honestly, some days I miss the person, some days I miss who I was with them I still flinch when their name shows up somewhere random. Meanwhile, shame shows up when I cancel plans again. In the mornings, I am not fixed but I can see a thinner path forward talking to a friend helped more than I expected.",self.depression
people ask about my shifts and i say im ok then do nothing all evening like moving through glue small stuff takes forever,self.depression
the flat has me drained. chest feels tight some nights then i feel nothing next morning. idk,self.depression
Uncertainty around money keeps me scanning for danger. I seek reassurance then doubt it five minutes later. Physical tension will not switch off. yeah,self.Anxiety
sleep returned with a crash while dealing with work. mood followed it down. whatever,self.depression
"I keep writing and deleting this because talking about low mood around commute still feels dramatic even when it has lasted months. Mornings are the worst: I wake already tired, scroll without absorbing anything, and bargain with myself to shower. Showers help for twenty minutes. Then the flatness returns. I cancel plans, leave laundry in bags, and tell people I am busy when I am actually staring at a wall. Concentration for coursework or shifts is thin; I reread the same paragraph. There is guilt about being distant, then numbness that makes the guilt feel far away. Some evenings I cry without a clear story; other evenings I feel nothing and that scares me more. I am not looking for a clinical label from an app — I want a careful read of how heavy this has been and whether support options might help while I try to rebuild a bit of routine. Meanwhile, I am angry that I have to carry this alone. Also, plans sit in notes apps untouched for weeks I feel parked between who I was and whoever comes next. Honestly, irritation sits under my skin like static I am angry that I have to carry this alone. Meanwhile, I finished something small and felt a real spark of pride. Some nights, I know what I should do next but my body will not start. Also, relief and dread take turns without asking. Honestly, I am angry that I have to carry this alone. When I try to explain it, I feel parked between who I was and whoever comes next I know what I should do next but my body will not start. Lately, music that used to hit does nothing emotions arrive late or not at all. Also, hope shows up briefly then I talk myself out of it. Lately, I finished something small and felt a real spark of pride talking to a friend helped more than I expected. Honestly, relief and dread take turns without asking. When I try to explain it, I go through the motions and feel buffered from myself music that used to hit does nothing.",self.depression
wish i could disappear quietly. my ex piled up and i feel like a burden.,self.SuicideWatch
Uncertainty around my mates keeps me scanning for danger. I seek reassurance then doubt it five minutes later. Physical tension will not switch off.,self.Anxiety
i feel guilty admitting how frustrated family made me. Writing it here releases the pressure without a big confrontation.,self.offmychest
cant get moving after a crash around work. energy gone. just heavy.,self.depression
my course stress sits in my chest. not crying just restless and snappy. whatever,self.Anxiety
"I need to put this somewhere before it only lives in my head. For days around home I have had waves of not wanting to be here. They are thoughts, not a plan, and that distinction matters to me. Still, the heaviness makes ordinary life feel unreachable. I have told a friend I am struggling and I am trying to stay with people tonight. I want support more than I want those thoughts to win. Please treat this as distress that needs care pathways, not as something to analyse clinically. I will reach out further if the wave gets worse. In the mornings, appetite focus and spending change with the swings. Lately, I catch myself writing messages I never send I keep replaying the last conversation like I can edit it. In the mornings, music that used to hit does nothing emotions arrive late or not at all. In the mornings, rooms feel louder when nobody texts back. In the mornings, friends notice I flip between wired and wiped one stretch I barely sleep and ideas pile up too fast. When I try to explain it, I replay awkward moments until they feel larger than they were. Also, I snap over tiny things and then feel worse irritation sits under my skin like static. Also, today was lighter than yesterday and that surprised me talking to a friend helped more than I expected. On top of that, I know what I should do next but my body will not start forward motion feels fake even when I force a routine. Lately, plans sit in notes apps untouched for weeks. Meanwhile, some days I miss the person, some days I miss who I was with them I keep replaying the last conversation like I can edit it. When I try to explain it, I keep thinking I made everything harder for people around me shame shows up when I cancel plans again.",self.SuicideWatch
"I am trying to describe the wired stretch without claiming a clinical label. Around group chat, racing ideas, irritability, and nights where sleep feels optional show up together. I spend more, promise more, and feel sharp in a way that later looks reckless. Tracking sleep helps a bit. Stress can trigger the restlessness. Mixed days confuse me — restless and tense at once. Please reflect the racing and worry pattern supportively and keep language non-diagnostic; I already know software cannot replace a clinician. Some nights, one stretch I barely sleep and ideas pile up too fast friends notice I flip between wired and wiped. Meanwhile, I replay awkward moments until they feel larger than they were. On top of that, one stretch I barely sleep and ideas pile up too fast. Some nights, irritation sits under my skin like static I snap over tiny things and then feel worse. Also, I am grateful for small kindnesses and still tense underneath hope shows up briefly then I talk myself out of it. In the mornings, I know what I should do next but my body will not start. Some nights, I miss having someone who just checks in without being asked. In the mornings, then a crash hits and answering a text feels huge appetite focus and spending change with the swings. Some nights, one stretch I barely sleep and ideas pile up too fast. Also, I am angry that I have to carry this alone irritation sits under my skin like static. On top of that, I go through the motions and feel buffered from myself. Honestly, hope shows up briefly then I talk myself out of it relief and dread take turns without asking. Honestly, I can laugh at a meme and feel hollow five minutes later. Meanwhile, today was lighter than yesterday and that surprised me talking to a friend helped more than I expected. When I try to explain it, emotions arrive late or not at all I go through the motions and feel buffered from myself. Honestly, appetite focus and spending change with the swings. Lately, I feel parked between who I was and whoever comes next.",self.Anxiety
"hopelessness around work has been intense. ive thoughts about not wanting to continue, then they pass. im trying to stay safe and talk to someone.",self.SuicideWatch
Talking too fast about the library one week. Mood changes how I plan and spend. I feel wired and sharp.,self.Anxiety
"I need to put this somewhere before it only lives in my head. For days around money I have had waves of not wanting to be here. They are thoughts, not a plan, and that distinction matters to me. Still, the heaviness makes ordinary life feel unreachable. I have told a friend I am struggling and I am trying to stay with people tonight. I want support more than I want those thoughts to win. Please treat this as distress that needs care pathways, not as something to analyse clinically. I will reach out further if the wave gets worse. Also, then a crash hits and answering a text feels huge appetite focus and spending change with the swings. Also, I still flinch when their name shows up somewhere random I catch myself writing messages I never send. Meanwhile, plans sit in notes apps untouched for weeks. Meanwhile, plans sit in notes apps untouched for weeks. Lately, shame shows up when I cancel plans again I keep thinking I made everything harder for people around me. Lately, relief and dread take turns without asking I am grateful for small kindnesses and still tense underneath. Lately, I am not fixed but I can see a thinner path forward talking to a friend helped more than I expected. When I try to explain it, today was lighter than yesterday and that surprised me I finished something small and felt a real spark of pride. Honestly, shame shows up when I cancel plans again. Also, I keep thinking I made everything harder for people around me shame shows up when I cancel plans again. On top of that, I keep thinking I made everything harder for people around me shame shows up when I cancel plans again. When I try to explain it, friends notice I flip between wired and wiped.",self.SuicideWatch
"motivation for family disappeared. I sleep odd hours, leave messages unread, and feel heavy without a clear reason. lol",self.depression
on edge all day about home. sweaty hands shallow breath then i feel silly after,self.Anxiety
my ex stressed me out and now i feel weirdly empty after venting to no one probably fine anyway lol,self.offmychest
"Tonight the hopelessness around the weekend is loud. I am not making a plan and I do not want to describe anything graphic — I just keep having thoughts about not wanting to continue, then they ebb. I am staying somewhere safe and telling myself to get through the next hour. Writing this is me choosing help over silence. If it worsens I will contact a support line. In the mornings, plans sit in notes apps untouched for weeks. Meanwhile, plans sit in notes apps untouched for weeks. Honestly, I scroll through chats and put my phone down again rooms feel louder when nobody texts back. In the mornings, forward motion feels fake even when I force a routine plans sit in notes apps untouched for weeks. Meanwhile, I go through the motions and feel buffered from myself. On top of that, I know what I should do next but my body will not start.",self.SuicideWatch
unloading about my room. pride stopped me telling mates. tomorrow ill try again tonight im moaning lol,self.offmychest
on edge all day about the weekend. sweaty hands shallow breath then i feel silly after lol,self.Anxiety
idk money makes my stomach drop. i rehearse conversations then avoid them. sleep is broken cos my brain wont shut up,self.Anxiety
part of me wants the noise to stop. no plan. just home and this hollow feeling. might message a support line if it gets worse,self.SuicideWatch
just need to vent about the library. annoying week nothing deep.,self.offmychest
unloading about the library. pride stopped me telling mates. tomorrow ill try again tonight im moaning ...,self.offmychest
"Mostly I need to unload about money. It is not a crisis and I am not asking for a diagnosis — just space to say I am frustrated, a bit lonely after a messy week, and weirdly relieved after writing this down. There were arguments, awkward silences, and a stretch where I felt happier than I have in months after a good conversation. Emotions are mixed: annoyance, guilt, hope, then back to annoyance. Advice optional; listening preferred. Meanwhile, I finished something small and felt a real spark of pride. On top of that, I feel parked between who I was and whoever comes next plans sit in notes apps untouched for weeks. Meanwhile, weekends stretch out and I pretend I planned to be alone I miss having someone who just checks in without being asked. Meanwhile, I catch myself writing messages I never send. Also, I replay awkward moments until they feel larger than they were I keep thinking I made everything harder for people around me.",self.offmychest
hopelessness around this term has been intense ive thoughts about not wanting to continue then they pass im trying to stay safe and talk to someone yeah,self.SuicideWatch
"My body treats deadlines like a threat even when nothing has gone wrong yet. Chest tight, jaw locked, brain running disaster scripts. I check messages repeatedly, then feel embarrassed about checking. Sleep is shallow because I rehearse conversations at 2am. I cancel social things to avoid the spiral, which makes next week worse. This is not a diagnosis request — I want a clear reflection that this is worry and bodily tension piling up, and some gentle next steps. When I try to explain it, I feel parked between who I was and whoever comes next. Some nights, I finished something small and felt a real spark of pride I am not fixed but I can see a thinner path forward. Some nights, forward motion feels fake even when I force a routine. Meanwhile, today was lighter than yesterday and that surprised me. Meanwhile, emotions arrive late or not at all.",self.Anxiety
wish i could disappear quietly family piled up and i feel like a burden,self.SuicideWatch
had to say this somewhere: my shifts was messy and im annoyed,self.offmychest
i feel trapped by the library. Ideation comes in waves. Writing this so it is not only in my head. I want help more than I want to act on those thoughts. lol,self.SuicideWatch
Talking too fast about group chat one week. Mood changes how I plan and spend. I feel wired and sharp.,self.Anxiety
"I need to put this somewhere before it only lives in my head. For days around my mates I have had waves of not wanting to be here. They are thoughts, not a plan, and that distinction matters to me. Still, the heaviness makes ordinary life feel unreachable. I have told a friend I am struggling and I am trying to stay with people tonight. I want support more than I want those thoughts to win. Please treat this as distress that needs care pathways, not as something to analyse clinically. I will reach out further if the wave gets worse. Meanwhile, irritation sits under my skin like static I snap over tiny things and then feel worse. Honestly, friends notice I flip between wired and wiped appetite focus and spending change with the swings. Honestly, I keep thinking I made everything harder for people around me shame shows up when I cancel plans again. Some nights, I can laugh at a meme and feel hollow five minutes later. Some nights, I finished something small and felt a real spark of pride. In the mornings, I snap over tiny things and then feel worse irritation sits under my skin like static. Some nights, today was lighter than yesterday and that surprised me I am not fixed but I can see a thinner path forward. Honestly, I snap over tiny things and then feel worse irritation sits under my skin like static. Also, rooms feel louder when nobody texts back I scroll through chats and put my phone down again. When I try to explain it, I am angry that I have to carry this alone I snap over tiny things and then feel worse. In the mornings, weekends stretch out and I pretend I planned to be alone. Some nights, I keep replaying the last conversation like I can edit it I catch myself writing messages I never send.",self.SuicideWatch
cant get moving after a crash around my ex. energy gone. just heavy.,self.depression
ideas for group chat come too fast. racing and restless all week.,self.Anxiety
"I keep writing and deleting this because talking about low mood around the library still feels dramatic even when it has lasted months. Mornings are the worst: I wake already tired, scroll without absorbing anything, and bargain with myself to shower. Showers help for twenty minutes. Then the flatness returns. I cancel plans, leave laundry in bags, and tell people I am busy when I am actually staring at a wall. Concentration for coursework or shifts is thin; I reread the same paragraph. There is guilt about being distant, then numbness that makes the guilt feel far away. Some evenings I cry without a clear story; other evenings I feel nothing and that scares me more. I am not looking for a clinical label from an app — I want a careful read of how heavy this has been and whether support options might help while I try to rebuild a bit of routine. On top of that, I miss having someone who just checks in without being asked weekends stretch out and I pretend I planned to be alone. Meanwhile, emotions arrive late or not at all music that used to hit does nothing. When I try to explain it, I scroll through chats and put my phone down again rooms feel louder when nobody texts back. Meanwhile, I keep replaying the last conversation like I can edit it I catch myself writing messages I never send. Honestly, I miss having someone who just checks in without being asked. Also, I catch myself writing messages I never send. Some nights, then a crash hits and answering a text feels huge. In the mornings, I replay awkward moments until they feel larger than they were. Meanwhile, relief and dread take turns without asking I am grateful for small kindnesses and still tense underneath. Also, one stretch I barely sleep and ideas pile up too fast friends notice I flip between wired and wiped. In the mornings, I keep thinking I made everything harder for people around me shame shows up when I cancel plans again. Meanwhile, talking to a friend helped more than I expected.",self.depression
"Mostly I need to unload about group chat. It is not a crisis and I am not asking for a diagnosis — just space to say I am frustrated, a bit lonely after a messy week, and weirdly relieved after writing this down. There were arguments, awkward silences, and a stretch where I felt happier than I have in months after a good conversation. Emotions are mixed: annoyance, guilt, hope, then back to annoyance. Advice optional; listening preferred. When I try to explain it, emotions arrive late or not at all music that used to hit does nothing. Some nights, I am angry that I have to carry this alone irritation sits under my skin like static. Some nights, plans sit in notes apps untouched for weeks forward motion feels fake even when I force a routine. Meanwhile, I feel parked between who I was and whoever comes next. Lately, I keep thinking I made everything harder for people around me shame shows up when I cancel plans again.",self.offmychest
Hopelessness around the weekend has been intense ive thoughts about not wanting to continue then they pass im trying to stay safe and talk to someone lol,self.SuicideWatch
"hopelessness around this term has been intense. ive thoughts about not wanting to continue, then they pass. im trying to stay safe and talk to someone.",self.SuicideWatch
i keep typing then deleting not a crisis just sick of pretending the flat is fine. small stuff kept piling up and i snapped at someone. whatever,self.offmychest
I feel trapped by sleep. Ideation comes in waves. Writing this so it is not only in my head. I want help more than I want to act on those thoughts.,self.SuicideWatch
some days my room im useless and flat could be stress could be more idk,self.depression
"For the last few weeks around group chat I have felt hollow more than tearful. I get up, do the minimum, and then sit with that heavy quiet that makes ordinary tasks feel pointless. Friends still invite me; I say maybe and then do not go. Food tastes like cardboard some days. I am not trying to diagnose myself — I just want language for this flatness and the way interest keeps slipping away. Sleep is weird: either too much or broken. I keep hoping tomorrow will feel different and it mostly does not. Also, some days I miss the person, some days I miss who I was with them I catch myself writing messages I never send. Lately, talking to a friend helped more than I expected I am not fixed but I can see a thinner path forward. In the mornings, I still flinch when their name shows up somewhere random some days I miss the person, some days I miss who I was with them.",self.depression
"For the last few weeks around the flat I have felt hollow more than tearful. I get up, do the minimum, and then sit with that heavy quiet that makes ordinary tasks feel pointless. Friends still invite me; I say maybe and then do not go. Food tastes like cardboard some days. I am not trying to diagnose myself — I just want language for this flatness and the way interest keeps slipping away. Sleep is weird: either too much or broken. I keep hoping tomorrow will feel different and it mostly does not. In the mornings, I keep thinking I made everything harder for people around me shame shows up when I cancel plans again. Meanwhile, today was lighter than yesterday and that surprised me talking to a friend helped more than I expected. Some nights, I snap over tiny things and then feel worse irritation sits under my skin like static.",self.depression
around deadlines I have been low for a while I still show up but interest is gone and I replay mistakes until I shut down Not looking for a label just stuck,self.depression
whatever dark thoughts about not continuing keep looping when this term hits im staying with someone tonight and trying to get through the next hour,self.SuicideWatch
"I need to put this somewhere before it only lives in my head. For days around money I have had waves of not wanting to be here. They are thoughts, not a plan, and that distinction matters to me. Still, the heaviness makes ordinary life feel unreachable. I have told a friend I am struggling and I am trying to stay with people tonight. I want support more than I want those thoughts to win. Please treat this as distress that needs care pathways, not as something to analyse clinically. I will reach out further if the wave gets worse. In the mornings, hope shows up briefly then I talk myself out of it. On top of that, shame shows up when I cancel plans again. In the mornings, rooms feel louder when nobody texts back I miss having someone who just checks in without being asked. Some nights, I scroll through chats and put my phone down again. In the mornings, emotions arrive late or not at all. Lately, I scroll through chats and put my phone down again. Some nights, I finished something small and felt a real spark of pride. Lately, plans sit in notes apps untouched for weeks I know what I should do next but my body will not start. Meanwhile, weekends stretch out and I pretend I planned to be alone. Meanwhile, I miss having someone who just checks in without being asked. Honestly, irritation sits under my skin like static. On top of that, I am grateful for small kindnesses and still tense underneath hope shows up briefly then I talk myself out of it. On top of that, one stretch I barely sleep and ideas pile up too fast appetite focus and spending change with the swings. When I try to explain it, plans sit in notes apps untouched for weeks.",self.SuicideWatch
I feel guilty admitting how frustrated deadlines made me. Writing it here releases the pressure without a big confrontation.,self.offmychest
some days sleep im wired and sharp. could be stress could be more. idk ...,self.Anxiety
This is more of a vent than anything else: the flat went sideways and I keep replaying the awkward parts. Advice optional.,self.offmychest
Before money I spiral into what-ifs I leave early even when people are kind,self.Anxiety
"Mostly I need to unload about my mates. It is not a crisis and I am not asking for a diagnosis — just space to say I am frustrated, a bit lonely after a messy week, and weirdly relieved after writing this down. There were arguments, awkward silences, and a stretch where I felt happier than I have in months after a good conversation. Emotions are mixed: annoyance, guilt, hope, then back to annoyance. Advice optional; listening preferred. When I try to explain it, I am not fixed but I can see a thinner path forward. Meanwhile, appetite focus and spending change with the swings then a crash hits and answering a text feels huge. Meanwhile, appetite focus and spending change with the swings one stretch I barely sleep and ideas pile up too fast. Also, shame shows up when I cancel plans again I replay awkward moments until they feel larger than they were.",self.offmychest
"This is a long vent about my mates and the pile of ordinary human feelings that came with it. Heartbreak from a friendship cooling off, loneliness on Sundays, stress about money, then a surprising afternoon where I felt genuinely happy walking home. I also feel stuck about next steps and a little ashamed that small things rattled me. Mixed feelings are the point: anger one hour, soft hope the next. I do not want clinical language — I want acknowledgement that dumping this out is allowed, plus gentle support options if I want them later. Tomorrow I will try again; tonight I just needed somewhere to put the words. Meanwhile, shame shows up when I cancel plans again. Also, I am not fixed but I can see a thinner path forward I finished something small and felt a real spark of pride. In the mornings, I go through the motions and feel buffered from myself music that used to hit does nothing. Meanwhile, music that used to hit does nothing. When I try to explain it, I keep thinking I made everything harder for people around me. Meanwhile, I miss having someone who just checks in without being asked. Honestly, some days I miss the person, some days I miss who I was with them. Lately, I miss having someone who just checks in without being asked. Also, I miss having someone who just checks in without being asked I scroll through chats and put my phone down again. When I try to explain it, weekends stretch out and I pretend I planned to be alone I scroll through chats and put my phone down again. On top of that, I replay awkward moments until they feel larger than they were. Also, hope shows up briefly then I talk myself out of it. In the mornings, rooms feel louder when nobody texts back weekends stretch out and I pretend I planned to be alone. Honestly, one stretch I barely sleep and ideas pile up too fast. When I try to explain it, I still flinch when their name shows up somewhere random some days I miss the person, some days I miss who I was with them.",self.offmychest
"I need to put this somewhere before it only lives in my head. For days around deadlines I have had waves of not wanting to be here. They are thoughts, not a plan, and that distinction matters to me. Still, the heaviness makes ordinary life feel unreachable. I have told a friend I am struggling and I am trying to stay with people tonight. I want support more than I want those thoughts to win. Please treat this as distress that needs care pathways, not as something to analyse clinically. I will reach out further if the wave gets worse. In the mornings, I can laugh at a meme and feel hollow five minutes later. When I try to explain it, I snap over tiny things and then feel worse. Lately, irritation sits under my skin like static. Some nights, music that used to hit does nothing. Lately, I snap over tiny things and then feel worse. Meanwhile, I replay awkward moments until they feel larger than they were shame shows up when I cancel plans again. Meanwhile, friends notice I flip between wired and wiped. In the mornings, I am angry that I have to carry this alone I snap over tiny things and then feel worse. In the mornings, forward motion feels fake even when I force a routine I know what I should do next but my body will not start. Lately, I miss having someone who just checks in without being asked weekends stretch out and I pretend I planned to be alone. Also, then a crash hits and answering a text feels huge. When I try to explain it, I keep replaying the last conversation like I can edit it some days I miss the person, some days I miss who I was with them.",self.SuicideWatch
"My body treats my course like a threat even when nothing has gone wrong yet. Chest tight, jaw locked, brain running disaster scripts. I check messages repeatedly, then feel embarrassed about checking. Sleep is shallow because I rehearse conversations at 2am. I cancel social things to avoid the spiral, which makes next week worse. This is not a diagnosis request — I want a clear reflection that this is worry and bodily tension piling up, and some gentle next steps. Also, I still flinch when their name shows up somewhere random I keep replaying the last conversation like I can edit it. In the mornings, relief and dread take turns without asking hope shows up briefly then I talk myself out of it. Some nights, relief and dread take turns without asking I can laugh at a meme and feel hollow five minutes later. When I try to explain it, I am angry that I have to carry this alone I snap over tiny things and then feel worse.",self.Anxiety
worried sick about the weekend and also weirdly flat after the panic fades. am i anxious or just burnt out,self.Anxiety
everything with my mates feels pointless and heavy sometimes i wonder what the point of next week is not saying im going to do anything just exhausted of fighting yeah,self.SuicideWatch
everything with home feels pointless and heavy. sometimes i wonder what the point of next week is. not saying im going to do anything. just exhausted of fighting,self.SuicideWatch
tired of my course and a bit low about it but mostly just annoyed and overthinking conversations needed somewhere to dump it,self.offmychest
Energy around work will not sit still. Elevated spells feel risky; I talk too fast and try to track the restlessness.,self.Anxiety
"My energy around family dropped after a stretch of doing too much. Now the crash is here and I can barely reply to a message. Heavy limbs, flat mood, cancelled plans, and shame about what I started. I am not asking an app to diagnose anything medical — I want a careful theme read about low mood and energy-down days affecting daily life, sleep, and follow-through. In the mornings, one stretch I barely sleep and ideas pile up too fast. When I try to explain it, I still flinch when their name shows up somewhere random I catch myself writing messages I never send. When I try to explain it, I replay awkward moments until they feel larger than they were shame shows up when I cancel plans again. On top of that, I replay awkward moments until they feel larger than they were I keep thinking I made everything harder for people around me.",self.depression
"Mostly I need to unload about the flat. It is not a crisis and I am not asking for a diagnosis — just space to say I am frustrated, a bit lonely after a messy week, and weirdly relieved after writing this down. There were arguments, awkward silences, and a stretch where I felt happier than I have in months after a good conversation. Emotions are mixed: annoyance, guilt, hope, then back to annoyance. Advice optional; listening preferred. Some nights, weekends stretch out and I pretend I planned to be alone I scroll through chats and put my phone down again. When I try to explain it, forward motion feels fake even when I force a routine I know what I should do next but my body will not start. When I try to explain it, then a crash hits and answering a text feels huge. In the mornings, I can laugh at a meme and feel hollow five minutes later.",self.offmychest
worried sick about family and also weirdly flat after the panic fades. am i anxious or just burnt out yeah,self.Anxiety
everything with this term feels pointless and heavy. sometimes i wonder what the point of next week is. not saying im going to do anything. just exhausted of fighting idk,self.SuicideWatch
everything with the flat feels muted. not sad exactly just empty.,self.depression
anyway my room is fine on paper but i cancel everything and sit there. food is meh friends feel far. not dramatic just flat for days,self.depression
everything with the relationship feels muted. not sad exactly just empty.,self.depression
"My energy around my course runs too fast. For a stretch I sleep little, talk quickly, start too many plans, and feel oddly wired. Friends say I seem restless across the week. I am not asking an app to diagnose anything medical — I want a careful theme read about racing thoughts and restlessness affecting daily life, sleep, and spending. Also, I replay awkward moments until they feel larger than they were I keep thinking I made everything harder for people around me. Honestly, I replay awkward moments until they feel larger than they were. On top of that, I keep replaying the last conversation like I can edit it I still flinch when their name shows up somewhere random. Also, I am grateful for small kindnesses and still tense underneath relief and dread take turns without asking. Meanwhile, shame shows up when I cancel plans again. Lately, I go through the motions and feel buffered from myself music that used to hit does nothing.",self.Anxiety
had to say this somewhere: this term was messy and im annoyed.,self.offmychest
heart racing before messages again worst case playlist on loop,self.Anxiety
"This is a long vent about this term and the pile of ordinary human feelings that came with it. Heartbreak from a friendship cooling off, loneliness on Sundays, stress about money, then a surprising afternoon where I felt genuinely happy walking home. I also feel stuck about next steps and a little ashamed that small things rattled me. Mixed feelings are the point: anger one hour, soft hope the next. I do not want clinical language — I want acknowledgement that dumping this out is allowed, plus gentle support options if I want them later. Tomorrow I will try again; tonight I just needed somewhere to put the words. When I try to explain it, then a crash hits and answering a text feels huge appetite focus and spending change with the swings. On top of that, music that used to hit does nothing emotions arrive late or not at all. Lately, I am angry that I have to carry this alone I snap over tiny things and then feel worse. Also, I can laugh at a meme and feel hollow five minutes later. On top of that, I snap over tiny things and then feel worse I am angry that I have to carry this alone. Honestly, plans sit in notes apps untouched for weeks I feel parked between who I was and whoever comes next. Also, I can laugh at a meme and feel hollow five minutes later. On top of that, music that used to hit does nothing. When I try to explain it, emotions arrive late or not at all. On top of that, I am angry that I have to carry this alone irritation sits under my skin like static. On top of that, forward motion feels fake even when I force a routine. Also, I miss having someone who just checks in without being asked. Honestly, then a crash hits and answering a text feels huge friends notice I flip between wired and wiped. On top of that, I am not fixed but I can see a thinner path forward. In the mornings, music that used to hit does nothing I go through the motions and feel buffered from myself.",self.offmychest
energy around commute will not sit still. Elevated spells feel risky; I talk too fast and try to track the restlessness. idk,self.Anxiety
cant stop checking the relationship then checking again,self.Anxiety
energy around my ex will not sit still. Elevated spells feel risky; I talk too fast and try to track the restlessness.,self.Anxiety
"I am trying to describe the crash without claiming a clinical label. Around the relationship, a drop hits: heavy limbs, flat mood, cancelled plans, and shame about what I started when I had more energy. Tracking sleep and appetite helps a bit. Stress can deepen the low. Mixed days confuse me — restless and empty at once, but the empty part is what I cannot shake. Please reflect the low-mood and energy-down pattern supportively and keep language non-diagnostic; I already know software cannot replace a clinician. Also, some days I miss the person, some days I miss who I was with them. In the mornings, I replay awkward moments until they feel larger than they were shame shows up when I cancel plans again. Some nights, I go through the motions and feel buffered from myself music that used to hit does nothing. In the mornings, irritation sits under my skin like static. Honestly, I feel parked between who I was and whoever comes next plans sit in notes apps untouched for weeks. When I try to explain it, hope shows up briefly then I talk myself out of it relief and dread take turns without asking. Lately, I am angry that I have to carry this alone. Honestly, one stretch I barely sleep and ideas pile up too fast. Meanwhile, I am grateful for small kindnesses and still tense underneath hope shows up briefly then I talk myself out of it. Lately, I keep thinking I made everything harder for people around me shame shows up when I cancel plans again. When I try to explain it, I am not fixed but I can see a thinner path forward. When I try to explain it, I catch myself writing messages I never send some days I miss the person, some days I miss who I was with them. Meanwhile, one stretch I barely sleep and ideas pile up too fast then a crash hits and answering a text feels huge. On top of that, some days I miss the person, some days I miss who I was with them.",self.depression
tired of the relationship and a bit low about it but mostly just annoyed and overthinking conversations needed somewhere to dump it,self.offmychest
anyway started money projects at 2am felt unstoppable wired friends say i flip too quick,self.Anxiety
worried sick about sleep and also weirdly flat after the panic fades. am i anxious or just burnt out,self.Anxiety
This is more of a vent than anything else: my ex went sideways and I keep replaying the awkward parts. Advice optional.,self.offmychest
sleep vanished while dealing with the weekend. mood followed the restlessness. not sure how to say this,self.Anxiety
"I need to put this somewhere before it only lives in my head. For days around home I have had waves of not wanting to be here. They are thoughts, not a plan, and that distinction matters to me. Still, the heaviness makes ordinary life feel unreachable. I have told a friend I am struggling and I am trying to stay with people tonight. I want support more than I want those thoughts to win. Please treat this as distress that needs care pathways, not as something to analyse clinically. I will reach out further if the wave gets worse. Lately, plans sit in notes apps untouched for weeks. Honestly, emotions arrive late or not at all I go through the motions and feel buffered from myself. Meanwhile, I catch myself writing messages I never send. Lately, then a crash hits and answering a text feels huge. When I try to explain it, plans sit in notes apps untouched for weeks I feel parked between who I was and whoever comes next. Also, rooms feel louder when nobody texts back weekends stretch out and I pretend I planned to be alone. On top of that, I still flinch when their name shows up somewhere random I keep replaying the last conversation like I can edit it. Lately, irritation sits under my skin like static. Lately, hope shows up briefly then I talk myself out of it relief and dread take turns without asking. Meanwhile, I catch myself writing messages I never send. Meanwhile, plans sit in notes apps untouched for weeks. On top of that, emotions arrive late or not at all. Some nights, I am grateful for small kindnesses and still tense underneath I can laugh at a meme and feel hollow five minutes later. Also, shame shows up when I cancel plans again.",self.SuicideWatch
Uncertainty around deadlines keeps me scanning for danger. I seek reassurance then doubt it five minutes later. Physical tension will not switch off.,self.Anxiety
I feel guilty admitting how frustrated my course made me. Writing it here releases the pressure without a big confrontation. ...,self.offmychest
"Mostly I need to unload about uni. It is not a crisis and I am not asking for a diagnosis — just space to say I am frustrated, a bit lonely after a messy week, and weirdly relieved after writing this down. There were arguments, awkward silences, and a stretch where I felt happier than I have in months after a good conversation. Emotions are mixed: annoyance, guilt, hope, then back to annoyance. Advice optional; listening preferred. Meanwhile, friends notice I flip between wired and wiped. On top of that, emotions arrive late or not at all. Lately, I miss having someone who just checks in without being asked rooms feel louder when nobody texts back. In the mornings, one stretch I barely sleep and ideas pile up too fast. On top of that, plans sit in notes apps untouched for weeks. On top of that, then a crash hits and answering a text feels huge.",self.offmychest
keep thinking uni would be easier if i wasnt around. not planning anything. just tired of existing tonight.,self.SuicideWatch
if i vanished would my shifts even notice. that thought scares me a bit. trying not to spiral alone ...,self.SuicideWatch
just need to vent about the relationship. annoying week nothing deep.,self.offmychest
"Tonight the hopelessness around my ex is loud. I am not making a plan and I do not want to describe anything graphic — I just keep having thoughts about not wanting to continue, then they ebb. I am staying somewhere safe and telling myself to get through the next hour. Writing this is me choosing help over silence. If it worsens I will contact a support line. On top of that, I go through the motions and feel buffered from myself. When I try to explain it, I know what I should do next but my body will not start plans sit in notes apps untouched for weeks. Meanwhile, forward motion feels fake even when I force a routine. Meanwhile, I scroll through chats and put my phone down again rooms feel louder when nobody texts back. Also, friends notice I flip between wired and wiped one stretch I barely sleep and ideas pile up too fast.",self.SuicideWatch
i keep typing then deleting not a crisis just sick of pretending family is fine. small stuff kept piling up and i snapped at someone. whatever,self.offmychest
everything with sleep feels pointless and heavy sometimes i wonder what the point of next week is not saying im going to do anything just exhausted of fighting,self.SuicideWatch
"For the last few weeks around home I have felt hollow more than tearful. I get up, do the minimum, and then sit with that heavy quiet that makes ordinary tasks feel pointless. Friends still invite me; I say maybe and then do not go. Food tastes like cardboard some days. I am not trying to diagnose myself — I just want language for this flatness and the way interest keeps slipping away. Sleep is weird: either too much or broken. I keep hoping tomorrow will feel different and it mostly does not. On top of that, some days I miss the person, some days I miss who I was with them. Some nights, plans sit in notes apps untouched for weeks forward motion feels fake even when I force a routine. Some nights, I keep replaying the last conversation like I can edit it some days I miss the person, some days I miss who I was with them.",self.depression
messages stressed me out and now i feel weirdly empty after venting to no one. probably fine. whatever,self.offmychest
"For the last few weeks around my ex I have felt hollow more than tearful. I get up, do the minimum, and then sit with that heavy quiet that makes ordinary tasks feel pointless. Friends still invite me; I say maybe and then do not go. Food tastes like cardboard some days. I am not trying to diagnose myself — I just want language for this flatness and the way interest keeps slipping away. Sleep is weird: either too much or broken. I keep hoping tomorrow will feel different and it mostly does not. Lately, I can laugh at a meme and feel hollow five minutes later. Lately, rooms feel louder when nobody texts back I scroll through chats and put my phone down again. When I try to explain it, I am not fixed but I can see a thinner path forward talking to a friend helped more than I expected.",self.depression
idk started my room projects then i cant answer a text friends notice im down and slow,self.depression
"My energy around home runs too fast. For a stretch I sleep little, talk quickly, start too many plans, and feel oddly wired. Friends say I seem restless across the week. I am not asking an app to diagnose anything medical — I want a careful theme read about racing thoughts and restlessness affecting daily life, sleep, and spending. Some nights, I snap over tiny things and then feel worse irritation sits under my skin like static. When I try to explain it, today was lighter than yesterday and that surprised me I finished something small and felt a real spark of pride. Some nights, I replay awkward moments until they feel larger than they were. In the mornings, hope shows up briefly then I talk myself out of it. Honestly, I miss having someone who just checks in without being asked rooms feel louder when nobody texts back. When I try to explain it, relief and dread take turns without asking.",self.Anxiety
just need to vent about uni. annoying week nothing deep. ...,self.offmychest
Energy around deadlines will not sit still. Elevated spells feel risky; I talk too fast and try to track the restlessness.,self.Anxiety
I feel guilty admitting how frustrated my mates made me Writing it here releases the pressure without a big confrontation,self.offmychest
everything with deadlines feels muted. not sad exactly just empty. idk,self.depression
"My body treats my course like a threat even when nothing has gone wrong yet. Chest tight, jaw locked, brain running disaster scripts. I check messages repeatedly, then feel embarrassed about checking. Sleep is shallow because I rehearse conversations at 2am. I cancel social things to avoid the spiral, which makes next week worse. This is not a diagnosis request — I want a clear reflection that this is worry and bodily tension piling up, and some gentle next steps. On top of that, I am angry that I have to carry this alone. Meanwhile, emotions arrive late or not at all. Meanwhile, irritation sits under my skin like static. Also, I scroll through chats and put my phone down again I miss having someone who just checks in without being asked. Also, I know what I should do next but my body will not start. In the mornings, I go through the motions and feel buffered from myself.",self.Anxiety
heart racing before deadlines again. worst case playlist on loop. lol,self.Anxiety
part of me wants the noise to stop. no plan. just group chat and this hollow feeling. might message a support line if it gets worse,self.SuicideWatch
maybe its nothing dark thoughts about not continuing keep looping when the flat hits im staying with someone tonight and trying to get through the next hour ...,self.SuicideWatch
wish i could disappear quietly. my room piled up and i feel like a burden.,self.SuicideWatch
"Tonight the hopelessness around my shifts is loud. I am not making a plan and I do not want to describe anything graphic — I just keep having thoughts about not wanting to continue, then they ebb. I am staying somewhere safe and telling myself to get through the next hour. Writing this is me choosing help over silence. If it worsens I will contact a support line. Meanwhile, I keep thinking I made everything harder for people around me. Honestly, then a crash hits and answering a text feels huge appetite focus and spending change with the swings. Also, emotions arrive late or not at all music that used to hit does nothing. In the mornings, I am angry that I have to carry this alone. Honestly, I miss having someone who just checks in without being asked rooms feel louder when nobody texts back.",self.SuicideWatch
wish i could disappear quietly. my shifts piled up and i feel like a burden.,self.SuicideWatch
"My energy around deadlines dropped after a stretch of doing too much. Now the crash is here and I can barely reply to a message. Heavy limbs, flat mood, cancelled plans, and shame about what I started. I am not asking an app to diagnose anything medical — I want a careful theme read about low mood and energy-down days affecting daily life, sleep, and follow-through. When I try to explain it, I feel parked between who I was and whoever comes next. On top of that, I keep thinking I made everything harder for people around me. In the mornings, irritation sits under my skin like static. Honestly, I am not fixed but I can see a thinner path forward I finished something small and felt a real spark of pride. On top of that, irritation sits under my skin like static I snap over tiny things and then feel worse.",self.depression
then nothing after home. sleep appetite focus all crashed. sitting there empty,self.depression
Before group chat I spiral into what-ifs. I leave early even when people are kind.,self.Anxiety
had to say this somewhere: deadlines was messy and im annoyed. ...,self.offmychest
"Mostly I need to unload about work. It is not a crisis and I am not asking for a diagnosis — just space to say I am frustrated, a bit lonely after a messy week, and weirdly relieved after writing this down. There were arguments, awkward silences, and a stretch where I felt happier than I have in months after a good conversation. Emotions are mixed: annoyance, guilt, hope, then back to annoyance. Advice optional; listening preferred. Meanwhile, I keep replaying the last conversation like I can edit it some days I miss the person, some days I miss who I was with them. Honestly, I keep replaying the last conversation like I can edit it some days I miss the person, some days I miss who I was with them. Also, I keep replaying the last conversation like I can edit it. On top of that, I go through the motions and feel buffered from myself.",self.offmychest
Energy around my course dropped hard The crash wipes out what I started I feel heavy and shut down not looking for a label,self.depression
I feel trapped by deadlines Ideation comes in waves Writing this so it is not only in my head I want help more than I want to act on those thoughts idk,self.SuicideWatch
I feel trapped by this term. Ideation comes in waves. Writing this so it is not only in my head. I want help more than I want to act on those thoughts.,self.SuicideWatch
"hopelessness around family has been intense. I have thoughts about not wanting to continue, then they pass. I am trying to stay safe and talk to someone.",self.SuicideWatch
wish i could disappear quietly. my course piled up and i feel like a burden.,self.SuicideWatch
heart racing before my mates again worst case playlist on loop,self.Anxiety
"Hopelessness around my ex has been intense. I have thoughts about not wanting to continue, then they pass. I am trying to stay safe and talk to someone. idk",self.SuicideWatch
"Tonight the hopelessness around sleep is loud. I am not making a plan and I do not want to describe anything graphic — I just keep having thoughts about not wanting to continue, then they ebb. I am staying somewhere safe and telling myself to get through the next hour. Writing this is me choosing help over silence. If it worsens I will contact a support line. Lately, some days I miss the person, some days I miss who I was with them. Some nights, I know what I should do next but my body will not start plans sit in notes apps untouched for weeks. In the mornings, plans sit in notes apps untouched for weeks I feel parked between who I was and whoever comes next. Some nights, I keep thinking I made everything harder for people around me.",self.SuicideWatch
whatever dark thoughts about not continuing keep looping when family hits im staying with someone tonight and trying to get through the next hour,self.SuicideWatch
"This is a long vent about the relationship and the pile of ordinary human feelings that came with it. Heartbreak from a friendship cooling off, loneliness on Sundays, stress about money, then a surprising afternoon where I felt genuinely happy walking home. I also feel stuck about next steps and a little ashamed that small things rattled me. Mixed feelings are the point: anger one hour, soft hope the next. I do not want clinical language — I want acknowledgement that dumping this out is allowed, plus gentle support options if I want them later. Tomorrow I will try again; tonight I just needed somewhere to put the words. Meanwhile, shame shows up when I cancel plans again I keep thinking I made everything harder for people around me. Honestly, I can laugh at a meme and feel hollow five minutes later. Meanwhile, I am not fixed but I can see a thinner path forward. On top of that, I finished something small and felt a real spark of pride. Meanwhile, some days I miss the person, some days I miss who I was with them I still flinch when their name shows up somewhere random. Lately, I am grateful for small kindnesses and still tense underneath. When I try to explain it, irritation sits under my skin like static. Some nights, I know what I should do next but my body will not start plans sit in notes apps untouched for weeks. On top of that, I snap over tiny things and then feel worse irritation sits under my skin like static. On top of that, music that used to hit does nothing emotions arrive late or not at all. Honestly, irritation sits under my skin like static I snap over tiny things and then feel worse. When I try to explain it, friends notice I flip between wired and wiped then a crash hits and answering a text feels huge. Also, today was lighter than yesterday and that surprised me. In the mornings, I am angry that I have to carry this alone. Lately, shame shows up when I cancel plans again I replay awkward moments until they feel larger than they were.",self.offmychest
"This is a long vent about messages and the pile of ordinary human feelings that came with it. Heartbreak from a friendship cooling off, loneliness on Sundays, stress about money, then a surprising afternoon where I felt genuinely happy walking home. I also feel stuck about next steps and a little ashamed that small things rattled me. Mixed feelings are the point: anger one hour, soft hope the next. I do not want clinical language — I want acknowledgement that dumping this out is allowed, plus gentle support options if I want them later. Tomorrow I will try again; tonight I just needed somewhere to put the words. On top of that, I keep thinking I made everything harder for people around me. When I try to explain it, relief and dread take turns without asking. In the mornings, I am angry that I have to carry this alone I snap over tiny things and then feel worse. Meanwhile, I feel parked between who I was and whoever comes next. When I try to explain it, I keep replaying the last conversation like I can edit it I still flinch when their name shows up somewhere random. In the mornings, I keep thinking I made everything harder for people around me I replay awkward moments until they feel larger than they were. On top of that, some days I miss the person, some days I miss who I was with them I catch myself writing messages I never send. When I try to explain it, I miss having someone who just checks in without being asked. On top of that, relief and dread take turns without asking. Also, I feel parked between who I was and whoever comes next. On top of that, I scroll through chats and put my phone down again weekends stretch out and I pretend I planned to be alone. In the mornings, I know what I should do next but my body will not start. Also, I replay awkward moments until they feel larger than they were. Meanwhile, I still flinch when their name shows up somewhere random.",self.offmychest
then nothing after uni sleep appetite focus all crashed sitting there empty,self.depression
i keep typing then deleting dark thoughts about not continuing keep looping when the flat hits im staying with someone tonight and trying to get through the next hour,self.SuicideWatch
"Tonight the hopelessness around uni is loud. I am not making a plan and I do not want to describe anything graphic — I just keep having thoughts about not wanting to continue, then they ebb. I am staying somewhere safe and telling myself to get through the next hour. Writing this is me choosing help over silence. If it worsens I will contact a support line. On top of that, friends notice I flip between wired and wiped. Honestly, then a crash hits and answering a text feels huge one stretch I barely sleep and ideas pile up too fast. On top of that, friends notice I flip between wired and wiped appetite focus and spending change with the swings. When I try to explain it, I catch myself writing messages I never send some days I miss the person, some days I miss who I was with them.",self.SuicideWatch
i feel trapped by family. Ideation comes in waves. Writing this so it is not only in my head. I want help more than I want to act on those thoughts.,self.SuicideWatch
"My energy around deadlines dropped after a stretch of doing too much. Now the crash is here and I can barely reply to a message. Heavy limbs, flat mood, cancelled plans, and shame about what I started. I am not asking an app to diagnose anything medical — I want a careful theme read about low mood and energy-down days affecting daily life, sleep, and follow-through. Lately, music that used to hit does nothing emotions arrive late or not at all. Meanwhile, plans sit in notes apps untouched for weeks. When I try to explain it, forward motion feels fake even when I force a routine plans sit in notes apps untouched for weeks. Some nights, I keep replaying the last conversation like I can edit it I catch myself writing messages I never send. On top of that, music that used to hit does nothing emotions arrive late or not at all.",self.depression
part of me wants the noise to stop. no plan. just the relationship and this hollow feeling. might message a support line if it gets worse lol,self.SuicideWatch
this is more of a vent than anything else: my course went sideways and I keep replaying the awkward parts. Advice optional. ...,self.offmychest
some days the weekend im useless and flat. could be stress could be more. idk,self.depression
"Mostly I need to unload about the relationship. It is not a crisis and I am not asking for a diagnosis — just space to say I am frustrated, a bit lonely after a messy week, and weirdly relieved after writing this down. There were arguments, awkward silences, and a stretch where I felt happier than I have in months after a good conversation. Emotions are mixed: annoyance, guilt, hope, then back to annoyance. Advice optional; listening preferred. On top of that, I still flinch when their name shows up somewhere random. On top of that, I can laugh at a meme and feel hollow five minutes later relief and dread take turns without asking. Some nights, I keep thinking I made everything harder for people around me shame shows up when I cancel plans again. In the mornings, forward motion feels fake even when I force a routine I know what I should do next but my body will not start.",self.offmychest
"My energy around home dropped after a stretch of doing too much. Now the crash is here and I can barely reply to a message. Heavy limbs, flat mood, cancelled plans, and shame about what I started. I am not asking an app to diagnose anything medical — I want a careful theme read about low mood and energy-down days affecting daily life, sleep, and follow-through. Honestly, I catch myself writing messages I never send some days I miss the person, some days I miss who I was with them. Meanwhile, one stretch I barely sleep and ideas pile up too fast friends notice I flip between wired and wiped. Some nights, friends notice I flip between wired and wiped one stretch I barely sleep and ideas pile up too fast. Also, shame shows up when I cancel plans again. Some nights, today was lighter than yesterday and that surprised me.",self.depression
"Tonight the hopelessness around my room is loud. I am not making a plan and I do not want to describe anything graphic — I just keep having thoughts about not wanting to continue, then they ebb. I am staying somewhere safe and telling myself to get through the next hour. Writing this is me choosing help over silence. If it worsens I will contact a support line. Lately, forward motion feels fake even when I force a routine plans sit in notes apps untouched for weeks. Also, plans sit in notes apps untouched for weeks I feel parked between who I was and whoever comes next. Some nights, I am grateful for small kindnesses and still tense underneath I can laugh at a meme and feel hollow five minutes later. When I try to explain it, I am angry that I have to carry this alone.",self.SuicideWatch
part of me wants the noise to stop. no plan. just sleep and this hollow feeling. might message a support line if it gets worse,self.SuicideWatch
if i vanished would the weekend even notice. that thought scares me a bit. trying not to spiral alone yeah,self.SuicideWatch
"For the last few weeks around family I have felt hollow more than tearful. I get up, do the minimum, and then sit with that heavy quiet that makes ordinary tasks feel pointless. Friends still invite me; I say maybe and then do not go. Food tastes like cardboard some days. I am not trying to diagnose myself — I just want language for this flatness and the way interest keeps slipping away. Sleep is weird: either too much or broken. I keep hoping tomorrow will feel different and it mostly does not. Lately, I snap over tiny things and then feel worse. Some nights, I am angry that I have to carry this alone I snap over tiny things and then feel worse. When I try to explain it, today was lighter than yesterday and that surprised me. Honestly, music that used to hit does nothing. Also, I still flinch when their name shows up somewhere random.",self.depression
the weekend stressed me out and now i feel weirdly empty after venting to no one. probably fine. not sure how to say this,self.offmychest
"My body treats the flat like a threat even when nothing has gone wrong yet. Chest tight, jaw locked, brain running disaster scripts. I check messages repeatedly, then feel embarrassed about checking. Sleep is shallow because I rehearse conversations at 2am. I cancel social things to avoid the spiral, which makes next week worse. This is not a diagnosis request — I want a clear reflection that this is worry and bodily tension piling up, and some gentle next steps. Some nights, shame shows up when I cancel plans again I keep thinking I made everything harder for people around me. When I try to explain it, I snap over tiny things and then feel worse. Lately, I am grateful for small kindnesses and still tense underneath hope shows up briefly then I talk myself out of it. When I try to explain it, music that used to hit does nothing.",self.Anxiety
"My energy around the flat dropped after a stretch of doing too much. Now the crash is here and I can barely reply to a message. Heavy limbs, flat mood, cancelled plans, and shame about what I started. I am not asking an app to diagnose anything medical — I want a careful theme read about low mood and energy-down days affecting daily life, sleep, and follow-through. In the mornings, emotions arrive late or not at all I go through the motions and feel buffered from myself. Honestly, I know what I should do next but my body will not start plans sit in notes apps untouched for weeks. Meanwhile, today was lighter than yesterday and that surprised me I finished something small and felt a real spark of pride. Also, I am not fixed but I can see a thinner path forward today was lighter than yesterday and that surprised me.",self.depression
"Mostly I need to unload about my room. It is not a crisis and I am not asking for a diagnosis — just space to say I am frustrated, a bit lonely after a messy week, and weirdly relieved after writing this down. There were arguments, awkward silences, and a stretch where I felt happier than I have in months after a good conversation. Emotions are mixed: annoyance, guilt, hope, then back to annoyance. Advice optional; listening preferred. Some nights, I am not fixed but I can see a thinner path forward today was lighter than yesterday and that surprised me. Honestly, rooms feel louder when nobody texts back. Meanwhile, I go through the motions and feel buffered from myself. Meanwhile, I replay awkward moments until they feel larger than they were I keep thinking I made everything harder for people around me. Lately, hope shows up briefly then I talk myself out of it.",self.offmychest
this is more of a vent than anything else: commute went sideways and I keep replaying the awkward parts. Advice optional. idk,self.offmychest
some days work im useless and flat. could be stress could be more. idk,self.depression
tired of money and a bit low about it but mostly just annoyed and overthinking conversations needed somewhere to dump it,self.offmychest
on edge all day about uni sweaty hands shallow breath then i feel silly after yeah,self.Anxiety
some days money im useless and flat could be stress could be more idk,self.depression
"This is a long vent about my shifts and the pile of ordinary human feelings that came with it. Heartbreak from a friendship cooling off, loneliness on Sundays, stress about money, then a surprising afternoon where I felt genuinely happy walking home. I also feel stuck about next steps and a little ashamed that small things rattled me. Mixed feelings are the point: anger one hour, soft hope the next. I do not want clinical language — I want acknowledgement that dumping this out is allowed, plus gentle support options if I want them later. Tomorrow I will try again; tonight I just needed somewhere to put the words. Meanwhile, I am grateful for small kindnesses and still tense underneath relief and dread take turns without asking. On top of that, hope shows up briefly then I talk myself out of it. Meanwhile, emotions arrive late or not at all I go through the motions and feel buffered from myself. On top of that, plans sit in notes apps untouched for weeks forward motion feels fake even when I force a routine. Also, I keep replaying the last conversation like I can edit it. Meanwhile, plans sit in notes apps untouched for weeks. Some nights, I can laugh at a meme and feel hollow five minutes later. Also, I finished something small and felt a real spark of pride. When I try to explain it, appetite focus and spending change with the swings. Meanwhile, I finished something small and felt a real spark of pride today was lighter than yesterday and that surprised me. Meanwhile, I keep replaying the last conversation like I can edit it. When I try to explain it, I am grateful for small kindnesses and still tense underneath. Honestly, one stretch I barely sleep and ideas pile up too fast. When I try to explain it, forward motion feels fake even when I force a routine. Meanwhile, I go through the motions and feel buffered from myself. Lately, music that used to hit does nothing. Honestly, one stretch I barely sleep and ideas pile up too fast.",self.offmychest
"I keep writing and deleting this because talking about low mood around group chat still feels dramatic even when it has lasted months. Mornings are the worst: I wake already tired, scroll without absorbing anything, and bargain with myself to shower. Showers help for twenty minutes. Then the flatness returns. I cancel plans, leave laundry in bags, and tell people I am busy when I am actually staring at a wall. Concentration for coursework or shifts is thin; I reread the same paragraph. There is guilt about being distant, then numbness that makes the guilt feel far away. Some evenings I cry without a clear story; other evenings I feel nothing and that scares me more. I am not looking for a clinical label from an app — I want a careful read of how heavy this has been and whether support options might help while I try to rebuild a bit of routine. In the mornings, emotions arrive late or not at all I go through the motions and feel buffered from myself. Lately, music that used to hit does nothing. Some nights, weekends stretch out and I pretend I planned to be alone I miss having someone who just checks in without being asked. On top of that, one stretch I barely sleep and ideas pile up too fast appetite focus and spending change with the swings. When I try to explain it, emotions arrive late or not at all. Meanwhile, I keep replaying the last conversation like I can edit it I still flinch when their name shows up somewhere random. Lately, shame shows up when I cancel plans again. Also, irritation sits under my skin like static. On top of that, I catch myself writing messages I never send some days I miss the person, some days I miss who I was with them. Also, emotions arrive late or not at all. On top of that, appetite focus and spending change with the swings friends notice I flip between wired and wiped. When I try to explain it, I know what I should do next but my body will not start.",self.depression
the library has me drained. chest feels tight some nights then i feel nothing next morning. maybe its nothing,self.depression
"Mostly I need to unload about this term. It is not a crisis and I am not asking for a diagnosis — just space to say I am frustrated, a bit lonely after a messy week, and weirdly relieved after writing this down. There were arguments, awkward silences, and a stretch where I felt happier than I have in months after a good conversation. Emotions are mixed: annoyance, guilt, hope, then back to annoyance. Advice optional; listening preferred. In the mornings, shame shows up when I cancel plans again. In the mornings, friends notice I flip between wired and wiped then a crash hits and answering a text feels huge. On top of that, talking to a friend helped more than I expected. Also, I miss having someone who just checks in without being asked weekends stretch out and I pretend I planned to be alone. When I try to explain it, I finished something small and felt a real spark of pride talking to a friend helped more than I expected.",self.offmychest
"Mostly I need to unload about money. It is not a crisis and I am not asking for a diagnosis — just space to say I am frustrated, a bit lonely after a messy week, and weirdly relieved after writing this down. There were arguments, awkward silences, and a stretch where I felt happier than I have in months after a good conversation. Emotions are mixed: annoyance, guilt, hope, then back to annoyance. Advice optional; listening preferred. Some nights, I still flinch when their name shows up somewhere random I catch myself writing messages I never send. In the mornings, talking to a friend helped more than I expected I finished something small and felt a real spark of pride. Lately, I keep thinking I made everything harder for people around me I replay awkward moments until they feel larger than they were. When I try to explain it, rooms feel louder when nobody texts back.",self.offmychest
"I am trying to describe the wired stretch without claiming a clinical label. Around family, racing ideas, irritability, and nights where sleep feels optional show up together. I spend more, promise more, and feel sharp in a way that later looks reckless. Tracking sleep helps a bit. Stress can trigger the restlessness. Mixed days confuse me — restless and tense at once. Please reflect the racing and worry pattern supportively and keep language non-diagnostic; I already know software cannot replace a clinician. Some nights, I am angry that I have to carry this alone. When I try to explain it, weekends stretch out and I pretend I planned to be alone rooms feel louder when nobody texts back. In the mornings, I am not fixed but I can see a thinner path forward. When I try to explain it, I finished something small and felt a real spark of pride. In the mornings, today was lighter than yesterday and that surprised me. Some nights, music that used to hit does nothing I go through the motions and feel buffered from myself. On top of that, I keep thinking I made everything harder for people around me I replay awkward moments until they feel larger than they were. When I try to explain it, I can laugh at a meme and feel hollow five minutes later relief and dread take turns without asking. On top of that, I go through the motions and feel buffered from myself music that used to hit does nothing. On top of that, I am angry that I have to carry this alone irritation sits under my skin like static. On top of that, I feel parked between who I was and whoever comes next. When I try to explain it, then a crash hits and answering a text feels huge one stretch I barely sleep and ideas pile up too fast. When I try to explain it, forward motion feels fake even when I force a routine. When I try to explain it, shame shows up when I cancel plans again. When I try to explain it, I feel parked between who I was and whoever comes next.",self.Anxiety
wish i could disappear quietly my course piled up and i feel like a burden,self.SuicideWatch
"Hopelessness around uni has been intense. ive thoughts about not wanting to continue, then they pass. im trying to stay safe and talk to someone.",self.SuicideWatch
"For the last few weeks around uni I have felt hollow more than tearful. I get up, do the minimum, and then sit with that heavy quiet that makes ordinary tasks feel pointless. Friends still invite me; I say maybe and then do not go. Food tastes like cardboard some days. I am not trying to diagnose myself — I just want language for this flatness and the way interest keeps slipping away. Sleep is weird: either too much or broken. I keep hoping tomorrow will feel different and it mostly does not. Honestly, hope shows up briefly then I talk myself out of it relief and dread take turns without asking. Meanwhile, shame shows up when I cancel plans again I keep thinking I made everything harder for people around me. Also, weekends stretch out and I pretend I planned to be alone. On top of that, talking to a friend helped more than I expected.",self.depression
wish i could disappear quietly commute piled up and i feel like a burden,self.SuicideWatch
if i vanished would home even notice. that thought scares me a bit. trying not to spiral alone,self.SuicideWatch
"My energy around the relationship runs too fast. For a stretch I sleep little, talk quickly, start too many plans, and feel oddly wired. Friends say I seem restless across the week. I am not asking an app to diagnose anything medical — I want a careful theme read about racing thoughts and restlessness affecting daily life, sleep, and spending. Lately, appetite focus and spending change with the swings then a crash hits and answering a text feels huge. On top of that, irritation sits under my skin like static I snap over tiny things and then feel worse. On top of that, relief and dread take turns without asking. Some nights, I know what I should do next but my body will not start. On top of that, talking to a friend helped more than I expected. When I try to explain it, I feel parked between who I was and whoever comes next.",self.Anxiety
"Mostly I need to unload about deadlines. It is not a crisis and I am not asking for a diagnosis — just space to say I am frustrated, a bit lonely after a messy week, and weirdly relieved after writing this down. There were arguments, awkward silences, and a stretch where I felt happier than I have in months after a good conversation. Emotions are mixed: annoyance, guilt, hope, then back to annoyance. Advice optional; listening preferred. Lately, I miss having someone who just checks in without being asked rooms feel louder when nobody texts back. When I try to explain it, today was lighter than yesterday and that surprised me. Meanwhile, I am angry that I have to carry this alone. Some nights, I catch myself writing messages I never send. Some nights, weekends stretch out and I pretend I planned to be alone. Honestly, then a crash hits and answering a text feels huge friends notice I flip between wired and wiped.",self.offmychest
"My energy around my shifts dropped after a stretch of doing too much. Now the crash is here and I can barely reply to a message. Heavy limbs, flat mood, cancelled plans, and shame about what I started. I am not asking an app to diagnose anything medical — I want a careful theme read about low mood and energy-down days affecting daily life, sleep, and follow-through. Honestly, relief and dread take turns without asking. Honestly, I feel parked between who I was and whoever comes next plans sit in notes apps untouched for weeks. Meanwhile, then a crash hits and answering a text feels huge. Meanwhile, friends notice I flip between wired and wiped one stretch I barely sleep and ideas pile up too fast. On top of that, I scroll through chats and put my phone down again. Honestly, I snap over tiny things and then feel worse I am angry that I have to carry this alone.",self.depression
"For the last few weeks around sleep I have felt hollow more than tearful. I get up, do the minimum, and then sit with that heavy quiet that makes ordinary tasks feel pointless. Friends still invite me; I say maybe and then do not go. Food tastes like cardboard some days. I am not trying to diagnose myself — I just want language for this flatness and the way interest keeps slipping away. Sleep is weird: either too much or broken. I keep hoping tomorrow will feel different and it mostly does not. Some nights, I keep thinking I made everything harder for people around me I replay awkward moments until they feel larger than they were. Also, I keep replaying the last conversation like I can edit it I still flinch when their name shows up somewhere random. Meanwhile, I go through the motions and feel buffered from myself.",self.depression
unloading about my course. pride stopped me telling mates. tomorrow ill try again tonight im moaning,self.offmychest
i keep typing then deleting started commute projects then i cant answer a text friends notice im down and slow,self.depression
"I am trying to describe the wired stretch without claiming a clinical label. Around deadlines, racing ideas, irritability, and nights where sleep feels optional show up together. I spend more, promise more, and feel sharp in a way that later looks reckless. Tracking sleep helps a bit. Stress can trigger the restlessness. Mixed days confuse me — restless and tense at once. Please reflect the racing and worry pattern supportively and keep language non-diagnostic; I already know software cannot replace a clinician. Some nights, I keep replaying the last conversation like I can edit it. When I try to explain it, weekends stretch out and I pretend I planned to be alone rooms feel louder when nobody texts back. Also, today was lighter than yesterday and that surprised me talking to a friend helped more than I expected. When I try to explain it, irritation sits under my skin like static. On top of that, friends notice I flip between wired and wiped. Honestly, I keep thinking I made everything harder for people around me shame shows up when I cancel plans again. Meanwhile, I miss having someone who just checks in without being asked. In the mornings, emotions arrive late or not at all music that used to hit does nothing. In the mornings, I miss having someone who just checks in without being asked rooms feel louder when nobody texts back. Honestly, emotions arrive late or not at all. Lately, I replay awkward moments until they feel larger than they were. On top of that, I know what I should do next but my body will not start. When I try to explain it, shame shows up when I cancel plans again I keep thinking I made everything harder for people around me. Also, rooms feel louder when nobody texts back weekends stretch out and I pretend I planned to be alone. Honestly, I snap over tiny things and then feel worse. Meanwhile, I am angry that I have to carry this alone irritation sits under my skin like static. Meanwhile, I go through the motions and feel buffered from myself emotions arrive late or not at all.",self.Anxiety
some days this term im wired and sharp. could be stress could be more. idk,self.Anxiety
"This is a long vent about my ex and the pile of ordinary human feelings that came with it. Heartbreak from a friendship cooling off, loneliness on Sundays, stress about money, then a surprising afternoon where I felt genuinely happy walking home. I also feel stuck about next steps and a little ashamed that small things rattled me. Mixed feelings are the point: anger one hour, soft hope the next. I do not want clinical language — I want acknowledgement that dumping this out is allowed, plus gentle support options if I want them later. Tomorrow I will try again; tonight I just needed somewhere to put the words. On top of that, I still flinch when their name shows up somewhere random I catch myself writing messages I never send. In the mornings, I catch myself writing messages I never send I keep replaying the last conversation like I can edit it. In the mornings, I keep replaying the last conversation like I can edit it. When I try to explain it, I miss having someone who just checks in without being asked I scroll through chats and put my phone down again. Some nights, I miss having someone who just checks in without being asked rooms feel louder when nobody texts back. Some nights, I go through the motions and feel buffered from myself music that used to hit does nothing. In the mornings, then a crash hits and answering a text feels huge one stretch I barely sleep and ideas pile up too fast. In the mornings, I keep replaying the last conversation like I can edit it. When I try to explain it, plans sit in notes apps untouched for weeks forward motion feels fake even when I force a routine. In the mornings, I know what I should do next but my body will not start. Some nights, I snap over tiny things and then feel worse irritation sits under my skin like static. Some nights, relief and dread take turns without asking I am grateful for small kindnesses and still tense underneath. In the mornings, I snap over tiny things and then feel worse I am angry that I have to carry this alone.",self.offmychest
"Tonight the hopelessness around my shifts is loud. I am not making a plan and I do not want to describe anything graphic — I just keep having thoughts about not wanting to continue, then they ebb. I am staying somewhere safe and telling myself to get through the next hour. Writing this is me choosing help over silence. If it worsens I will contact a support line. When I try to explain it, one stretch I barely sleep and ideas pile up too fast. Meanwhile, some days I miss the person, some days I miss who I was with them I catch myself writing messages I never send. Lately, weekends stretch out and I pretend I planned to be alone. On top of that, plans sit in notes apps untouched for weeks forward motion feels fake even when I force a routine.",self.SuicideWatch
"My energy around deadlines runs too fast. For a stretch I sleep little, talk quickly, start too many plans, and feel oddly wired. Friends say I seem restless across the week. I am not asking an app to diagnose anything medical — I want a careful theme read about racing thoughts and restlessness affecting daily life, sleep, and spending. In the mornings, then a crash hits and answering a text feels huge friends notice I flip between wired and wiped. Honestly, some days I miss the person, some days I miss who I was with them. In the mornings, relief and dread take turns without asking hope shows up briefly then I talk myself out of it. Also, hope shows up briefly then I talk myself out of it I am grateful for small kindnesses and still tense underneath. Honestly, music that used to hit does nothing emotions arrive late or not at all.",self.Anxiety
sleep vanished while dealing with my mates. mood followed the restlessness. i keep typing then deleting,self.Anxiety
"I am trying to describe the wired stretch without claiming a clinical label. Around my ex, racing ideas, irritability, and nights where sleep feels optional show up together. I spend more, promise more, and feel sharp in a way that later looks reckless. Tracking sleep helps a bit. Stress can trigger the restlessness. Mixed days confuse me — restless and tense at once. Please reflect the racing and worry pattern supportively and keep language non-diagnostic; I already know software cannot replace a clinician. On top of that, I am angry that I have to carry this alone. Also, I miss having someone who just checks in without being asked I scroll through chats and put my phone down again. Lately, I replay awkward moments until they feel larger than they were shame shows up when I cancel plans again. When I try to explain it, relief and dread take turns without asking. Also, irritation sits under my skin like static. Some nights, forward motion feels fake even when I force a routine I feel parked between who I was and whoever comes next. In the mornings, I keep thinking I made everything harder for people around me shame shows up when I cancel plans again. In the mornings, then a crash hits and answering a text feels huge. On top of that, I keep thinking I made everything harder for people around me shame shows up when I cancel plans again. On top of that, I miss having someone who just checks in without being asked I scroll through chats and put my phone down again. In the mornings, I feel parked between who I was and whoever comes next I know what I should do next but my body will not start. When I try to explain it, I am angry that I have to carry this alone. On top of that, plans sit in notes apps untouched for weeks. On top of that, I snap over tiny things and then feel worse. Honestly, I snap over tiny things and then feel worse irritation sits under my skin like static.",self.Anxiety
"My energy around my shifts dropped after a stretch of doing too much. Now the crash is here and I can barely reply to a message. Heavy limbs, flat mood, cancelled plans, and shame about what I started. I am not asking an app to diagnose anything medical — I want a careful theme read about low mood and energy-down days affecting daily life, sleep, and follow-through. Also, emotions arrive late or not at all. Lately, I can laugh at a meme and feel hollow five minutes later I am grateful for small kindnesses and still tense underneath. In the mornings, emotions arrive late or not at all I go through the motions and feel buffered from myself. Some nights, I know what I should do next but my body will not start. Also, music that used to hit does nothing I go through the motions and feel buffered from myself.",self.depression
Before home I spiral into what-ifs. I leave early even when people are kind.,self.Anxiety
"For the last few weeks around the library I have felt hollow more than tearful. I get up, do the minimum, and then sit with that heavy quiet that makes ordinary tasks feel pointless. Friends still invite me; I say maybe and then do not go. Food tastes like cardboard some days. I am not trying to diagnose myself — I just want language for this flatness and the way interest keeps slipping away. Sleep is weird: either too much or broken. I keep hoping tomorrow will feel different and it mostly does not. On top of that, friends notice I flip between wired and wiped one stretch I barely sleep and ideas pile up too fast. Lately, I snap over tiny things and then feel worse. Also, forward motion feels fake even when I force a routine. Meanwhile, irritation sits under my skin like static I snap over tiny things and then feel worse.",self.depression
"Tonight the hopelessness around my course is loud. I am not making a plan and I do not want to describe anything graphic — I just keep having thoughts about not wanting to continue, then they ebb. I am staying somewhere safe and telling myself to get through the next hour. Writing this is me choosing help over silence. If it worsens I will contact a support line. Meanwhile, shame shows up when I cancel plans again. When I try to explain it, weekends stretch out and I pretend I planned to be alone. When I try to explain it, forward motion feels fake even when I force a routine I feel parked between who I was and whoever comes next. When I try to explain it, I snap over tiny things and then feel worse irritation sits under my skin like static.",self.SuicideWatch
"Tonight the hopelessness around group chat is loud. I am not making a plan and I do not want to describe anything graphic — I just keep having thoughts about not wanting to continue, then they ebb. I am staying somewhere safe and telling myself to get through the next hour. Writing this is me choosing help over silence. If it worsens I will contact a support line. Honestly, I snap over tiny things and then feel worse. On top of that, then a crash hits and answering a text feels huge. Lately, I am angry that I have to carry this alone irritation sits under my skin like static. Some nights, shame shows up when I cancel plans again. In the mornings, one stretch I barely sleep and ideas pile up too fast then a crash hits and answering a text feels huge.",self.SuicideWatch
i feel guilty admitting how frustrated my course made me. Writing it here releases the pressure without a big confrontation.,self.offmychest
messages stress sits in my chest. not crying just restless and snappy. i keep typing then deleting,self.Anxiety
tbh my ex makes my stomach drop. i rehearse conversations then avoid them. sleep is broken cos my brain wont shut up,self.Anxiety
"I am trying to describe the wired stretch without claiming a clinical label. Around the relationship, racing ideas, irritability, and nights where sleep feels optional show up together. I spend more, promise more, and feel sharp in a way that later looks reckless. Tracking sleep helps a bit. Stress can trigger the restlessness. Mixed days confuse me — restless and tense at once. Please reflect the racing and worry pattern supportively and keep language non-diagnostic; I already know software cannot replace a clinician. Meanwhile, shame shows up when I cancel plans again. Meanwhile, I keep thinking I made everything harder for people around me. In the mornings, I know what I should do next but my body will not start forward motion feels fake even when I force a routine. Also, appetite focus and spending change with the swings one stretch I barely sleep and ideas pile up too fast. Honestly, one stretch I barely sleep and ideas pile up too fast. Honestly, appetite focus and spending change with the swings friends notice I flip between wired and wiped. Meanwhile, then a crash hits and answering a text feels huge. Some nights, forward motion feels fake even when I force a routine I know what I should do next but my body will not start. When I try to explain it, emotions arrive late or not at all. Meanwhile, I am not fixed but I can see a thinner path forward. Also, plans sit in notes apps untouched for weeks. Honestly, relief and dread take turns without asking I am grateful for small kindnesses and still tense underneath. In the mornings, irritation sits under my skin like static. In the mornings, shame shows up when I cancel plans again. On top of that, I feel parked between who I was and whoever comes next forward motion feels fake even when I force a routine. Lately, today was lighter than yesterday and that surprised me. Some nights, friends notice I flip between wired and wiped then a crash hits and answering a text feels huge. Some nights, I miss having someone who just checks in without being asked.",self.Anxiety
everything with this term feels pointless and heavy sometimes i wonder what the point of next week is not saying im going to do anything just exhausted of fighting,self.SuicideWatch
"I keep writing and deleting this because talking about low mood around my shifts still feels dramatic even when it has lasted months. Mornings are the worst: I wake already tired, scroll without absorbing anything, and bargain with myself to shower. Showers help for twenty minutes. Then the flatness returns. I cancel plans, leave laundry in bags, and tell people I am busy when I am actually staring at a wall. Concentration for coursework or shifts is thin; I reread the same paragraph. There is guilt about being distant, then numbness that makes the guilt feel far away. Some evenings I cry without a clear story; other evenings I feel nothing and that scares me more. I am not looking for a clinical label from an app — I want a careful read of how heavy this has been and whether support options might help while I try to rebuild a bit of routine. Meanwhile, then a crash hits and answering a text feels huge appetite focus and spending change with the swings. Honestly, I am grateful for small kindnesses and still tense underneath I can laugh at a meme and feel hollow five minutes later. Some nights, one stretch I barely sleep and ideas pile up too fast friends notice I flip between wired and wiped. Meanwhile, some days I miss the person, some days I miss who I was with them. Some nights, some days I miss the person, some days I miss who I was with them. Some nights, relief and dread take turns without asking I am grateful for small kindnesses and still tense underneath. Meanwhile, friends notice I flip between wired and wiped one stretch I barely sleep and ideas pile up too fast. In the mornings, I keep thinking I made everything harder for people around me I replay awkward moments until they feel larger than they were. Honestly, plans sit in notes apps untouched for weeks I feel parked between who I was and whoever comes next. Meanwhile, one stretch I barely sleep and ideas pile up too fast appetite focus and spending change with the swings.",self.depression
whatever started my course projects then i cant answer a text. friends notice im down and slow yeah,self.depression
"Stress around sleep has stopped being a one-day spike. For weeks I wake with dread, scan for mistakes, and catastrophise tiny delays. My heart races in lectures or on the bus for no neat reason. I ask friends if everything is okay then distrust the answer. Deadlines feel like cliffs. I leave early from gatherings because my hands shake. Afterward I feel drained and a bit numb, which confuses me — is it anxiety, burnout, or both? I am trying to track triggers: sleep debt, caffeine, unread emails. I do not want clinical certainty from software; I want acknowledgement that this worry loop is real and that support exists if it keeps growing. When I try to explain it, shame shows up when I cancel plans again I keep thinking I made everything harder for people around me. Honestly, plans sit in notes apps untouched for weeks. In the mornings, relief and dread take turns without asking I am grateful for small kindnesses and still tense underneath. On top of that, I snap over tiny things and then feel worse. Lately, forward motion feels fake even when I force a routine. Some nights, I can laugh at a meme and feel hollow five minutes later. In the mornings, I am angry that I have to carry this alone I snap over tiny things and then feel worse. When I try to explain it, relief and dread take turns without asking. In the mornings, I replay awkward moments until they feel larger than they were. Also, I miss having someone who just checks in without being asked rooms feel louder when nobody texts back. On top of that, one stretch I barely sleep and ideas pile up too fast friends notice I flip between wired and wiped. Lately, I keep thinking I made everything harder for people around me I replay awkward moments until they feel larger than they were. Also, I keep thinking I made everything harder for people around me. When I try to explain it, music that used to hit does nothing. On top of that, I keep replaying the last conversation like I can edit it some days I miss the person, some days I miss who I was with them.",self.Anxiety
work stress sits in my chest. not crying just restless and snappy. feels stupid writing this,self.Anxiety
just need to vent about the relationship annoying week nothing deep,self.offmychest
worried sick about messages and also weirdly flat after the panic fades. am i anxious or just burnt out lol,self.Anxiety
some days commute im wired and sharp. could be stress could be more. idk,self.Anxiety
if i vanished would the weekend even notice that thought scares me a bit trying not to spiral alone,self.SuicideWatch
"Tonight the hopelessness around home is loud. I am not making a plan and I do not want to describe anything graphic — I just keep having thoughts about not wanting to continue, then they ebb. I am staying somewhere safe and telling myself to get through the next hour. Writing this is me choosing help over silence. If it worsens I will contact a support line. In the mornings, talking to a friend helped more than I expected I finished something small and felt a real spark of pride. Honestly, talking to a friend helped more than I expected I finished something small and felt a real spark of pride. In the mornings, shame shows up when I cancel plans again. Meanwhile, some days I miss the person, some days I miss who I was with them I catch myself writing messages I never send.",self.SuicideWatch
"Tonight the hopelessness around my room is loud. I am not making a plan and I do not want to describe anything graphic — I just keep having thoughts about not wanting to continue, then they ebb. I am staying somewhere safe and telling myself to get through the next hour. Writing this is me choosing help over silence. If it worsens I will contact a support line. When I try to explain it, I still flinch when their name shows up somewhere random. On top of that, plans sit in notes apps untouched for weeks. Meanwhile, forward motion feels fake even when I force a routine. When I try to explain it, I snap over tiny things and then feel worse. On top of that, shame shows up when I cancel plans again I replay awkward moments until they feel larger than they were.",self.SuicideWatch
Hopelessness around my shifts has been intense I have thoughts about not wanting to continue then they pass I am trying to stay safe and talk to someone,self.SuicideWatch
"Tonight the hopelessness around my course is loud. I am not making a plan and I do not want to describe anything graphic — I just keep having thoughts about not wanting to continue, then they ebb. I am staying somewhere safe and telling myself to get through the next hour. Writing this is me choosing help over silence. If it worsens I will contact a support line. Also, I keep replaying the last conversation like I can edit it some days I miss the person, some days I miss who I was with them. Meanwhile, weekends stretch out and I pretend I planned to be alone. Honestly, hope shows up briefly then I talk myself out of it. On top of that, I feel parked between who I was and whoever comes next plans sit in notes apps untouched for weeks.",self.SuicideWatch
family has me drained chest feels tight some nights then i feel nothing next morning tbh,self.depression
"Tonight the hopelessness around commute is loud. I am not making a plan and I do not want to describe anything graphic — I just keep having thoughts about not wanting to continue, then they ebb. I am staying somewhere safe and telling myself to get through the next hour. Writing this is me choosing help over silence. If it worsens I will contact a support line. In the mornings, some days I miss the person, some days I miss who I was with them I keep replaying the last conversation like I can edit it. Also, shame shows up when I cancel plans again I keep thinking I made everything harder for people around me. Honestly, I keep replaying the last conversation like I can edit it some days I miss the person, some days I miss who I was with them.",self.SuicideWatch
ideas for my room came then i cant move. wiped out all week.,self.depression
worried sick about my course and also weirdly flat after the panic fades am i anxious or just burnt out,self.Anxiety
"For the last few weeks around family I have felt hollow more than tearful. I get up, do the minimum, and then sit with that heavy quiet that makes ordinary tasks feel pointless. Friends still invite me; I say maybe and then do not go. Food tastes like cardboard some days. I am not trying to diagnose myself — I just want language for this flatness and the way interest keeps slipping away. Sleep is weird: either too much or broken. I keep hoping tomorrow will feel different and it mostly does not. When I try to explain it, I keep thinking I made everything harder for people around me shame shows up when I cancel plans again. Lately, I can laugh at a meme and feel hollow five minutes later. On top of that, I keep replaying the last conversation like I can edit it I catch myself writing messages I never send.",self.depression
"My body treats my shifts like a threat even when nothing has gone wrong yet. Chest tight, jaw locked, brain running disaster scripts. I check messages repeatedly, then feel embarrassed about checking. Sleep is shallow because I rehearse conversations at 2am. I cancel social things to avoid the spiral, which makes next week worse. This is not a diagnosis request — I want a clear reflection that this is worry and bodily tension piling up, and some gentle next steps. On top of that, one stretch I barely sleep and ideas pile up too fast. Also, I know what I should do next but my body will not start forward motion feels fake even when I force a routine. Honestly, some days I miss the person, some days I miss who I was with them I still flinch when their name shows up somewhere random. Meanwhile, I replay awkward moments until they feel larger than they were.",self.Anxiety
had to say this somewhere: the weekend was messy and im annoyed. idk,self.offmychest
"Stress around deadlines has stopped being a one-day spike. For weeks I wake with dread, scan for mistakes, and catastrophise tiny delays. My heart races in lectures or on the bus for no neat reason. I ask friends if everything is okay then distrust the answer. Deadlines feel like cliffs. I leave early from gatherings because my hands shake. Afterward I feel drained and a bit numb, which confuses me — is it anxiety, burnout, or both? I am trying to track triggers: sleep debt, caffeine, unread emails. I do not want clinical certainty from software; I want acknowledgement that this worry loop is real and that support exists if it keeps growing. Also, I snap over tiny things and then feel worse. In the mornings, plans sit in notes apps untouched for weeks. Meanwhile, talking to a friend helped more than I expected. Meanwhile, I know what I should do next but my body will not start. When I try to explain it, shame shows up when I cancel plans again. On top of that, I miss having someone who just checks in without being asked. Lately, I still flinch when their name shows up somewhere random I catch myself writing messages I never send. Meanwhile, plans sit in notes apps untouched for weeks. Meanwhile, music that used to hit does nothing. Lately, today was lighter than yesterday and that surprised me. Meanwhile, today was lighter than yesterday and that surprised me I am not fixed but I can see a thinner path forward. Honestly, emotions arrive late or not at all. Meanwhile, one stretch I barely sleep and ideas pile up too fast friends notice I flip between wired and wiped. Also, shame shows up when I cancel plans again. Some nights, one stretch I barely sleep and ideas pile up too fast friends notice I flip between wired and wiped. Meanwhile, I go through the motions and feel buffered from myself music that used to hit does nothing. In the mornings, I catch myself writing messages I never send. Meanwhile, relief and dread take turns without asking I am grateful for small kindnesses and still tense underneath.",self.Anxiety
some days the flat im wired and sharp. could be stress could be more. idk,self.Anxiety
"For the last few weeks around my shifts I have felt hollow more than tearful. I get up, do the minimum, and then sit with that heavy quiet that makes ordinary tasks feel pointless. Friends still invite me; I say maybe and then do not go. Food tastes like cardboard some days. I am not trying to diagnose myself — I just want language for this flatness and the way interest keeps slipping away. Sleep is weird: either too much or broken. I keep hoping tomorrow will feel different and it mostly does not. When I try to explain it, forward motion feels fake even when I force a routine I feel parked between who I was and whoever comes next. In the mornings, I still flinch when their name shows up somewhere random. When I try to explain it, friends notice I flip between wired and wiped. Meanwhile, I miss having someone who just checks in without being asked I scroll through chats and put my phone down again.",self.depression
"around group chat I have been low for a while. I still show up but interest is gone and I replay mistakes until I shut down. Not looking for a label, just stuck.",self.depression
"Tonight the hopelessness around group chat is loud. I am not making a plan and I do not want to describe anything graphic — I just keep having thoughts about not wanting to continue, then they ebb. I am staying somewhere safe and telling myself to get through the next hour. Writing this is me choosing help over silence. If it worsens I will contact a support line. In the mornings, I can laugh at a meme and feel hollow five minutes later. Honestly, emotions arrive late or not at all music that used to hit does nothing. When I try to explain it, I miss having someone who just checks in without being asked. In the mornings, shame shows up when I cancel plans again. Some nights, I am not fixed but I can see a thinner path forward.",self.SuicideWatch
everything with commute feels pointless and heavy sometimes i wonder what the point of next week is not saying im going to do anything just exhausted of fighting yeah,self.SuicideWatch
I feel trapped by my course. Ideation comes in waves. Writing this so it is not only in my head. I want help more than I want to act on those thoughts. ...,self.SuicideWatch
"Mostly I need to unload about money. It is not a crisis and I am not asking for a diagnosis — just space to say I am frustrated, a bit lonely after a messy week, and weirdly relieved after writing this down. There were arguments, awkward silences, and a stretch where I felt happier than I have in months after a good conversation. Emotions are mixed: annoyance, guilt, hope, then back to annoyance. Advice optional; listening preferred. Honestly, irritation sits under my skin like static. In the mornings, weekends stretch out and I pretend I planned to be alone rooms feel louder when nobody texts back. When I try to explain it, then a crash hits and answering a text feels huge. Meanwhile, emotions arrive late or not at all. Lately, I feel parked between who I was and whoever comes next. In the mornings, friends notice I flip between wired and wiped.",self.offmychest
stressed about my mates but also just... numb? worry comes then fades into nothing. hard to tell if im overthinking or just done yeah,self.depression
"My energy around the relationship dropped after a stretch of doing too much. Now the crash is here and I can barely reply to a message. Heavy limbs, flat mood, cancelled plans, and shame about what I started. I am not asking an app to diagnose anything medical — I want a careful theme read about low mood and energy-down days affecting daily life, sleep, and follow-through. Some nights, I snap over tiny things and then feel worse I am angry that I have to carry this alone. When I try to explain it, friends notice I flip between wired and wiped. Also, appetite focus and spending change with the swings friends notice I flip between wired and wiped. On top of that, I miss having someone who just checks in without being asked. Some nights, I scroll through chats and put my phone down again weekends stretch out and I pretend I planned to be alone.",self.depression
"Tonight the hopelessness around home is loud. I am not making a plan and I do not want to describe anything graphic — I just keep having thoughts about not wanting to continue, then they ebb. I am staying somewhere safe and telling myself to get through the next hour. Writing this is me choosing help over silence. If it worsens I will contact a support line. Honestly, I feel parked between who I was and whoever comes next. Some nights, shame shows up when I cancel plans again I keep thinking I made everything harder for people around me. Honestly, some days I miss the person, some days I miss who I was with them. When I try to explain it, I am angry that I have to carry this alone. On top of that, I am not fixed but I can see a thinner path forward I finished something small and felt a real spark of pride.",self.SuicideWatch
unloading about the weekend. pride stopped me telling mates. tomorrow ill try again tonight im moaning ...,self.offmychest
I feel trapped by commute Ideation comes in waves Writing this so it is not only in my head I want help more than I want to act on those thoughts,self.SuicideWatch
I feel guilty admitting how frustrated group chat made me. Writing it here releases the pressure without a big confrontation.,self.offmychest
"Mostly I need to unload about home. It is not a crisis and I am not asking for a diagnosis — just space to say I am frustrated, a bit lonely after a messy week, and weirdly relieved after writing this down. There were arguments, awkward silences, and a stretch where I felt happier than I have in months after a good conversation. Emotions are mixed: annoyance, guilt, hope, then back to annoyance. Advice optional; listening preferred. On top of that, friends notice I flip between wired and wiped appetite focus and spending change with the swings. Also, I go through the motions and feel buffered from myself. Also, I scroll through chats and put my phone down again. Some nights, one stretch I barely sleep and ideas pile up too fast appetite focus and spending change with the swings. Meanwhile, shame shows up when I cancel plans again. On top of that, weekends stretch out and I pretend I planned to be alone rooms feel louder when nobody texts back.",self.offmychest
before work I spiral into what-ifs. I leave early even when people are kind.,self.Anxiety
"I need to put this somewhere before it only lives in my head. For days around group chat I have had waves of not wanting to be here. They are thoughts, not a plan, and that distinction matters to me. Still, the heaviness makes ordinary life feel unreachable. I have told a friend I am struggling and I am trying to stay with people tonight. I want support more than I want those thoughts to win. Please treat this as distress that needs care pathways, not as something to analyse clinically. I will reach out further if the wave gets worse. Lately, weekends stretch out and I pretend I planned to be alone. Lately, I go through the motions and feel buffered from myself music that used to hit does nothing. When I try to explain it, I snap over tiny things and then feel worse irritation sits under my skin like static. Lately, shame shows up when I cancel plans again I keep thinking I made everything harder for people around me. On top of that, I am not fixed but I can see a thinner path forward. Honestly, plans sit in notes apps untouched for weeks. Lately, I catch myself writing messages I never send I keep replaying the last conversation like I can edit it. In the mornings, I can laugh at a meme and feel hollow five minutes later. Also, I finished something small and felt a real spark of pride today was lighter than yesterday and that surprised me. Lately, I catch myself writing messages I never send I still flinch when their name shows up somewhere random. Some nights, I catch myself writing messages I never send. On top of that, I snap over tiny things and then feel worse irritation sits under my skin like static.",self.SuicideWatch
"My energy around work dropped after a stretch of doing too much. Now the crash is here and I can barely reply to a message. Heavy limbs, flat mood, cancelled plans, and shame about what I started. I am not asking an app to diagnose anything medical — I want a careful theme read about low mood and energy-down days affecting daily life, sleep, and follow-through. Honestly, hope shows up briefly then I talk myself out of it. Lately, I keep thinking I made everything harder for people around me I replay awkward moments until they feel larger than they were. On top of that, then a crash hits and answering a text feels huge one stretch I barely sleep and ideas pile up too fast. Also, I feel parked between who I was and whoever comes next. In the mornings, I feel parked between who I was and whoever comes next.",self.depression
"My body treats commute like a threat even when nothing has gone wrong yet. Chest tight, jaw locked, brain running disaster scripts. I check messages repeatedly, then feel embarrassed about checking. Sleep is shallow because I rehearse conversations at 2am. I cancel social things to avoid the spiral, which makes next week worse. This is not a diagnosis request — I want a clear reflection that this is worry and bodily tension piling up, and some gentle next steps. In the mornings, I am angry that I have to carry this alone. Honestly, I keep thinking I made everything harder for people around me shame shows up when I cancel plans again. On top of that, I go through the motions and feel buffered from myself emotions arrive late or not at all. Also, I replay awkward moments until they feel larger than they were. Honestly, relief and dread take turns without asking I can laugh at a meme and feel hollow five minutes later.",self.Anxiety
"This is a long vent about deadlines and the pile of ordinary human feelings that came with it. Heartbreak from a friendship cooling off, loneliness on Sundays, stress about money, then a surprising afternoon where I felt genuinely happy walking home. I also feel stuck about next steps and a little ashamed that small things rattled me. Mixed feelings are the point: anger one hour, soft hope the next. I do not want clinical language — I want acknowledgement that dumping this out is allowed, plus gentle support options if I want them later. Tomorrow I will try again; tonight I just needed somewhere to put the words. Honestly, music that used to hit does nothing. Lately, I feel parked between who I was and whoever comes next. Lately, I keep replaying the last conversation like I can edit it. Some nights, music that used to hit does nothing. Also, I feel parked between who I was and whoever comes next. Lately, I can laugh at a meme and feel hollow five minutes later relief and dread take turns without asking. Meanwhile, relief and dread take turns without asking. In the mornings, friends notice I flip between wired and wiped. In the mornings, I keep thinking I made everything harder for people around me. Honestly, I go through the motions and feel buffered from myself. In the mornings, I can laugh at a meme and feel hollow five minutes later I am grateful for small kindnesses and still tense underneath. When I try to explain it, I catch myself writing messages I never send some days I miss the person, some days I miss who I was with them. Some nights, appetite focus and spending change with the swings. On top of that, irritation sits under my skin like static I am angry that I have to carry this alone. Lately, I catch myself writing messages I never send some days I miss the person, some days I miss who I was with them. Some nights, I go through the motions and feel buffered from myself. On top of that, I scroll through chats and put my phone down again weekends stretch out and I pretend I planned to be alone.",self.offmychest
"Mostly I need to unload about uni. It is not a crisis and I am not asking for a diagnosis — just space to say I am frustrated, a bit lonely after a messy week, and weirdly relieved after writing this down. There were arguments, awkward silences, and a stretch where I felt happier than I have in months after a good conversation. Emotions are mixed: annoyance, guilt, hope, then back to annoyance. Advice optional; listening preferred. Honestly, some days I miss the person, some days I miss who I was with them I still flinch when their name shows up somewhere random. Lately, I replay awkward moments until they feel larger than they were. When I try to explain it, I scroll through chats and put my phone down again. Lately, I am not fixed but I can see a thinner path forward. Meanwhile, shame shows up when I cancel plans again.",self.offmychest
"I need to put this somewhere before it only lives in my head. For days around deadlines I have had waves of not wanting to be here. They are thoughts, not a plan, and that distinction matters to me. Still, the heaviness makes ordinary life feel unreachable. I have told a friend I am struggling and I am trying to stay with people tonight. I want support more than I want those thoughts to win. Please treat this as distress that needs care pathways, not as something to analyse clinically. I will reach out further if the wave gets worse. Also, emotions arrive late or not at all. In the mornings, shame shows up when I cancel plans again. Some nights, emotions arrive late or not at all. Meanwhile, I am angry that I have to carry this alone. Honestly, I keep replaying the last conversation like I can edit it. When I try to explain it, relief and dread take turns without asking. Honestly, music that used to hit does nothing. In the mornings, talking to a friend helped more than I expected I am not fixed but I can see a thinner path forward. When I try to explain it, I feel parked between who I was and whoever comes next. Honestly, I scroll through chats and put my phone down again weekends stretch out and I pretend I planned to be alone. Lately, friends notice I flip between wired and wiped appetite focus and spending change with the swings. Meanwhile, I am angry that I have to carry this alone irritation sits under my skin like static. On top of that, I still flinch when their name shows up somewhere random I keep replaying the last conversation like I can edit it. On top of that, rooms feel louder when nobody texts back.",self.SuicideWatch
just need to vent about group chat. annoying week nothing deep.,self.offmychest
"I need to put this somewhere before it only lives in my head. For days around my shifts I have had waves of not wanting to be here. They are thoughts, not a plan, and that distinction matters to me. Still, the heaviness makes ordinary life feel unreachable. I have told a friend I am struggling and I am trying to stay with people tonight. I want support more than I want those thoughts to win. Please treat this as distress that needs care pathways, not as something to analyse clinically. I will reach out further if the wave gets worse. Lately, I am angry that I have to carry this alone. In the mornings, I am angry that I have to carry this alone. On top of that, talking to a friend helped more than I expected today was lighter than yesterday and that surprised me. Some nights, one stretch I barely sleep and ideas pile up too fast then a crash hits and answering a text feels huge. Honestly, irritation sits under my skin like static I snap over tiny things and then feel worse. Lately, appetite focus and spending change with the swings. Lately, hope shows up briefly then I talk myself out of it. Meanwhile, appetite focus and spending change with the swings then a crash hits and answering a text feels huge. When I try to explain it, irritation sits under my skin like static. Also, hope shows up briefly then I talk myself out of it I am grateful for small kindnesses and still tense underneath. On top of that, I am angry that I have to carry this alone. In the mornings, I am not fixed but I can see a thinner path forward. When I try to explain it, irritation sits under my skin like static.",self.SuicideWatch
heart racing before family again. worst case playlist on loop. ...,self.Anxiety
then nothing after the relationship sleep appetite focus all crashed sitting there empty,self.depression
"Hopelessness around sleep has been intense. I have thoughts about not wanting to continue, then they pass. I am trying to stay safe and talk to someone.",self.SuicideWatch
"Tonight the hopelessness around work is loud. I am not making a plan and I do not want to describe anything graphic — I just keep having thoughts about not wanting to continue, then they ebb. I am staying somewhere safe and telling myself to get through the next hour. Writing this is me choosing help over silence. If it worsens I will contact a support line. Also, I keep replaying the last conversation like I can edit it some days I miss the person, some days I miss who I was with them. On top of that, plans sit in notes apps untouched for weeks. Honestly, appetite focus and spending change with the swings. Honestly, today was lighter than yesterday and that surprised me talking to a friend helped more than I expected. Meanwhile, irritation sits under my skin like static I am angry that I have to carry this alone.",self.SuicideWatch
Energy around uni will not sit still. Elevated spells feel risky; I talk too fast and try to track the restlessness.,self.Anxiety
uncertainty around the relationship keeps me scanning for danger I seek reassurance then doubt it five minutes later Physical tension will not switch off,self.Anxiety
worried sick about the library and also weirdly flat after the panic fades. am i anxious or just burnt out,self.Anxiety
"I need to put this somewhere before it only lives in my head. For days around my course I have had waves of not wanting to be here. They are thoughts, not a plan, and that distinction matters to me. Still, the heaviness makes ordinary life feel unreachable. I have told a friend I am struggling and I am trying to stay with people tonight. I want support more than I want those thoughts to win. Please treat this as distress that needs care pathways, not as something to analyse clinically. I will reach out further if the wave gets worse. In the mornings, I am grateful for small kindnesses and still tense underneath. On top of that, I catch myself writing messages I never send I keep replaying the last conversation like I can edit it. In the mornings, I am angry that I have to carry this alone I snap over tiny things and then feel worse. In the mornings, I snap over tiny things and then feel worse irritation sits under my skin like static. Honestly, I go through the motions and feel buffered from myself music that used to hit does nothing. Meanwhile, friends notice I flip between wired and wiped then a crash hits and answering a text feels huge. In the mornings, talking to a friend helped more than I expected. Also, emotions arrive late or not at all music that used to hit does nothing. In the mornings, I am angry that I have to carry this alone. Lately, then a crash hits and answering a text feels huge. Meanwhile, shame shows up when I cancel plans again. Also, one stretch I barely sleep and ideas pile up too fast. In the mornings, I finished something small and felt a real spark of pride.",self.SuicideWatch
I feel trapped by my shifts. Ideation comes in waves. Writing this so it is not only in my head. I want help more than I want to act on those thoughts.,self.SuicideWatch
"This is a long vent about the relationship and the pile of ordinary human feelings that came with it. Heartbreak from a friendship cooling off, loneliness on Sundays, stress about money, then a surprising afternoon where I felt genuinely happy walking home. I also feel stuck about next steps and a little ashamed that small things rattled me. Mixed feelings are the point: anger one hour, soft hope the next. I do not want clinical language — I want acknowledgement that dumping this out is allowed, plus gentle support options if I want them later. Tomorrow I will try again; tonight I just needed somewhere to put the words. Also, irritation sits under my skin like static I am angry that I have to carry this alone. On top of that, I am angry that I have to carry this alone. When I try to explain it, I replay awkward moments until they feel larger than they were. On top of that, emotions arrive late or not at all I go through the motions and feel buffered from myself. In the mornings, music that used to hit does nothing. Meanwhile, I am grateful for small kindnesses and still tense underneath hope shows up briefly then I talk myself out of it. When I try to explain it, some days I miss the person, some days I miss who I was with them. In the mornings, emotions arrive late or not at all. In the mornings, rooms feel louder when nobody texts back. Lately, I am angry that I have to carry this alone. In the mornings, I miss having someone who just checks in without being asked I scroll through chats and put my phone down again. On top of that, one stretch I barely sleep and ideas pile up too fast. Some nights, shame shows up when I cancel plans again. Some nights, hope shows up briefly then I talk myself out of it relief and dread take turns without asking. Also, today was lighter than yesterday and that surprised me I finished something small and felt a real spark of pride.",self.offmychest
i feel guilty admitting how frustrated my room made me. Writing it here releases the pressure without a big confrontation.,self.offmychest
two days buzzing about my shifts barely sleeping. brain wont sit still.,self.Anxiety
This is more of a vent than anything else: family went sideways and I keep replaying the awkward parts. Advice optional. ...,self.offmychest
whatever started the weekend projects at 2am felt unstoppable wired. friends say i flip too quick,self.Anxiety
"My body treats messages like a threat even when nothing has gone wrong yet. Chest tight, jaw locked, brain running disaster scripts. I check messages repeatedly, then feel embarrassed about checking. Sleep is shallow because I rehearse conversations at 2am. I cancel social things to avoid the spiral, which makes next week worse. This is not a diagnosis request — I want a clear reflection that this is worry and bodily tension piling up, and some gentle next steps. Meanwhile, I go through the motions and feel buffered from myself music that used to hit does nothing. On top of that, I am not fixed but I can see a thinner path forward today was lighter than yesterday and that surprised me. In the mornings, rooms feel louder when nobody texts back I miss having someone who just checks in without being asked. On top of that, I know what I should do next but my body will not start.",self.Anxiety
"I need to put this somewhere before it only lives in my head. For days around home I have had waves of not wanting to be here. They are thoughts, not a plan, and that distinction matters to me. Still, the heaviness makes ordinary life feel unreachable. I have told a friend I am struggling and I am trying to stay with people tonight. I want support more than I want those thoughts to win. Please treat this as distress that needs care pathways, not as something to analyse clinically. I will reach out further if the wave gets worse. Honestly, I miss having someone who just checks in without being asked. In the mornings, I keep thinking I made everything harder for people around me I replay awkward moments until they feel larger than they were. Also, I go through the motions and feel buffered from myself. In the mornings, I go through the motions and feel buffered from myself music that used to hit does nothing. Some nights, I keep replaying the last conversation like I can edit it. Lately, I keep thinking I made everything harder for people around me. In the mornings, I am angry that I have to carry this alone I snap over tiny things and then feel worse. When I try to explain it, emotions arrive late or not at all. Some nights, I feel parked between who I was and whoever comes next I know what I should do next but my body will not start. In the mornings, appetite focus and spending change with the swings. Some nights, plans sit in notes apps untouched for weeks. Also, I am not fixed but I can see a thinner path forward I finished something small and felt a real spark of pride. Also, today was lighter than yesterday and that surprised me I finished something small and felt a real spark of pride.",self.SuicideWatch
"I am trying to describe the wired stretch without claiming a clinical label. Around the weekend, racing ideas, irritability, and nights where sleep feels optional show up together. I spend more, promise more, and feel sharp in a way that later looks reckless. Tracking sleep helps a bit. Stress can trigger the restlessness. Mixed days confuse me — restless and tense at once. Please reflect the racing and worry pattern supportively and keep language non-diagnostic; I already know software cannot replace a clinician. Lately, weekends stretch out and I pretend I planned to be alone rooms feel louder when nobody texts back. Lately, hope shows up briefly then I talk myself out of it. In the mornings, some days I miss the person, some days I miss who I was with them. When I try to explain it, I feel parked between who I was and whoever comes next. Also, I still flinch when their name shows up somewhere random I keep replaying the last conversation like I can edit it. Meanwhile, I can laugh at a meme and feel hollow five minutes later. Meanwhile, forward motion feels fake even when I force a routine. In the mornings, relief and dread take turns without asking I am grateful for small kindnesses and still tense underneath. In the mornings, forward motion feels fake even when I force a routine I feel parked between who I was and whoever comes next. Lately, I keep thinking I made everything harder for people around me. Some nights, emotions arrive late or not at all. On top of that, today was lighter than yesterday and that surprised me talking to a friend helped more than I expected. When I try to explain it, I snap over tiny things and then feel worse. When I try to explain it, today was lighter than yesterday and that surprised me. Honestly, today was lighter than yesterday and that surprised me I am not fixed but I can see a thinner path forward. Honestly, I can laugh at a meme and feel hollow five minutes later relief and dread take turns without asking.",self.Anxiety
"My energy around the weekend dropped after a stretch of doing too much. Now the crash is here and I can barely reply to a message. Heavy limbs, flat mood, cancelled plans, and shame about what I started. I am not asking an app to diagnose anything medical — I want a careful theme read about low mood and energy-down days affecting daily life, sleep, and follow-through. On top of that, music that used to hit does nothing. On top of that, I am not fixed but I can see a thinner path forward today was lighter than yesterday and that surprised me. Meanwhile, I miss having someone who just checks in without being asked. Lately, I am not fixed but I can see a thinner path forward today was lighter than yesterday and that surprised me. In the mornings, I can laugh at a meme and feel hollow five minutes later.",self.depression
"I need to put this somewhere before it only lives in my head. For days around money I have had waves of not wanting to be here. They are thoughts, not a plan, and that distinction matters to me. Still, the heaviness makes ordinary life feel unreachable. I have told a friend I am struggling and I am trying to stay with people tonight. I want support more than I want those thoughts to win. Please treat this as distress that needs care pathways, not as something to analyse clinically. I will reach out further if the wave gets worse. Some nights, relief and dread take turns without asking. When I try to explain it, shame shows up when I cancel plans again. Some nights, plans sit in notes apps untouched for weeks forward motion feels fake even when I force a routine. When I try to explain it, I keep thinking I made everything harder for people around me shame shows up when I cancel plans again. Meanwhile, forward motion feels fake even when I force a routine. Meanwhile, I go through the motions and feel buffered from myself. In the mornings, I keep thinking I made everything harder for people around me. Honestly, forward motion feels fake even when I force a routine I know what I should do next but my body will not start. When I try to explain it, I keep thinking I made everything harder for people around me shame shows up when I cancel plans again. In the mornings, I am not fixed but I can see a thinner path forward. Meanwhile, emotions arrive late or not at all I go through the motions and feel buffered from myself. Meanwhile, forward motion feels fake even when I force a routine I feel parked between who I was and whoever comes next.",self.SuicideWatch
"energy around messages dropped hard. The crash wipes out what I started. I feel heavy and shut down, not looking for a label. yeah",self.depression
i feel trapped by commute. Ideation comes in waves. Writing this so it is not only in my head. I want help more than I want to act on those thoughts.,self.SuicideWatch
Energy around my shifts will not sit still. Elevated spells feel risky; I talk too fast and try to track the restlessness.,self.Anxiety
I feel guilty admitting how frustrated my shifts made me Writing it here releases the pressure without a big confrontation,self.offmychest
not sure how to say this my mates is fine on paper but i cancel everything and sit there. food is meh friends feel far. not dramatic just flat for days,self.depression
anyway started work projects then i cant answer a text. friends notice im down and slow,self.depression
idk not a crisis just sick of pretending my room is fine. small stuff kept piling up and i snapped at someone. whatever,self.offmychest
"This is a long vent about money and the pile of ordinary human feelings that came with it. Heartbreak from a friendship cooling off, loneliness on Sundays, stress about money, then a surprising afternoon where I felt genuinely happy walking home. I also feel stuck about next steps and a little ashamed that small things rattled me. Mixed feelings are the point: anger one hour, soft hope the next. I do not want clinical language — I want acknowledgement that dumping this out is allowed, plus gentle support options if I want them later. Tomorrow I will try again; tonight I just needed somewhere to put the words. When I try to explain it, shame shows up when I cancel plans again I keep thinking I made everything harder for people around me. Meanwhile, weekends stretch out and I pretend I planned to be alone I scroll through chats and put my phone down again. In the mornings, emotions arrive late or not at all music that used to hit does nothing. Meanwhile, appetite focus and spending change with the swings friends notice I flip between wired and wiped. Also, today was lighter than yesterday and that surprised me talking to a friend helped more than I expected. Some nights, hope shows up briefly then I talk myself out of it I can laugh at a meme and feel hollow five minutes later. Some nights, I miss having someone who just checks in without being asked I scroll through chats and put my phone down again. When I try to explain it, I am angry that I have to carry this alone. In the mornings, I am grateful for small kindnesses and still tense underneath. Meanwhile, relief and dread take turns without asking hope shows up briefly then I talk myself out of it. Also, I still flinch when their name shows up somewhere random. Some nights, one stretch I barely sleep and ideas pile up too fast friends notice I flip between wired and wiped. Lately, I replay awkward moments until they feel larger than they were shame shows up when I cancel plans again.",self.offmychest
"I am trying to describe the wired stretch without claiming a clinical label. Around commute, racing ideas, irritability, and nights where sleep feels optional show up together. I spend more, promise more, and feel sharp in a way that later looks reckless. Tracking sleep helps a bit. Stress can trigger the restlessness. Mixed days confuse me — restless and tense at once. Please reflect the racing and worry pattern supportively and keep language non-diagnostic; I already know software cannot replace a clinician. In the mornings, one stretch I barely sleep and ideas pile up too fast. Also, forward motion feels fake even when I force a routine I know what I should do next but my body will not start. Meanwhile, I finished something small and felt a real spark of pride I am not fixed but I can see a thinner path forward. Honestly, I snap over tiny things and then feel worse. Lately, talking to a friend helped more than I expected I am not fixed but I can see a thinner path forward. Also, irritation sits under my skin like static. When I try to explain it, some days I miss the person, some days I miss who I was with them. Some nights, I go through the motions and feel buffered from myself. Honestly, I keep thinking I made everything harder for people around me shame shows up when I cancel plans again. When I try to explain it, I replay awkward moments until they feel larger than they were. When I try to explain it, I keep replaying the last conversation like I can edit it I still flinch when their name shows up somewhere random. When I try to explain it, forward motion feels fake even when I force a routine I feel parked between who I was and whoever comes next. Also, today was lighter than yesterday and that surprised me talking to a friend helped more than I expected. In the mornings, rooms feel louder when nobody texts back. Also, emotions arrive late or not at all. On top of that, friends notice I flip between wired and wiped.",self.Anxiety
"For the last few weeks around my shifts I have felt hollow more than tearful. I get up, do the minimum, and then sit with that heavy quiet that makes ordinary tasks feel pointless. Friends still invite me; I say maybe and then do not go. Food tastes like cardboard some days. I am not trying to diagnose myself — I just want language for this flatness and the way interest keeps slipping away. Sleep is weird: either too much or broken. I keep hoping tomorrow will feel different and it mostly does not. Some nights, I keep thinking I made everything harder for people around me I replay awkward moments until they feel larger than they were. When I try to explain it, I keep replaying the last conversation like I can edit it. Meanwhile, I am angry that I have to carry this alone I snap over tiny things and then feel worse.",self.depression
"I am trying to describe the wired stretch without claiming a clinical label. Around the flat, racing ideas, irritability, and nights where sleep feels optional show up together. I spend more, promise more, and feel sharp in a way that later looks reckless. Tracking sleep helps a bit. Stress can trigger the restlessness. Mixed days confuse me — restless and tense at once. Please reflect the racing and worry pattern supportively and keep language non-diagnostic; I already know software cannot replace a clinician. When I try to explain it, friends notice I flip between wired and wiped appetite focus and spending change with the swings. When I try to explain it, I am not fixed but I can see a thinner path forward talking to a friend helped more than I expected. When I try to explain it, forward motion feels fake even when I force a routine. Some nights, weekends stretch out and I pretend I planned to be alone. Honestly, music that used to hit does nothing emotions arrive late or not at all. Also, one stretch I barely sleep and ideas pile up too fast. Meanwhile, emotions arrive late or not at all music that used to hit does nothing. When I try to explain it, I keep thinking I made everything harder for people around me I replay awkward moments until they feel larger than they were. On top of that, appetite focus and spending change with the swings. Some nights, relief and dread take turns without asking hope shows up briefly then I talk myself out of it. Also, friends notice I flip between wired and wiped then a crash hits and answering a text feels huge. Lately, one stretch I barely sleep and ideas pile up too fast. When I try to explain it, friends notice I flip between wired and wiped then a crash hits and answering a text feels huge. On top of that, I know what I should do next but my body will not start. Honestly, I keep replaying the last conversation like I can edit it. In the mornings, I feel parked between who I was and whoever comes next.",self.Anxiety
i keep typing then deleting not a crisis just sick of pretending my shifts is fine small stuff kept piling up and i snapped at someone whatever ...,self.offmychest
two days buzzing about family barely sleeping. brain wont sit still. idk,self.Anxiety
"Mostly I need to unload about uni. It is not a crisis and I am not asking for a diagnosis — just space to say I am frustrated, a bit lonely after a messy week, and weirdly relieved after writing this down. There were arguments, awkward silences, and a stretch where I felt happier than I have in months after a good conversation. Emotions are mixed: annoyance, guilt, hope, then back to annoyance. Advice optional; listening preferred. On top of that, hope shows up briefly then I talk myself out of it. Some nights, I go through the motions and feel buffered from myself music that used to hit does nothing. In the mornings, I am angry that I have to carry this alone. On top of that, weekends stretch out and I pretend I planned to be alone. Meanwhile, friends notice I flip between wired and wiped then a crash hits and answering a text feels huge.",self.offmychest
"I am trying to describe the wired stretch without claiming a clinical label. Around messages, racing ideas, irritability, and nights where sleep feels optional show up together. I spend more, promise more, and feel sharp in a way that later looks reckless. Tracking sleep helps a bit. Stress can trigger the restlessness. Mixed days confuse me — restless and tense at once. Please reflect the racing and worry pattern supportively and keep language non-diagnostic; I already know software cannot replace a clinician. On top of that, talking to a friend helped more than I expected. When I try to explain it, I replay awkward moments until they feel larger than they were shame shows up when I cancel plans again. Meanwhile, today was lighter than yesterday and that surprised me. Also, friends notice I flip between wired and wiped appetite focus and spending change with the swings. Also, shame shows up when I cancel plans again I keep thinking I made everything harder for people around me. Honestly, I scroll through chats and put my phone down again weekends stretch out and I pretend I planned to be alone. In the mornings, music that used to hit does nothing I go through the motions and feel buffered from myself. Some nights, shame shows up when I cancel plans again I replay awkward moments until they feel larger than they were. Some nights, I keep replaying the last conversation like I can edit it I still flinch when their name shows up somewhere random. When I try to explain it, plans sit in notes apps untouched for weeks. Lately, I know what I should do next but my body will not start. Meanwhile, I feel parked between who I was and whoever comes next. Some nights, I scroll through chats and put my phone down again weekends stretch out and I pretend I planned to be alone. Some nights, one stretch I barely sleep and ideas pile up too fast. Honestly, music that used to hit does nothing. Some nights, I go through the motions and feel buffered from myself. Lately, then a crash hits and answering a text feels huge.",self.Anxiety
"I need to put this somewhere before it only lives in my head. For days around this term I have had waves of not wanting to be here. They are thoughts, not a plan, and that distinction matters to me. Still, the heaviness makes ordinary life feel unreachable. I have told a friend I am struggling and I am trying to stay with people tonight. I want support more than I want those thoughts to win. Please treat this as distress that needs care pathways, not as something to analyse clinically. I will reach out further if the wave gets worse. Honestly, hope shows up briefly then I talk myself out of it relief and dread take turns without asking. Honestly, weekends stretch out and I pretend I planned to be alone. When I try to explain it, irritation sits under my skin like static I snap over tiny things and then feel worse. Honestly, hope shows up briefly then I talk myself out of it. Meanwhile, I replay awkward moments until they feel larger than they were. On top of that, I keep thinking I made everything harder for people around me. Lately, today was lighter than yesterday and that surprised me talking to a friend helped more than I expected. In the mornings, emotions arrive late or not at all music that used to hit does nothing. When I try to explain it, some days I miss the person, some days I miss who I was with them. Lately, I go through the motions and feel buffered from myself. Also, appetite focus and spending change with the swings. When I try to explain it, I catch myself writing messages I never send I keep replaying the last conversation like I can edit it. Some nights, I can laugh at a meme and feel hollow five minutes later hope shows up briefly then I talk myself out of it.",self.SuicideWatch
Motivation for my shifts disappeared I sleep odd hours leave messages unread and feel heavy without a clear reason,self.depression
"I need to put this somewhere before it only lives in my head. For days around my mates I have had waves of not wanting to be here. They are thoughts, not a plan, and that distinction matters to me. Still, the heaviness makes ordinary life feel unreachable. I have told a friend I am struggling and I am trying to stay with people tonight. I want support more than I want those thoughts to win. Please treat this as distress that needs care pathways, not as something to analyse clinically. I will reach out further if the wave gets worse. On top of that, emotions arrive late or not at all. In the mornings, one stretch I barely sleep and ideas pile up too fast friends notice I flip between wired and wiped. When I try to explain it, I am grateful for small kindnesses and still tense underneath. Some nights, I keep thinking I made everything harder for people around me I replay awkward moments until they feel larger than they were. Meanwhile, I still flinch when their name shows up somewhere random I catch myself writing messages I never send. Meanwhile, I am angry that I have to carry this alone. When I try to explain it, irritation sits under my skin like static. Lately, rooms feel louder when nobody texts back weekends stretch out and I pretend I planned to be alone. On top of that, shame shows up when I cancel plans again I replay awkward moments until they feel larger than they were. When I try to explain it, one stretch I barely sleep and ideas pile up too fast. Some nights, weekends stretch out and I pretend I planned to be alone rooms feel louder when nobody texts back. Some nights, hope shows up briefly then I talk myself out of it I can laugh at a meme and feel hollow five minutes later.",self.SuicideWatch
people ask about my ex and i say im ok then do nothing all evening. like moving through glue. small stuff takes forever,self.depression
"My body treats my room like a threat even when nothing has gone wrong yet. Chest tight, jaw locked, brain running disaster scripts. I check messages repeatedly, then feel embarrassed about checking. Sleep is shallow because I rehearse conversations at 2am. I cancel social things to avoid the spiral, which makes next week worse. This is not a diagnosis request — I want a clear reflection that this is worry and bodily tension piling up, and some gentle next steps. Some nights, I can laugh at a meme and feel hollow five minutes later hope shows up briefly then I talk myself out of it. When I try to explain it, talking to a friend helped more than I expected I finished something small and felt a real spark of pride. In the mornings, music that used to hit does nothing emotions arrive late or not at all. Honestly, I still flinch when their name shows up somewhere random I catch myself writing messages I never send.",self.Anxiety
"My energy around my room runs too fast. For a stretch I sleep little, talk quickly, start too many plans, and feel oddly wired. Friends say I seem restless across the week. I am not asking an app to diagnose anything medical — I want a careful theme read about racing thoughts and restlessness affecting daily life, sleep, and spending. Also, rooms feel louder when nobody texts back. Lately, I am angry that I have to carry this alone. Some nights, shame shows up when I cancel plans again. Meanwhile, shame shows up when I cancel plans again I keep thinking I made everything harder for people around me. Lately, I am angry that I have to carry this alone. Also, I know what I should do next but my body will not start forward motion feels fake even when I force a routine. Meanwhile, I am not fixed but I can see a thinner path forward I finished something small and felt a real spark of pride.",self.Anxiety
i talked about my course then shut down the next stretch Planning and spending feel pointless now Trying to track the low,self.depression
"around messages ive been low for a while. I still show up but interest is gone and I replay mistakes until I shut down. Not looking for a label, just stuck.",self.depression
cant get myself to care about my ex today. just blank.,self.depression
"Energy around this term dropped hard. The crash wipes out what I started. I feel heavy and shut down, not looking for a label.",self.depression
everything with family feels pointless and heavy. sometimes i wonder what the point of next week is. not saying im going to do anything. just exhausted of fighting idk,self.SuicideWatch
feels stupid writing this not a crisis just sick of pretending my shifts is fine. small stuff kept piling up and i snapped at someone. whatever,self.offmychest
"I am trying to describe the crash without claiming a clinical label. Around my course, a drop hits: heavy limbs, flat mood, cancelled plans, and shame about what I started when I had more energy. Tracking sleep and appetite helps a bit. Stress can deepen the low. Mixed days confuse me — restless and empty at once, but the empty part is what I cannot shake. Please reflect the low-mood and energy-down pattern supportively and keep language non-diagnostic; I already know software cannot replace a clinician. When I try to explain it, I miss having someone who just checks in without being asked. In the mornings, I feel parked between who I was and whoever comes next plans sit in notes apps untouched for weeks. On top of that, hope shows up briefly then I talk myself out of it. Some nights, I still flinch when their name shows up somewhere random I keep replaying the last conversation like I can edit it. On top of that, music that used to hit does nothing emotions arrive late or not at all. In the mornings, I am not fixed but I can see a thinner path forward today was lighter than yesterday and that surprised me. Meanwhile, irritation sits under my skin like static I snap over tiny things and then feel worse. Honestly, I go through the motions and feel buffered from myself. In the mornings, I go through the motions and feel buffered from myself. Meanwhile, forward motion feels fake even when I force a routine. Honestly, irritation sits under my skin like static. On top of that, I keep thinking I made everything harder for people around me I replay awkward moments until they feel larger than they were. Lately, music that used to hit does nothing I go through the motions and feel buffered from myself. Lately, I replay awkward moments until they feel larger than they were shame shows up when I cancel plans again. Meanwhile, forward motion feels fake even when I force a routine. Honestly, emotions arrive late or not at all music that used to hit does nothing.",self.depression
maybe its nothing started the flat projects at 2am felt unstoppable wired friends say i flip too quick,self.Anxiety
"Mostly I need to unload about my mates. It is not a crisis and I am not asking for a diagnosis — just space to say I am frustrated, a bit lonely after a messy week, and weirdly relieved after writing this down. There were arguments, awkward silences, and a stretch where I felt happier than I have in months after a good conversation. Emotions are mixed: annoyance, guilt, hope, then back to annoyance. Advice optional; listening preferred. Lately, relief and dread take turns without asking. When I try to explain it, plans sit in notes apps untouched for weeks I feel parked between who I was and whoever comes next. Lately, I keep replaying the last conversation like I can edit it. Some nights, I am not fixed but I can see a thinner path forward talking to a friend helped more than I expected. Some nights, I snap over tiny things and then feel worse.",self.offmychest
Energy around my mates will not sit still. Elevated spells feel risky; I talk too fast and try to track the restlessness.,self.Anxiety
idk started uni projects at 2am felt unstoppable wired. friends say i flip too quick,self.Anxiety
unloading about the flat. pride stopped me telling mates. tomorrow ill try again tonight im moaning,self.offmychest
"Mostly I need to unload about the relationship. It is not a crisis and I am not asking for a diagnosis — just space to say I am frustrated, a bit lonely after a messy week, and weirdly relieved after writing this down. There were arguments, awkward silences, and a stretch where I felt happier than I have in months after a good conversation. Emotions are mixed: annoyance, guilt, hope, then back to annoyance. Advice optional; listening preferred. Lately, I am angry that I have to carry this alone irritation sits under my skin like static. Honestly, I am not fixed but I can see a thinner path forward. When I try to explain it, I go through the motions and feel buffered from myself. Some nights, I know what I should do next but my body will not start. Lately, I miss having someone who just checks in without being asked weekends stretch out and I pretend I planned to be alone.",self.offmychest
"I need to put this somewhere before it only lives in my head. For days around this term I have had waves of not wanting to be here. They are thoughts, not a plan, and that distinction matters to me. Still, the heaviness makes ordinary life feel unreachable. I have told a friend I am struggling and I am trying to stay with people tonight. I want support more than I want those thoughts to win. Please treat this as distress that needs care pathways, not as something to analyse clinically. I will reach out further if the wave gets worse. Meanwhile, music that used to hit does nothing. On top of that, some days I miss the person, some days I miss who I was with them I keep replaying the last conversation like I can edit it. Also, shame shows up when I cancel plans again. When I try to explain it, I feel parked between who I was and whoever comes next. In the mornings, I replay awkward moments until they feel larger than they were shame shows up when I cancel plans again. When I try to explain it, I scroll through chats and put my phone down again weekends stretch out and I pretend I planned to be alone. Honestly, emotions arrive late or not at all. Meanwhile, I snap over tiny things and then feel worse irritation sits under my skin like static. On top of that, I miss having someone who just checks in without being asked weekends stretch out and I pretend I planned to be alone. Some nights, then a crash hits and answering a text feels huge one stretch I barely sleep and ideas pile up too fast. Also, then a crash hits and answering a text feels huge one stretch I barely sleep and ideas pile up too fast.",self.SuicideWatch
had to say this somewhere: my course was messy and im annoyed.,self.offmychest
"Hopelessness around my room has been intense. I have thoughts about not wanting to continue, then they pass. I am trying to stay safe and talk to someone.",self.SuicideWatch
wish i could disappear quietly. deadlines piled up and i feel like a burden.,self.SuicideWatch
irritable then suddenly on a high about sleep. sleep appetite focus all over the place idk,self.Anxiety
sleep vanished while dealing with work. mood followed the restlessness. whatever,self.Anxiety
some days work im wired and sharp. could be stress could be more. idk lol,self.Anxiety
cant get myself to care about the flat today. just blank. ...,self.depression
I feel trapped by family. Ideation comes in waves. Writing this so it is not only in my head. I want help more than I want to act on those thoughts. yeah,self.SuicideWatch
cant get myself to care about the flat today. just blank.,self.depression
This is more of a vent than anything else: sleep went sideways and I keep replaying the awkward parts Advice optional,self.offmychest
anyway not a crisis just sick of pretending the flat is fine. small stuff kept piling up and i snapped at someone. whatever,self.offmychest
I feel trapped by the library. Ideation comes in waves. Writing this so it is not only in my head. I want help more than I want to act on those thoughts.,self.SuicideWatch
"I keep writing and deleting this because talking about low mood around work still feels dramatic even when it has lasted months. Mornings are the worst: I wake already tired, scroll without absorbing anything, and bargain with myself to shower. Showers help for twenty minutes. Then the flatness returns. I cancel plans, leave laundry in bags, and tell people I am busy when I am actually staring at a wall. Concentration for coursework or shifts is thin; I reread the same paragraph. There is guilt about being distant, then numbness that makes the guilt feel far away. Some evenings I cry without a clear story; other evenings I feel nothing and that scares me more. I am not looking for a clinical label from an app — I want a careful read of how heavy this has been and whether support options might help while I try to rebuild a bit of routine. Meanwhile, talking to a friend helped more than I expected. On top of that, I am grateful for small kindnesses and still tense underneath relief and dread take turns without asking. Meanwhile, I am grateful for small kindnesses and still tense underneath. In the mornings, hope shows up briefly then I talk myself out of it relief and dread take turns without asking. In the mornings, talking to a friend helped more than I expected. In the mornings, I keep thinking I made everything harder for people around me. Some nights, hope shows up briefly then I talk myself out of it. In the mornings, I am angry that I have to carry this alone. Some nights, I go through the motions and feel buffered from myself emotions arrive late or not at all. Meanwhile, music that used to hit does nothing. Some nights, I finished something small and felt a real spark of pride. Also, I still flinch when their name shows up somewhere random. Some nights, I keep thinking I made everything harder for people around me. When I try to explain it, then a crash hits and answering a text feels huge appetite focus and spending change with the swings.",self.depression
"Mostly I need to unload about my shifts. It is not a crisis and I am not asking for a diagnosis — just space to say I am frustrated, a bit lonely after a messy week, and weirdly relieved after writing this down. There were arguments, awkward silences, and a stretch where I felt happier than I have in months after a good conversation. Emotions are mixed: annoyance, guilt, hope, then back to annoyance. Advice optional; listening preferred. In the mornings, I am grateful for small kindnesses and still tense underneath hope shows up briefly then I talk myself out of it. On top of that, I feel parked between who I was and whoever comes next. Some nights, shame shows up when I cancel plans again I replay awkward moments until they feel larger than they were. Meanwhile, hope shows up briefly then I talk myself out of it I am grateful for small kindnesses and still tense underneath.",self.offmychest
"Tonight the hopelessness around my course is loud. I am not making a plan and I do not want to describe anything graphic — I just keep having thoughts about not wanting to continue, then they ebb. I am staying somewhere safe and telling myself to get through the next hour. Writing this is me choosing help over silence. If it worsens I will contact a support line. Some nights, appetite focus and spending change with the swings. In the mornings, I go through the motions and feel buffered from myself emotions arrive late or not at all. In the mornings, irritation sits under my skin like static I snap over tiny things and then feel worse. In the mornings, I replay awkward moments until they feel larger than they were I keep thinking I made everything harder for people around me.",self.SuicideWatch
this is more of a vent than anything else: the relationship went sideways and I keep replaying the awkward parts. Advice optional.,self.offmychest
everything with home feels pointless and heavy sometimes i wonder what the point of next week is not saying im going to do anything just exhausted of fighting,self.SuicideWatch
i feel trapped by the weekend Ideation comes in waves Writing this so it is not only in my head I want help more than I want to act on those thoughts,self.SuicideWatch
"My energy around the flat runs too fast. For a stretch I sleep little, talk quickly, start too many plans, and feel oddly wired. Friends say I seem restless across the week. I am not asking an app to diagnose anything medical — I want a careful theme read about racing thoughts and restlessness affecting daily life, sleep, and spending. Meanwhile, I go through the motions and feel buffered from myself music that used to hit does nothing. Lately, appetite focus and spending change with the swings. Meanwhile, I go through the motions and feel buffered from myself. Some nights, I am angry that I have to carry this alone I snap over tiny things and then feel worse. Lately, I snap over tiny things and then feel worse irritation sits under my skin like static. Lately, appetite focus and spending change with the swings then a crash hits and answering a text feels huge.",self.Anxiety
then nothing after my course. sleep appetite focus all crashed. sitting there empty,self.depression
stressed about my course but also just... numb? worry comes then fades into nothing. hard to tell if im overthinking or just done,self.depression
the flat stressed me out and now i feel weirdly empty after venting to no one probably fine idk,self.offmychest
anyway started deadlines projects then i cant answer a text. friends notice im down and slow,self.depression
sleep returned with a crash while dealing with work. mood followed it down. anyway,self.depression
"Mostly I need to unload about work. It is not a crisis and I am not asking for a diagnosis — just space to say I am frustrated, a bit lonely after a messy week, and weirdly relieved after writing this down. There were arguments, awkward silences, and a stretch where I felt happier than I have in months after a good conversation. Emotions are mixed: annoyance, guilt, hope, then back to annoyance. Advice optional; listening preferred. Lately, emotions arrive late or not at all. When I try to explain it, I go through the motions and feel buffered from myself. Lately, I am not fixed but I can see a thinner path forward. When I try to explain it, rooms feel louder when nobody texts back. In the mornings, music that used to hit does nothing I go through the motions and feel buffered from myself. Honestly, I am not fixed but I can see a thinner path forward.",self.offmychest
messages stressed me out and now i feel weirdly empty after venting to no one. probably fine. maybe its nothing,self.offmychest
"Mostly I need to unload about my shifts. It is not a crisis and I am not asking for a diagnosis — just space to say I am frustrated, a bit lonely after a messy week, and weirdly relieved after writing this down. There were arguments, awkward silences, and a stretch where I felt happier than I have in months after a good conversation. Emotions are mixed: annoyance, guilt, hope, then back to annoyance. Advice optional; listening preferred. When I try to explain it, I can laugh at a meme and feel hollow five minutes later. In the mornings, today was lighter than yesterday and that surprised me. In the mornings, appetite focus and spending change with the swings one stretch I barely sleep and ideas pile up too fast. When I try to explain it, I am angry that I have to carry this alone I snap over tiny things and then feel worse.",self.offmychest
"motivation for my mates disappeared. I sleep odd hours, leave messages unread, and feel heavy without a clear reason. ...",self.depression
sleep returned with a crash while dealing with my mates mood followed it down i keep typing then deleting,self.depression
if i vanished would money even notice that thought scares me a bit trying not to spiral alone,self.SuicideWatch
tbh started my course projects then i cant answer a text. friends notice im down and slow lol,self.depression
tired of family and a bit low about it but mostly just annoyed and overthinking conversations. needed somewhere to dump it,self.offmychest
"I need to put this somewhere before it only lives in my head. For days around my course I have had waves of not wanting to be here. They are thoughts, not a plan, and that distinction matters to me. Still, the heaviness makes ordinary life feel unreachable. I have told a friend I am struggling and I am trying to stay with people tonight. I want support more than I want those thoughts to win. Please treat this as distress that needs care pathways, not as something to analyse clinically. I will reach out further if the wave gets worse. Meanwhile, some days I miss the person, some days I miss who I was with them. Honestly, I replay awkward moments until they feel larger than they were. Also, I know what I should do next but my body will not start forward motion feels fake even when I force a routine. In the mornings, emotions arrive late or not at all. Also, shame shows up when I cancel plans again I keep thinking I made everything harder for people around me. When I try to explain it, I scroll through chats and put my phone down again. When I try to explain it, rooms feel louder when nobody texts back I scroll through chats and put my phone down again. On top of that, forward motion feels fake even when I force a routine I feel parked between who I was and whoever comes next. In the mornings, I still flinch when their name shows up somewhere random some days I miss the person, some days I miss who I was with them. When I try to explain it, irritation sits under my skin like static. Meanwhile, I scroll through chats and put my phone down again. Also, I miss having someone who just checks in without being asked.",self.SuicideWatch
"Tonight the hopelessness around sleep is loud. I am not making a plan and I do not want to describe anything graphic — I just keep having thoughts about not wanting to continue, then they ebb. I am staying somewhere safe and telling myself to get through the next hour. Writing this is me choosing help over silence. If it worsens I will contact a support line. On top of that, forward motion feels fake even when I force a routine plans sit in notes apps untouched for weeks. Honestly, weekends stretch out and I pretend I planned to be alone I scroll through chats and put my phone down again. Some nights, irritation sits under my skin like static I snap over tiny things and then feel worse. Meanwhile, I am not fixed but I can see a thinner path forward.",self.SuicideWatch
unloading about group chat pride stopped me telling mates tomorrow ill try again tonight im moaning,self.offmychest
just need to vent about money. annoying week nothing deep.,self.offmychest
I feel trapped by this term Ideation comes in waves Writing this so it is not only in my head I want help more than I want to act on those thoughts,self.SuicideWatch
"For the last few weeks around family I have felt hollow more than tearful. I get up, do the minimum, and then sit with that heavy quiet that makes ordinary tasks feel pointless. Friends still invite me; I say maybe and then do not go. Food tastes like cardboard some days. I am not trying to diagnose myself — I just want language for this flatness and the way interest keeps slipping away. Sleep is weird: either too much or broken. I keep hoping tomorrow will feel different and it mostly does not. When I try to explain it, I keep replaying the last conversation like I can edit it some days I miss the person, some days I miss who I was with them. Some nights, I go through the motions and feel buffered from myself emotions arrive late or not at all. Lately, I scroll through chats and put my phone down again.",self.depression
energy around the weekend will not sit still. Elevated spells feel risky; I talk too fast and try to track the restlessness.,self.Anxiety
part of me wants the noise to stop no plan just messages and this hollow feeling might message a support line if it gets worse,self.SuicideWatch
"I need to put this somewhere before it only lives in my head. For days around my shifts I have had waves of not wanting to be here. They are thoughts, not a plan, and that distinction matters to me. Still, the heaviness makes ordinary life feel unreachable. I have told a friend I am struggling and I am trying to stay with people tonight. I want support more than I want those thoughts to win. Please treat this as distress that needs care pathways, not as something to analyse clinically. I will reach out further if the wave gets worse. Meanwhile, I scroll through chats and put my phone down again. Meanwhile, I snap over tiny things and then feel worse I am angry that I have to carry this alone. Also, I can laugh at a meme and feel hollow five minutes later I am grateful for small kindnesses and still tense underneath. Also, today was lighter than yesterday and that surprised me. In the mornings, talking to a friend helped more than I expected. On top of that, I replay awkward moments until they feel larger than they were I keep thinking I made everything harder for people around me. In the mornings, music that used to hit does nothing. Meanwhile, forward motion feels fake even when I force a routine I feel parked between who I was and whoever comes next. Honestly, appetite focus and spending change with the swings. Meanwhile, I am not fixed but I can see a thinner path forward today was lighter than yesterday and that surprised me. Lately, today was lighter than yesterday and that surprised me I finished something small and felt a real spark of pride. Honestly, I can laugh at a meme and feel hollow five minutes later.",self.SuicideWatch
"My body treats my shifts like a threat even when nothing has gone wrong yet. Chest tight, jaw locked, brain running disaster scripts. I check messages repeatedly, then feel embarrassed about checking. Sleep is shallow because I rehearse conversations at 2am. I cancel social things to avoid the spiral, which makes next week worse. This is not a diagnosis request — I want a clear reflection that this is worry and bodily tension piling up, and some gentle next steps. Also, forward motion feels fake even when I force a routine. When I try to explain it, I go through the motions and feel buffered from myself music that used to hit does nothing. Some nights, I scroll through chats and put my phone down again. In the mornings, I finished something small and felt a real spark of pride. Also, forward motion feels fake even when I force a routine.",self.Anxiety
people ask about uni and i say im ok then do nothing all evening. like moving through glue. small stuff takes forever,self.depression
had to say this somewhere: the library was messy and im annoyed idk,self.offmychest
"For the last few weeks around sleep I have felt hollow more than tearful. I get up, do the minimum, and then sit with that heavy quiet that makes ordinary tasks feel pointless. Friends still invite me; I say maybe and then do not go. Food tastes like cardboard some days. I am not trying to diagnose myself — I just want language for this flatness and the way interest keeps slipping away. Sleep is weird: either too much or broken. I keep hoping tomorrow will feel different and it mostly does not. Some nights, I keep thinking I made everything harder for people around me. Lately, I am not fixed but I can see a thinner path forward. Honestly, I snap over tiny things and then feel worse I am angry that I have to carry this alone. Lately, forward motion feels fake even when I force a routine I feel parked between who I was and whoever comes next.",self.depression
uni has me drained. chest feels tight some nights then i feel nothing next morning. not sure how to say this yeah,self.depression
part of me wants the noise to stop. no plan. just my ex and this hollow feeling. might message a support line if it gets worse,self.SuicideWatch
I feel trapped by the flat Ideation comes in waves Writing this so it is not only in my head I want help more than I want to act on those thoughts,self.SuicideWatch
"Tonight the hopelessness around my shifts is loud. I am not making a plan and I do not want to describe anything graphic — I just keep having thoughts about not wanting to continue, then they ebb. I am staying somewhere safe and telling myself to get through the next hour. Writing this is me choosing help over silence. If it worsens I will contact a support line. On top of that, I can laugh at a meme and feel hollow five minutes later. Honestly, I go through the motions and feel buffered from myself. Lately, I know what I should do next but my body will not start plans sit in notes apps untouched for weeks. Meanwhile, relief and dread take turns without asking. In the mornings, I still flinch when their name shows up somewhere random I catch myself writing messages I never send.",self.SuicideWatch
"Mostly I need to unload about the library. It is not a crisis and I am not asking for a diagnosis — just space to say I am frustrated, a bit lonely after a messy week, and weirdly relieved after writing this down. There were arguments, awkward silences, and a stretch where I felt happier than I have in months after a good conversation. Emotions are mixed: annoyance, guilt, hope, then back to annoyance. Advice optional; listening preferred. In the mornings, I replay awkward moments until they feel larger than they were. In the mornings, one stretch I barely sleep and ideas pile up too fast appetite focus and spending change with the swings. Lately, I know what I should do next but my body will not start. Also, hope shows up briefly then I talk myself out of it I can laugh at a meme and feel hollow five minutes later.",self.offmychest
everything with this term feels pointless and heavy. sometimes i wonder what the point of next week is. not saying im going to do anything. just exhausted of fighting yeah,self.SuicideWatch
"Mostly I need to unload about sleep. It is not a crisis and I am not asking for a diagnosis — just space to say I am frustrated, a bit lonely after a messy week, and weirdly relieved after writing this down. There were arguments, awkward silences, and a stretch where I felt happier than I have in months after a good conversation. Emotions are mixed: annoyance, guilt, hope, then back to annoyance. Advice optional; listening preferred. Honestly, talking to a friend helped more than I expected. Some nights, I still flinch when their name shows up somewhere random. Some nights, I replay awkward moments until they feel larger than they were I keep thinking I made everything harder for people around me. When I try to explain it, I replay awkward moments until they feel larger than they were. On top of that, I replay awkward moments until they feel larger than they were I keep thinking I made everything harder for people around me.",self.offmychest
stressed about the library but also just... numb? worry comes then fades into nothing. hard to tell if im overthinking or just done,self.depression
"energy around my shifts dropped hard. The crash wipes out what I started. I feel heavy and shut down, not looking for a label.",self.depression
if i vanished would commute even notice that thought scares me a bit trying not to spiral alone,self.SuicideWatch
i talked about family then shut down the next stretch Planning and spending feel pointless now Trying to track the low yeah,self.depression
wish i could disappear quietly the library piled up and i feel like a burden,self.SuicideWatch
sleep has me drained. chest feels tight some nights then i feel nothing next morning. i keep typing then deleting lol,self.depression
"My energy around uni dropped after a stretch of doing too much. Now the crash is here and I can barely reply to a message. Heavy limbs, flat mood, cancelled plans, and shame about what I started. I am not asking an app to diagnose anything medical — I want a careful theme read about low mood and energy-down days affecting daily life, sleep, and follow-through. When I try to explain it, some days I miss the person, some days I miss who I was with them I keep replaying the last conversation like I can edit it. Lately, I am angry that I have to carry this alone. Meanwhile, I am grateful for small kindnesses and still tense underneath. On top of that, I still flinch when their name shows up somewhere random I keep replaying the last conversation like I can edit it. When I try to explain it, rooms feel louder when nobody texts back I scroll through chats and put my phone down again.",self.depression
ideas for work come too fast. racing and restless all week.,self.Anxiety
deadlines stressed me out and now i feel weirdly empty after venting to no one. probably fine. anyway,self.offmychest
had to say this somewhere: the weekend was messy and im annoyed.,self.offmychest
I feel guilty admitting how frustrated family made me. Writing it here releases the pressure without a big confrontation.,self.offmychest
wish i could disappear quietly money piled up and i feel like a burden,self.SuicideWatch
idk not a crisis just sick of pretending the flat is fine. small stuff kept piling up and i snapped at someone. whatever,self.offmychest
"My body treats messages like a threat even when nothing has gone wrong yet. Chest tight, jaw locked, brain running disaster scripts. I check messages repeatedly, then feel embarrassed about checking. Sleep is shallow because I rehearse conversations at 2am. I cancel social things to avoid the spiral, which makes next week worse. This is not a diagnosis request — I want a clear reflection that this is worry and bodily tension piling up, and some gentle next steps. Meanwhile, shame shows up when I cancel plans again. In the mornings, I feel parked between who I was and whoever comes next. In the mornings, I miss having someone who just checks in without being asked I scroll through chats and put my phone down again. Also, I am grateful for small kindnesses and still tense underneath relief and dread take turns without asking. Honestly, I finished something small and felt a real spark of pride.",self.Anxiety
i feel guilty admitting how frustrated my room made me Writing it here releases the pressure without a big confrontation yeah,self.offmychest
"Tonight the hopelessness around uni is loud. I am not making a plan and I do not want to describe anything graphic — I just keep having thoughts about not wanting to continue, then they ebb. I am staying somewhere safe and telling myself to get through the next hour. Writing this is me choosing help over silence. If it worsens I will contact a support line. Honestly, I replay awkward moments until they feel larger than they were I keep thinking I made everything harder for people around me. Lately, I finished something small and felt a real spark of pride. In the mornings, talking to a friend helped more than I expected today was lighter than yesterday and that surprised me. Lately, shame shows up when I cancel plans again I keep thinking I made everything harder for people around me.",self.SuicideWatch
worried sick about my shifts and also weirdly flat after the panic fades. am i anxious or just burnt out,self.Anxiety
stressed about commute but also just... numb? worry comes then fades into nothing. hard to tell if im overthinking or just done,self.depression
group chat has me drained chest feels tight some nights then i feel nothing next morning i keep typing then deleting,self.depression
"I need to put this somewhere before it only lives in my head. For days around this term I have had waves of not wanting to be here. They are thoughts, not a plan, and that distinction matters to me. Still, the heaviness makes ordinary life feel unreachable. I have told a friend I am struggling and I am trying to stay with people tonight. I want support more than I want those thoughts to win. Please treat this as distress that needs care pathways, not as something to analyse clinically. I will reach out further if the wave gets worse. Meanwhile, I am grateful for small kindnesses and still tense underneath. When I try to explain it, rooms feel louder when nobody texts back weekends stretch out and I pretend I planned to be alone. Meanwhile, I catch myself writing messages I never send I still flinch when their name shows up somewhere random. Meanwhile, I am angry that I have to carry this alone. Honestly, I keep replaying the last conversation like I can edit it I still flinch when their name shows up somewhere random. Honestly, today was lighter than yesterday and that surprised me. Meanwhile, I am grateful for small kindnesses and still tense underneath I can laugh at a meme and feel hollow five minutes later. Also, friends notice I flip between wired and wiped. On top of that, shame shows up when I cancel plans again I replay awkward moments until they feel larger than they were. Some nights, rooms feel louder when nobody texts back. Lately, relief and dread take turns without asking. Lately, I scroll through chats and put my phone down again. Honestly, I am grateful for small kindnesses and still tense underneath. On top of that, I scroll through chats and put my phone down again weekends stretch out and I pretend I planned to be alone.",self.SuicideWatch
just need to vent about my course annoying week nothing deep,self.offmychest
keep thinking my course would be easier if i wasnt around not planning anything just tired of existing tonight idk,self.SuicideWatch
stressed about deadlines but also just... numb? worry comes then fades into nothing. hard to tell if im overthinking or just done,self.depression
"Tonight the hopelessness around messages is loud. I am not making a plan and I do not want to describe anything graphic — I just keep having thoughts about not wanting to continue, then they ebb. I am staying somewhere safe and telling myself to get through the next hour. Writing this is me choosing help over silence. If it worsens I will contact a support line. On top of that, I snap over tiny things and then feel worse I am angry that I have to carry this alone. Some nights, hope shows up briefly then I talk myself out of it I am grateful for small kindnesses and still tense underneath. Also, hope shows up briefly then I talk myself out of it I am grateful for small kindnesses and still tense underneath. Lately, shame shows up when I cancel plans again I replay awkward moments until they feel larger than they were.",self.SuicideWatch
if i vanished would home even notice. that thought scares me a bit. trying not to spiral alone lol,self.SuicideWatch
ideas for work came then i cant move. wiped out all week.,self.depression
if i vanished would deadlines even notice that thought scares me a bit trying not to spiral alone,self.SuicideWatch
anyway the library is fine on paper but i cancel everything and sit there. food is meh friends feel far. not dramatic just flat for days ...,self.depression
i feel trapped by my mates Ideation comes in waves Writing this so it is not only in my head I want help more than I want to act on those thoughts,self.SuicideWatch
ideas for uni came then i cant move. wiped out all week.,self.depression
feels stupid writing this not a crisis just sick of pretending the weekend is fine. small stuff kept piling up and i snapped at someone. whatever,self.offmychest
"I keep writing and deleting this because talking about low mood around the weekend still feels dramatic even when it has lasted months. Mornings are the worst: I wake already tired, scroll without absorbing anything, and bargain with myself to shower. Showers help for twenty minutes. Then the flatness returns. I cancel plans, leave laundry in bags, and tell people I am busy when I am actually staring at a wall. Concentration for coursework or shifts is thin; I reread the same paragraph. There is guilt about being distant, then numbness that makes the guilt feel far away. Some evenings I cry without a clear story; other evenings I feel nothing and that scares me more. I am not looking for a clinical label from an app — I want a careful read of how heavy this has been and whether support options might help while I try to rebuild a bit of routine. Meanwhile, I am angry that I have to carry this alone. Meanwhile, I go through the motions and feel buffered from myself. Meanwhile, I am grateful for small kindnesses and still tense underneath I can laugh at a meme and feel hollow five minutes later. Lately, I snap over tiny things and then feel worse irritation sits under my skin like static. Some nights, I am grateful for small kindnesses and still tense underneath. When I try to explain it, I still flinch when their name shows up somewhere random. Honestly, music that used to hit does nothing I go through the motions and feel buffered from myself. Meanwhile, I replay awkward moments until they feel larger than they were shame shows up when I cancel plans again. Honestly, music that used to hit does nothing. Also, some days I miss the person, some days I miss who I was with them. In the mornings, I snap over tiny things and then feel worse I am angry that I have to carry this alone. Meanwhile, plans sit in notes apps untouched for weeks I feel parked between who I was and whoever comes next. Honestly, friends notice I flip between wired and wiped.",self.depression
"Tonight the hopelessness around my ex is loud. I am not making a plan and I do not want to describe anything graphic — I just keep having thoughts about not wanting to continue, then they ebb. I am staying somewhere safe and telling myself to get through the next hour. Writing this is me choosing help over silence. If it worsens I will contact a support line. When I try to explain it, I miss having someone who just checks in without being asked rooms feel louder when nobody texts back. Some nights, I miss having someone who just checks in without being asked I scroll through chats and put my phone down again. Also, I catch myself writing messages I never send I keep replaying the last conversation like I can edit it. When I try to explain it, I am grateful for small kindnesses and still tense underneath.",self.SuicideWatch
tbh the library is fine on paper but i cancel everything and sit there. food is meh friends feel far. not dramatic just flat for days ...,self.depression
"My energy around family runs too fast. For a stretch I sleep little, talk quickly, start too many plans, and feel oddly wired. Friends say I seem restless across the week. I am not asking an app to diagnose anything medical — I want a careful theme read about racing thoughts and restlessness affecting daily life, sleep, and spending. Honestly, I go through the motions and feel buffered from myself. Meanwhile, then a crash hits and answering a text feels huge appetite focus and spending change with the swings. Some nights, I replay awkward moments until they feel larger than they were I keep thinking I made everything harder for people around me. On top of that, today was lighter than yesterday and that surprised me talking to a friend helped more than I expected. On top of that, one stretch I barely sleep and ideas pile up too fast then a crash hits and answering a text feels huge.",self.Anxiety
"I need to put this somewhere before it only lives in my head. For days around my course I have had waves of not wanting to be here. They are thoughts, not a plan, and that distinction matters to me. Still, the heaviness makes ordinary life feel unreachable. I have told a friend I am struggling and I am trying to stay with people tonight. I want support more than I want those thoughts to win. Please treat this as distress that needs care pathways, not as something to analyse clinically. I will reach out further if the wave gets worse. Some nights, then a crash hits and answering a text feels huge appetite focus and spending change with the swings. In the mornings, I feel parked between who I was and whoever comes next. On top of that, I replay awkward moments until they feel larger than they were. Honestly, I catch myself writing messages I never send. On top of that, hope shows up briefly then I talk myself out of it. On top of that, shame shows up when I cancel plans again. Honestly, hope shows up briefly then I talk myself out of it I can laugh at a meme and feel hollow five minutes later. On top of that, I keep replaying the last conversation like I can edit it. Honestly, forward motion feels fake even when I force a routine. Meanwhile, I snap over tiny things and then feel worse irritation sits under my skin like static. When I try to explain it, I keep thinking I made everything harder for people around me shame shows up when I cancel plans again. Meanwhile, one stretch I barely sleep and ideas pile up too fast appetite focus and spending change with the swings. Lately, I am not fixed but I can see a thinner path forward I finished something small and felt a real spark of pride.",self.SuicideWatch
stressed about work but also just... numb? worry comes then fades into nothing. hard to tell if im overthinking or just done,self.depression
anyway the weekend is fine on paper but i cancel everything and sit there. food is meh friends feel far. not dramatic just flat for days,self.depression
